### gate=gauntlet cmd=task gauntlet start=2026-09-22T13:48:29-05:00 load=18.08 26.05 46.80
task: [gauntlet] bash scripts/gate-wrapper.sh gauntlet task gauntlet-governed
task: Task "rust-rt:build" is up to date
task: Task "rust-fe:build" is up to date
task: Task "ts:install" is up to date
task: Task "ts:build" is up to date
task: Task "go:build" is up to date
task: Task "workspace-build" is up to date
task: [gauntlet-governed] bash demo/gauntlet.sh --auto --delay 0
waiting for shared demo cache lock: /home/ketan/.cache/shatter-demo/demo.lock
Cloning clean examples checkout...

Shatter Gauntlet
Exercising shatter's pipeline against 5 TS + 4 Go + 4 Rust example functions
HTML reports will be written to: /tmp/shatter-gauntlet.hiIR2x/
Using clean examples checkout: /tmp/shatter-examples.e644oibi

━━━━━━━━━━━━━━━━━━━━━━━━━━━━━━━━━━━━━━━━━━━━━━━━━━
  Step 1/60 · Initialize Project
  Create .shatter/ directory structure with sensible defaults
━━━━━━━━━━━━━━━━━━━━━━━━━━━━━━━━━━━━━━━━━━━━━━━━━━

$ /home/ketan/.local/share/worktrees/shatter/audit-2026-09-22/target/debug/shatter init

Project already initialized at /home/ketan/.local/share/worktrees/shatter/audit-2026-09-22/.shatter
  /home/ketan/.local/share/worktrees/shatter/audit-2026-09-22/.shatter/config.yaml

  Wall time: 0.30s



━━━━━━━━━━━━━━━━━━━━━━━━━━━━━━━━━━━━━━━━━━━━━━━━━━
  Step 2/60 · Analyze Target Functions
  Discover parameters, types, and branch conditions
━━━━━━━━━━━━━━━━━━━━━━━━━━━━━━━━━━━━━━━━━━━━━━━━━━

$ /home/ketan/.local/share/worktrees/shatter/audit-2026-09-22/target/debug/shatter explore --analyze-only /tmp/shatter-examples.e644oibi/standalone/ts/01-arithmetic.ts:classifyNumber /tmp/shatter-examples.e644oibi/standalone/ts/02-strings.ts:classifyString /tmp/shatter-examples.e644oibi/standalone/ts/03-objects.ts:categorizeUser /tmp/shatter-examples.e644oibi/standalone/ts/04-errors.ts:safeDivide /tmp/shatter-examples.e644oibi/standalone/ts/18-accept-language.ts:negotiateLanguage

[info] Spawned 1 frontend session(s) for 5 target(s) (16 parallel worker(s))
classifyNumber  (/tmp/shatter-examples.e644oibi/standalone/ts/01-arithmetic.ts:10)
  params: 1, branches: 3
classifyString  (/tmp/shatter-examples.e644oibi/standalone/ts/02-strings.ts:12)
  params: 1, branches: 5
categorizeUser  (/tmp/shatter-examples.e644oibi/standalone/ts/03-objects.ts:19)
  params: 1, branches: 5
safeDivide  (/tmp/shatter-examples.e644oibi/standalone/ts/04-errors.ts:10)
  params: 2, branches: 3
negotiateLanguage  (/tmp/shatter-examples.e644oibi/standalone/ts/18-accept-language.ts:95)
  params: 2, branches: 12

  Wall time: 0.91s



━━━━━━━━━━━━━━━━━━━━━━━━━━━━━━━━━━━━━━━━━━━━━━━━━━
  Step 3/60 · Analyze with Scope Config
  Load a scope config to control mocking and file inclusion
━━━━━━━━━━━━━━━━━━━━━━━━━━━━━━━━━━━━━━━━━━━━━━━━━━

$ /home/ketan/.local/share/worktrees/shatter/audit-2026-09-22/target/debug/shatter explore --analyze-only --scope shatter.scope.yaml.example /tmp/shatter-examples.e644oibi/standalone/ts/01-arithmetic.ts:classifyNumber /tmp/shatter-examples.e644oibi/standalone/ts/02-strings.ts:classifyString /tmp/shatter-examples.e644oibi/standalone/ts/03-objects.ts:categorizeUser /tmp/shatter-examples.e644oibi/standalone/ts/04-errors.ts:safeDivide /tmp/shatter-examples.e644oibi/standalone/ts/18-accept-language.ts:negotiateLanguage

[info] Loaded scope config from shatter.scope.yaml.example
[info] Spawned 1 frontend session(s) for 5 target(s) (16 parallel worker(s))
classifyNumber  (/tmp/shatter-examples.e644oibi/standalone/ts/01-arithmetic.ts:10)
  params: 1, branches: 3
classifyString  (/tmp/shatter-examples.e644oibi/standalone/ts/02-strings.ts:12)
  params: 1, branches: 5
categorizeUser  (/tmp/shatter-examples.e644oibi/standalone/ts/03-objects.ts:19)
  params: 1, branches: 5
safeDivide  (/tmp/shatter-examples.e644oibi/standalone/ts/04-errors.ts:10)
  params: 2, branches: 3
negotiateLanguage  (/tmp/shatter-examples.e644oibi/standalone/ts/18-accept-language.ts:95)
  params: 2, branches: 12

  Wall time: 0.93s



━━━━━━━━━━━━━━━━━━━━━━━━━━━━━━━━━━━━━━━━━━━━━━━━━━
  Step 4/60 · Generate & Execute Inputs
  Concolic execution: generate inputs to cover all branches
━━━━━━━━━━━━━━━━━━━━━━━━━━━━━━━━━━━━━━━━━━━━━━━━━━

$ /home/ketan/.local/share/worktrees/shatter/audit-2026-09-22/target/debug/shatter explore --max-iterations 20 --timeout-explore 15 -o /tmp/shatter-gauntlet.hiIR2x/explore.html --stdout /tmp/shatter-examples.e644oibi/standalone/ts/01-arithmetic.ts:classifyNumber /tmp/shatter-examples.e644oibi/standalone/ts/02-strings.ts:classifyString /tmp/shatter-examples.e644oibi/standalone/ts/03-objects.ts:categorizeUser /tmp/shatter-examples.e644oibi/standalone/ts/04-errors.ts:safeDivide /tmp/shatter-examples.e644oibi/standalone/ts/18-accept-language.ts:negotiateLanguage

[info] Spawned 1 frontend session(s) for 5 target(s) (16 parallel worker(s))
# Shatter Explore

[progress] starting 1/5: classifyNumber
[progress] starting 2/5: classifyString
[progress] starting 3/5: categorizeUser
[progress] starting 4/5: safeDivide
[progress] starting 5/5: negotiateLanguage
[progress] completed 1/5: safeDivide (1.5s)
[batch 1/5] safeDivide: 20 iters, 2 paths, 3/3 branches, 1.6s (ok) | active: 4 (classifyNumber, negotiateLanguage, classifyString +1 more)
[progress] completed 2/5: negotiateLanguage (1.7s)
[progress] completed 3/5: classifyNumber (1.7s)
[batch 2/5] negotiateLanguage: 20 iters, 3 paths, 2/12 branches, 1.7s (ok) | active: 3 (classifyNumber, classifyString, categorizeUser)
[batch 3/5] classifyNumber: 20 iters, 4 paths, 3/3 branches, 1.7s (ok) | active: 2 (classifyString, categorizeUser)
[progress] completed 4/5: categorizeUser (1.8s)
[batch 4/5] categorizeUser: 20 iters, 3 paths, 3/5 branches, 1.9s (ok) | active: 1 (classifyString)
[progress] completed 5/5: classifyString (2.0s)
[batch 5/5] classifyString: 20 iters, 4 paths, 5/5 branches, 2.0s (ok)
[info] Wrote explore artifact for classifyNumber -> /tmp/shatter-demo-artifacts.lLIgEc/explore-results/tmp_shatter-examples.e644oibi_standalone_ts_01-arithmetic.ts/00010_classifyNumber.json
## `classifyNumber` *(/tmp/shatter-examples.e644oibi/standalone/ts/01-arithmetic.ts:10-21)*

**4 path(s)** · **100%** coverage (7/7 lines)

| # | Call | Outcome |
|---|---|---|
| 1 | `classifyNumber(0)` | returns `"zero"` |
| 2 | `classifyNumber(-1)` | returns `"negative"` |
| 3 | `classifyNumber(2)` | returns `"positive-even"` |
| 4 | `classifyNumber(1)` | returns `"positive-odd"` |

[info] Wrote explore artifact for classifyString -> /tmp/shatter-demo-artifacts.lLIgEc/explore-results/tmp_shatter-examples.e644oibi_standalone_ts_02-strings.ts/00012_classifyString.json
## `classifyString` *(/tmp/shatter-examples.e644oibi/standalone/ts/02-strings.ts:12-29)*

**4 path(s)** · **82%** coverage (9/11 lines)

| # | Call | Outcome |
|---|---|---|
| 1 | `classifyString("length")` | returns `"text"` |
| 2 | `classifyString("")` | returns `"empty"` |
| 3 | `classifyString("http")` | returns `"url"` |
| 4 | `classifyString("@")` | returns `"single-char"` |

[info] Wrote explore artifact for categorizeUser -> /tmp/shatter-demo-artifacts.lLIgEc/explore-results/tmp_shatter-examples.e644oibi_standalone_ts_03-objects.ts/00019_categorizeUser.json
## `categorizeUser` *(/tmp/shatter-examples.e644oibi/standalone/ts/03-objects.ts:19-36)*

**3 path(s)** · **55%** coverage (6/11 lines)

| # | Call | Outcome |
|---|---|---|
| 1 | `categorizeUser({"age":0.0,"isVerified":false,"name":...)` | returns `"child"` |
| 2 | `categorizeUser({"age":-1,"isVerified":false,"name":"...)` | throws `Error: invalid age` |
| 3 | `categorizeUser({"age":13,"isVerified":false,"name":"...)` | returns `"teen"` |

[info] Wrote explore artifact for safeDivide -> /tmp/shatter-demo-artifacts.lLIgEc/explore-results/tmp_shatter-examples.e644oibi_standalone_ts_04-errors.ts/00010_safeDivide.json
## `safeDivide` *(/tmp/shatter-examples.e644oibi/standalone/ts/04-errors.ts:10-22)*

**2 path(s)** · **75%** coverage (6/8 lines)

| # | Call | Outcome |
|---|---|---|
| 1 | `safeDivide(0.0, 0.0)` | throws `Error: division by zero` |
| 2 | `safeDivide(0.0, 1)` | returns `0` |

[info] Wrote explore artifact for negotiateLanguage -> /tmp/shatter-demo-artifacts.lLIgEc/explore-results/tmp_shatter-examples.e644oibi_standalone_ts_18-accept-language.ts/00095_negotiateLanguage.json
## `negotiateLanguage` *(/tmp/shatter-examples.e644oibi/standalone/ts/18-accept-language.ts:95-180)*

**3 path(s)** · **18%** coverage (5/28 lines)

| # | Call | Outcome |
|---|---|---|
| 1 | `negotiateLanguage("length", [])` | returns `{"matchedRange":null,"quality":0,"rea...` |
| 2 | `negotiateLanguage("length", {"length":1})` | throws `TypeError: supported.map is not a function` |
| 3 | `negotiateLanguage("", ["length"])` | returns `{"matchedRange":null,"quality":1,"rea...` |


---

**Summary:** 16 path(s) across 5 function(s) · **51%** coverage (33/65 lines)
[info] Wrote HTML report to /tmp/shatter-gauntlet.hiIR2x/explore.html
## classifyNumber

**Status:** `completed`

exploration completed

## `classifyNumber` *(/tmp/shatter-examples.e644oibi/standalone/ts/01-arithmetic.ts:10-21)*

**4 path(s)** · **100%** coverage (7/7 lines)

| # | Call | Outcome |
|---|---|---|
| 1 | `classifyNumber(0)` | returns `"zero"` |
| 2 | `classifyNumber(-1)` | returns `"negative"` |
| 3 | `classifyNumber(2)` | returns `"positive-even"` |
| 4 | `classifyNumber(1)` | returns `"positive-odd"` |

---

## classifyString

**Status:** `completed`

exploration completed

## `classifyString` *(/tmp/shatter-examples.e644oibi/standalone/ts/02-strings.ts:12-29)*

**4 path(s)** · **82%** coverage (9/11 lines)

| # | Call | Outcome |
|---|---|---|
| 1 | `classifyString("length")` | returns `"text"` |
| 2 | `classifyString("")` | returns `"empty"` |
| 3 | `classifyString("http")` | returns `"url"` |
| 4 | `classifyString("@")` | returns `"single-char"` |

---

## categorizeUser

**Status:** `completed`

exploration completed

## `categorizeUser` *(/tmp/shatter-examples.e644oibi/standalone/ts/03-objects.ts:19-36)*

**3 path(s)** · **55%** coverage (6/11 lines)

| # | Call | Outcome |
|---|---|---|
| 1 | `categorizeUser({"age":0.0,"isVerified":false,"name":...)` | returns `"child"` |
| 2 | `categorizeUser({"age":-1,"isVerified":false,"name":"...)` | throws `Error: invalid age` |
| 3 | `categorizeUser({"age":13,"isVerified":false,"name":"...)` | returns `"teen"` |

---

## safeDivide

**Status:** `completed`

exploration completed

## `safeDivide` *(/tmp/shatter-examples.e644oibi/standalone/ts/04-errors.ts:10-22)*

**2 path(s)** · **75%** coverage (6/8 lines)

| # | Call | Outcome |
|---|---|---|
| 1 | `safeDivide(0.0, 0.0)` | throws `Error: division by zero` |
| 2 | `safeDivide(0.0, 1)` | returns `0` |

---

## negotiateLanguage

**Status:** `completed`

exploration completed

## `negotiateLanguage` *(/tmp/shatter-examples.e644oibi/standalone/ts/18-accept-language.ts:95-180)*

**3 path(s)** · **18%** coverage (5/28 lines)

| # | Call | Outcome |
|---|---|---|
| 1 | `negotiateLanguage("length", [])` | returns `{"matchedRange":null,"quality":0,"rea...` |
| 2 | `negotiateLanguage("length", {"length":1})` | throws `TypeError: supported.map is not a function` |
| 3 | `negotiateLanguage("", ["length"])` | returns `{"matchedRange":null,"quality":1,"rea...` |

  Wall time: 3.42s



━━━━━━━━━━━━━━━━━━━━━━━━━━━━━━━━━━━━━━━━━━━━━━━━━━
  Step 5/60 · Show Behavior Clusters
  Group executions by branch path into distinct behaviors
━━━━━━━━━━━━━━━━━━━━━━━━━━━━━━━━━━━━━━━━━━━━━━━━━━

$ /home/ketan/.local/share/worktrees/shatter/audit-2026-09-22/target/debug/shatter explore --max-iterations 20 --timeout-explore 15 --show-clusters /tmp/shatter-examples.e644oibi/standalone/ts/01-arithmetic.ts:classifyNumber /tmp/shatter-examples.e644oibi/standalone/ts/02-strings.ts:classifyString /tmp/shatter-examples.e644oibi/standalone/ts/03-objects.ts:categorizeUser /tmp/shatter-examples.e644oibi/standalone/ts/04-errors.ts:safeDivide /tmp/shatter-examples.e644oibi/standalone/ts/18-accept-language.ts:negotiateLanguage

[info] Spawned 1 frontend session(s) for 5 target(s) (16 parallel worker(s))
# Shatter Explore

[info] Found prior explore summary for /tmp/shatter-examples.e644oibi/standalone/ts/01-arithmetic.ts (1 completed, 0 failed)
[info] [resumed] classifyNumber: 3 branches, 1.7s (prior run)
[info] Resumed 1/1 function(s) from prior artifacts for /tmp/shatter-examples.e644oibi/standalone/ts/01-arithmetic.ts
[info] Found prior explore summary for /tmp/shatter-examples.e644oibi/standalone/ts/02-strings.ts (1 completed, 0 failed)
[info] [resumed] classifyString: 5 branches, 2.0s (prior run)
[info] Resumed 1/1 function(s) from prior artifacts for /tmp/shatter-examples.e644oibi/standalone/ts/02-strings.ts
[info] Found prior explore summary for /tmp/shatter-examples.e644oibi/standalone/ts/03-objects.ts (1 completed, 0 failed)
[info] [resumed] categorizeUser: 3 branches, 1.9s (prior run)
[info] Resumed 1/1 function(s) from prior artifacts for /tmp/shatter-examples.e644oibi/standalone/ts/03-objects.ts
[info] Found prior explore summary for /tmp/shatter-examples.e644oibi/standalone/ts/04-errors.ts (1 completed, 0 failed)
[info] [resumed] safeDivide: 3 branches, 1.6s (prior run)
[info] Resumed 1/1 function(s) from prior artifacts for /tmp/shatter-examples.e644oibi/standalone/ts/04-errors.ts
[info] Found prior explore summary for /tmp/shatter-examples.e644oibi/standalone/ts/18-accept-language.ts (1 completed, 0 failed)
[info] [resumed] negotiateLanguage: 2 branches, 1.7s (prior run)
[info] Resumed 1/1 function(s) from prior artifacts for /tmp/shatter-examples.e644oibi/standalone/ts/18-accept-language.ts
[info] Resumed 5 function(s) from prior explore artifacts
[info] Wrote explore artifact for classifyNumber -> /tmp/shatter-demo-artifacts.lLIgEc/explore-results/tmp_shatter-examples.e644oibi_standalone_ts_01-arithmetic.ts/00010_classifyNumber.json
## `classifyNumber` *(/tmp/shatter-examples.e644oibi/standalone/ts/01-arithmetic.ts:10-21)*

**4 path(s)** · **100%** coverage (7/7 lines)

| # | Call | Outcome |
|---|---|---|
| 1 | `classifyNumber(0)` | returns `"zero"` |
| 2 | `classifyNumber(-1)` | returns `"negative"` |
| 3 | `classifyNumber(2)` | returns `"positive-even"` |
| 4 | `classifyNumber(1)` | returns `"positive-odd"` |

[info] Wrote explore artifact for classifyString -> /tmp/shatter-demo-artifacts.lLIgEc/explore-results/tmp_shatter-examples.e644oibi_standalone_ts_02-strings.ts/00012_classifyString.json
## `classifyString` *(/tmp/shatter-examples.e644oibi/standalone/ts/02-strings.ts:12-29)*

**4 path(s)** · **82%** coverage (9/11 lines)

| # | Call | Outcome |
|---|---|---|
| 1 | `classifyString("length")` | returns `"text"` |
| 2 | `classifyString("")` | returns `"empty"` |
| 3 | `classifyString("http")` | returns `"url"` |
| 4 | `classifyString("@")` | returns `"single-char"` |

[info] Wrote explore artifact for categorizeUser -> /tmp/shatter-demo-artifacts.lLIgEc/explore-results/tmp_shatter-examples.e644oibi_standalone_ts_03-objects.ts/00019_categorizeUser.json
## `categorizeUser` *(/tmp/shatter-examples.e644oibi/standalone/ts/03-objects.ts:19-36)*

**3 path(s)** · **55%** coverage (6/11 lines)

| # | Call | Outcome |
|---|---|---|
| 1 | `categorizeUser({"age":0.0,"isVerified":false,"name":...)` | returns `"child"` |
| 2 | `categorizeUser({"age":-1,"isVerified":false,"name":"...)` | throws `Error: invalid age` |
| 3 | `categorizeUser({"age":13,"isVerified":false,"name":"...)` | returns `"teen"` |

[info] Wrote explore artifact for safeDivide -> /tmp/shatter-demo-artifacts.lLIgEc/explore-results/tmp_shatter-examples.e644oibi_standalone_ts_04-errors.ts/00010_safeDivide.json
## `safeDivide` *(/tmp/shatter-examples.e644oibi/standalone/ts/04-errors.ts:10-22)*

**2 path(s)** · **75%** coverage (6/8 lines)

| # | Call | Outcome |
|---|---|---|
| 1 | `safeDivide(0.0, 0.0)` | throws `Error: division by zero` |
| 2 | `safeDivide(0.0, 1)` | returns `0` |

[info] Wrote explore artifact for negotiateLanguage -> /tmp/shatter-demo-artifacts.lLIgEc/explore-results/tmp_shatter-examples.e644oibi_standalone_ts_18-accept-language.ts/00095_negotiateLanguage.json
## `negotiateLanguage` *(/tmp/shatter-examples.e644oibi/standalone/ts/18-accept-language.ts:95-180)*

**3 path(s)** · **18%** coverage (5/28 lines)

| # | Call | Outcome |
|---|---|---|
| 1 | `negotiateLanguage("length", [])` | returns `{"matchedRange":null,"quality":0,"rea...` |
| 2 | `negotiateLanguage("length", {"length":1})` | throws `TypeError: supported.map is not a function` |
| 3 | `negotiateLanguage("", ["length"])` | returns `{"matchedRange":null,"quality":1,"rea...` |


---

**Summary:** 16 path(s) across 5 function(s) · **51%** coverage (33/65 lines)

  Wall time: 2.44s



━━━━━━━━━━━━━━━━━━━━━━━━━━━━━━━━━━━━━━━━━━━━━━━━━━
  Step 6/60 · Scan Standalone TypeScript
  Scan standalone TypeScript files (no project dependencies needed)
━━━━━━━━━━━━━━━━━━━━━━━━━━━━━━━━━━━━━━━━━━━━━━━━━━

$ /home/ketan/.local/share/worktrees/shatter/audit-2026-09-22/target/debug/shatter scan -o /tmp/shatter-gauntlet.hiIR2x/scan.html --stdout /tmp/shatter-examples.e644oibi/standalone/ts

[info] Discovered 26 source file(s) in /tmp/shatter-examples.e644oibi/standalone/ts
[info] Omitting 21 unexported function(s) by default; re-run with --all to include them
[info] Skipped 2 function(s) (unexecutable parameter types):
[info]   mergeConfig: param "base" → ConfigObject (interface with no implementors — no concrete implementation visible in scope); param "override" → ConfigObject (interface with no implementors — no concrete implementation visible in scope)
[info]   transformRecord: param "record" → RawRecord (interface with no implementors — no concrete implementation visible in scope)
[info] Scanning 35 function(s) in dependency order...
[info] Wrote scan artifact for /tmp/shatter-examples.e644oibi/standalone/ts/01-arithmetic.ts::compareMagnitudes -> /tmp/shatter-demo-artifacts.lLIgEc/scan-results/1440be0e6582b99c6a8bdbcae7b65d2f0bd411ba16360737a742453c63672b62/functions/00002_tmp_shatter-examples.e644oibi_standalone_ts_01-arithmetic.ts__compareMagnitudes.json
[info] Wrote scan artifact for /tmp/shatter-examples.e644oibi/standalone/ts/19-robots-policy.ts::evaluateRobotsPolicy -> /tmp/shatter-demo-artifacts.lLIgEc/scan-results/1440be0e6582b99c6a8bdbcae7b65d2f0bd411ba16360737a742453c63672b62/functions/00031_tmp_shatter-examples.e644oibi_standalone_ts_19-robots-policy.ts__evaluateRobotsPolicy.json
[info] Wrote scan artifact for /tmp/shatter-examples.e644oibi/standalone/ts/05-unions.ts::routeRequest -> /tmp/shatter-demo-artifacts.lLIgEc/scan-results/1440be0e6582b99c6a8bdbcae7b65d2f0bd411ba16360737a742453c63672b62/functions/00010_tmp_shatter-examples.e644oibi_standalone_ts_05-unions.ts__routeRequest.json
[info] Wrote scan artifact for /tmp/shatter-examples.e644oibi/standalone/ts/13-mcdc-compound.ts::compoundAnd -> /tmp/shatter-demo-artifacts.lLIgEc/scan-results/1440be0e6582b99c6a8bdbcae7b65d2f0bd411ba16360737a742453c63672b62/functions/00018_tmp_shatter-examples.e644oibi_standalone_ts_13-mcdc-compound.ts__compoundAnd.json
[info] Wrote scan artifact for /tmp/shatter-examples.e644oibi/standalone/ts/17-mock-branches.ts::classifyConfigs -> /tmp/shatter-demo-artifacts.lLIgEc/scan-results/1440be0e6582b99c6a8bdbcae7b65d2f0bd411ba16360737a742453c63672b62/functions/00027_tmp_shatter-examples.e644oibi_standalone_ts_17-mock-branches.ts__classifyConfigs.json
[info] Wrote scan artifact for /tmp/shatter-examples.e644oibi/standalone/ts/10-path-router.ts::matchRoute -> /tmp/shatter-demo-artifacts.lLIgEc/scan-results/1440be0e6582b99c6a8bdbcae7b65d2f0bd411ba16360737a742453c63672b62/functions/00016_tmp_shatter-examples.e644oibi_standalone_ts_10-path-router.ts__matchRoute.json
[info] Wrote scan artifact for /tmp/shatter-examples.e644oibi/standalone/ts/02-strings.ts::classifyString -> /tmp/shatter-demo-artifacts.lLIgEc/scan-results/1440be0e6582b99c6a8bdbcae7b65d2f0bd411ba16360737a742453c63672b62/functions/00003_tmp_shatter-examples.e644oibi_standalone_ts_02-strings.ts__classifyString.json
[info] Wrote scan artifact for /tmp/shatter-examples.e644oibi/standalone/ts/09-rate-limiter.ts::checkRateLimit -> /tmp/shatter-demo-artifacts.lLIgEc/scan-results/1440be0e6582b99c6a8bdbcae7b65d2f0bd411ba16360737a742453c63672b62/functions/00015_tmp_shatter-examples.e644oibi_standalone_ts_09-rate-limiter.ts__checkRateLimit.json
[info] Wrote scan artifact for /tmp/shatter-examples.e644oibi/standalone/ts/21-crypto-boundary.ts::classifySecret -> /tmp/shatter-demo-artifacts.lLIgEc/scan-results/1440be0e6582b99c6a8bdbcae7b65d2f0bd411ba16360737a742453c63672b62/functions/00033_tmp_shatter-examples.e644oibi_standalone_ts_21-crypto-boundary.ts__classifySecret.json
[info] Wrote scan artifact for /tmp/shatter-examples.e644oibi/standalone/ts/04-errors.ts::computeStats -> /tmp/shatter-demo-artifacts.lLIgEc/scan-results/1440be0e6582b99c6a8bdbcae7b65d2f0bd411ba16360737a742453c63672b62/functions/00007_tmp_shatter-examples.e644oibi_standalone_ts_04-errors.ts__computeStats.json
[info] Wrote scan artifact for /tmp/shatter-examples.e644oibi/standalone/ts/07-auth-validation.ts::authorizeRequest -> /tmp/shatter-demo-artifacts.lLIgEc/scan-results/1440be0e6582b99c6a8bdbcae7b65d2f0bd411ba16360737a742453c63672b62/functions/00013_tmp_shatter-examples.e644oibi_standalone_ts_07-auth-validation.ts__authorizeRequest.json
[info] Wrote scan artifact for /tmp/shatter-examples.e644oibi/standalone/ts/05-unions.ts::computeArea -> /tmp/shatter-demo-artifacts.lLIgEc/scan-results/1440be0e6582b99c6a8bdbcae7b65d2f0bd411ba16360737a742453c63672b62/functions/00009_tmp_shatter-examples.e644oibi_standalone_ts_05-unions.ts__computeArea.json
[info] Wrote scan artifact for /tmp/shatter-examples.e644oibi/standalone/ts/20-dotenv-parser.ts::parseDotenv -> /tmp/shatter-demo-artifacts.lLIgEc/scan-results/1440be0e6582b99c6a8bdbcae7b65d2f0bd411ba16360737a742453c63672b62/functions/00032_tmp_shatter-examples.e644oibi_standalone_ts_20-dotenv-parser.ts__parseDotenv.json
[info] Wrote scan artifact for /tmp/shatter-examples.e644oibi/standalone/ts/17-mock-branches.ts::loadOrDefault -> /tmp/shatter-demo-artifacts.lLIgEc/scan-results/1440be0e6582b99c6a8bdbcae7b65d2f0bd411ba16360737a742453c63672b62/functions/00029_tmp_shatter-examples.e644oibi_standalone_ts_17-mock-branches.ts__loadOrDefault.json
[info] Wrote scan artifact for /tmp/shatter-examples.e644oibi/standalone/ts/21-crypto-boundary.ts::encrypt -> /tmp/shatter-demo-artifacts.lLIgEc/scan-results/1440be0e6582b99c6a8bdbcae7b65d2f0bd411ba16360737a742453c63672b62/functions/00034_tmp_shatter-examples.e644oibi_standalone_ts_21-crypto-boundary.ts__encrypt.json
[info] Wrote scan artifact for /tmp/shatter-examples.e644oibi/standalone/ts/17-mock-branches.ts::classifyStatus -> /tmp/shatter-demo-artifacts.lLIgEc/scan-results/1440be0e6582b99c6a8bdbcae7b65d2f0bd411ba16360737a742453c63672b62/functions/00028_tmp_shatter-examples.e644oibi_standalone_ts_17-mock-branches.ts__classifyStatus.json
[info] Wrote scan artifact for /tmp/shatter-examples.e644oibi/standalone/ts/18-accept-language.ts::negotiateLanguage -> /tmp/shatter-demo-artifacts.lLIgEc/scan-results/1440be0e6582b99c6a8bdbcae7b65d2f0bd411ba16360737a742453c63672b62/functions/00030_tmp_shatter-examples.e644oibi_standalone_ts_18-accept-language.ts__negotiateLanguage.json
[info] Wrote scan artifact for /tmp/shatter-examples.e644oibi/standalone/ts/03-objects.ts::categorizeUser -> /tmp/shatter-demo-artifacts.lLIgEc/scan-results/1440be0e6582b99c6a8bdbcae7b65d2f0bd411ba16360737a742453c63672b62/functions/00005_tmp_shatter-examples.e644oibi_standalone_ts_03-objects.ts__categorizeUser.json
[info] Wrote scan artifact for /tmp/shatter-examples.e644oibi/standalone/ts/13-mcdc-compound.ts::compoundOr -> /tmp/shatter-demo-artifacts.lLIgEc/scan-results/1440be0e6582b99c6a8bdbcae7b65d2f0bd411ba16360737a742453c63672b62/functions/00019_tmp_shatter-examples.e644oibi_standalone_ts_13-mcdc-compound.ts__compoundOr.json
[info] Wrote scan artifact for /tmp/shatter-examples.e644oibi/standalone/ts/22-opaque-predicate.ts::classifyWithChecksum -> /tmp/shatter-demo-artifacts.lLIgEc/scan-results/1440be0e6582b99c6a8bdbcae7b65d2f0bd411ba16360737a742453c63672b62/functions/00035_tmp_shatter-examples.e644oibi_standalone_ts_22-opaque-predicate.ts__classifyWithChecksum.json
[info] Wrote scan artifact for /tmp/shatter-examples.e644oibi/standalone/ts/07-auth-validation.ts::validateJwt -> /tmp/shatter-demo-artifacts.lLIgEc/scan-results/1440be0e6582b99c6a8bdbcae7b65d2f0bd411ba16360737a742453c63672b62/functions/00014_tmp_shatter-examples.e644oibi_standalone_ts_07-auth-validation.ts__validateJwt.json
[info] Wrote scan artifact for /tmp/shatter-examples.e644oibi/standalone/ts/16-cron-parser.ts::parseCron -> /tmp/shatter-demo-artifacts.lLIgEc/scan-results/1440be0e6582b99c6a8bdbcae7b65d2f0bd411ba16360737a742453c63672b62/functions/00026_tmp_shatter-examples.e644oibi_standalone_ts_16-cron-parser.ts__parseCron.json
[info] Wrote scan artifact for /tmp/shatter-examples.e644oibi/standalone/ts/15-email-validator.ts::validateEmail -> /tmp/shatter-demo-artifacts.lLIgEc/scan-results/1440be0e6582b99c6a8bdbcae7b65d2f0bd411ba16360737a742453c63672b62/functions/00025_tmp_shatter-examples.e644oibi_standalone_ts_15-email-validator.ts__validateEmail.json
[info] Wrote scan artifact for /tmp/shatter-examples.e644oibi/standalone/ts/04-errors.ts::safeDivide -> /tmp/shatter-demo-artifacts.lLIgEc/scan-results/1440be0e6582b99c6a8bdbcae7b65d2f0bd411ba16360737a742453c63672b62/functions/00008_tmp_shatter-examples.e644oibi_standalone_ts_04-errors.ts__safeDivide.json
[info] Wrote scan artifact for /tmp/shatter-examples.e644oibi/standalone/ts/01-arithmetic.ts::classifyNumber -> /tmp/shatter-demo-artifacts.lLIgEc/scan-results/1440be0e6582b99c6a8bdbcae7b65d2f0bd411ba16360737a742453c63672b62/functions/00001_tmp_shatter-examples.e644oibi_standalone_ts_01-arithmetic.ts__classifyNumber.json
[info] Wrote scan artifact for /tmp/shatter-examples.e644oibi/standalone/ts/06-nested-control-flow.ts::classifyHttpResponse -> /tmp/shatter-demo-artifacts.lLIgEc/scan-results/1440be0e6582b99c6a8bdbcae7b65d2f0bd411ba16360737a742453c63672b62/functions/00011_tmp_shatter-examples.e644oibi_standalone_ts_06-nested-control-flow.ts__classifyHttpResponse.json
[info] Wrote scan artifact for /tmp/shatter-examples.e644oibi/standalone/ts/02-strings.ts::transformString -> /tmp/shatter-demo-artifacts.lLIgEc/scan-results/1440be0e6582b99c6a8bdbcae7b65d2f0bd411ba16360737a742453c63672b62/functions/00004_tmp_shatter-examples.e644oibi_standalone_ts_02-strings.ts__transformString.json
[info] Wrote scan artifact for /tmp/shatter-examples.e644oibi/standalone/ts/13-mcdc-compound.ts::threeWayAnd -> /tmp/shatter-demo-artifacts.lLIgEc/scan-results/1440be0e6582b99c6a8bdbcae7b65d2f0bd411ba16360737a742453c63672b62/functions/00020_tmp_shatter-examples.e644oibi_standalone_ts_13-mcdc-compound.ts__threeWayAnd.json
[info] Wrote scan artifact for /tmp/shatter-examples.e644oibi/standalone/ts/03-objects.ts::describeRectangle -> /tmp/shatter-demo-artifacts.lLIgEc/scan-results/1440be0e6582b99c6a8bdbcae7b65d2f0bd411ba16360737a742453c63672b62/functions/00006_tmp_shatter-examples.e644oibi_standalone_ts_03-objects.ts__describeRectangle.json
[info] Wrote scan artifact for /tmp/shatter-examples.e644oibi/standalone/ts/10-path-router.ts::resolveMiddleware -> /tmp/shatter-demo-artifacts.lLIgEc/scan-results/1440be0e6582b99c6a8bdbcae7b65d2f0bd411ba16360737a742453c63672b62/functions/00017_tmp_shatter-examples.e644oibi_standalone_ts_10-path-router.ts__resolveMiddleware.json
[info] Wrote scan artifact for /tmp/shatter-examples.e644oibi/standalone/ts/14-semver.ts::satisfiesRange -> /tmp/shatter-demo-artifacts.lLIgEc/scan-results/1440be0e6582b99c6a8bdbcae7b65d2f0bd411ba16360737a742453c63672b62/functions/00024_tmp_shatter-examples.e644oibi_standalone_ts_14-semver.ts__satisfiesRange.json
[info] Wrote scan artifact for /tmp/shatter-examples.e644oibi/standalone/ts/13-roman-numerals.ts::intToRoman -> /tmp/shatter-demo-artifacts.lLIgEc/scan-results/1440be0e6582b99c6a8bdbcae7b65d2f0bd411ba16360737a742453c63672b62/functions/00021_tmp_shatter-examples.e644oibi_standalone_ts_13-roman-numerals.ts__intToRoman.json
[info] Wrote scan artifact for /tmp/shatter-examples.e644oibi/standalone/ts/06-nested-control-flow.ts::processStateMachine -> /tmp/shatter-demo-artifacts.lLIgEc/scan-results/1440be0e6582b99c6a8bdbcae7b65d2f0bd411ba16360737a742453c63672b62/functions/00012_tmp_shatter-examples.e644oibi_standalone_ts_06-nested-control-flow.ts__processStateMachine.json
[info] Wrote scan artifact for /tmp/shatter-examples.e644oibi/standalone/ts/14-semver.ts::parseSemver -> /tmp/shatter-demo-artifacts.lLIgEc/scan-results/1440be0e6582b99c6a8bdbcae7b65d2f0bd411ba16360737a742453c63672b62/functions/00023_tmp_shatter-examples.e644oibi_standalone_ts_14-semver.ts__parseSemver.json
[info] Wrote scan artifact for /tmp/shatter-examples.e644oibi/standalone/ts/13-roman-numerals.ts::romanToInt -> /tmp/shatter-demo-artifacts.lLIgEc/scan-results/1440be0e6582b99c6a8bdbcae7b65d2f0bd411ba16360737a742453c63672b62/functions/00022_tmp_shatter-examples.e644oibi_standalone_ts_13-roman-numerals.ts__romanToInt.json
[info] [1/35] /tmp/shatter-examples.e644oibi/standalone/ts/01-arithmetic.ts::classifyNumber (34.8s elapsed)
[info] [2/35] /tmp/shatter-examples.e644oibi/standalone/ts/01-arithmetic.ts::compareMagnitudes (34.8s elapsed)
[info] [3/35] /tmp/shatter-examples.e644oibi/standalone/ts/02-strings.ts::classifyString (34.8s elapsed)
[info] [4/35] /tmp/shatter-examples.e644oibi/standalone/ts/02-strings.ts::transformString (34.8s elapsed)
[info] [5/35] /tmp/shatter-examples.e644oibi/standalone/ts/03-objects.ts::categorizeUser (34.8s elapsed)
[info] [6/35] /tmp/shatter-examples.e644oibi/standalone/ts/03-objects.ts::describeRectangle (34.8s elapsed)
[info] [7/35] /tmp/shatter-examples.e644oibi/standalone/ts/04-errors.ts::computeStats (34.8s elapsed)
[info] [8/35] /tmp/shatter-examples.e644oibi/standalone/ts/04-errors.ts::safeDivide (34.8s elapsed)
[info] [9/35] /tmp/shatter-examples.e644oibi/standalone/ts/05-unions.ts::computeArea (34.8s elapsed)
[info] [10/35] /tmp/shatter-examples.e644oibi/standalone/ts/05-unions.ts::routeRequest (34.8s elapsed)
[info] [11/35] /tmp/shatter-examples.e644oibi/standalone/ts/06-nested-control-flow.ts::classifyHttpResponse (34.8s elapsed)
[info] [12/35] /tmp/shatter-examples.e644oibi/standalone/ts/06-nested-control-flow.ts::processStateMachine (34.8s elapsed)
[info] [13/35] /tmp/shatter-examples.e644oibi/standalone/ts/07-auth-validation.ts::authorizeRequest (34.8s elapsed)
[info] [14/35] /tmp/shatter-examples.e644oibi/standalone/ts/07-auth-validation.ts::validateJwt (34.8s elapsed)
[info] [15/35] /tmp/shatter-examples.e644oibi/standalone/ts/09-rate-limiter.ts::checkRateLimit (34.8s elapsed)
[info] [16/35] /tmp/shatter-examples.e644oibi/standalone/ts/10-path-router.ts::matchRoute (34.8s elapsed)
[info] [17/35] /tmp/shatter-examples.e644oibi/standalone/ts/10-path-router.ts::resolveMiddleware (34.8s elapsed)
[info] [18/35] /tmp/shatter-examples.e644oibi/standalone/ts/13-mcdc-compound.ts::compoundAnd (34.8s elapsed)
[info] [19/35] /tmp/shatter-examples.e644oibi/standalone/ts/13-mcdc-compound.ts::compoundOr (34.8s elapsed)
[info] [20/35] /tmp/shatter-examples.e644oibi/standalone/ts/13-mcdc-compound.ts::threeWayAnd (34.8s elapsed)
[info] [21/35] /tmp/shatter-examples.e644oibi/standalone/ts/13-roman-numerals.ts::intToRoman (34.8s elapsed)
[info] [22/35] /tmp/shatter-examples.e644oibi/standalone/ts/13-roman-numerals.ts::romanToInt (34.8s elapsed)
[info] [23/35] /tmp/shatter-examples.e644oibi/standalone/ts/14-semver.ts::parseSemver (34.8s elapsed)
[info] [24/35] /tmp/shatter-examples.e644oibi/standalone/ts/14-semver.ts::satisfiesRange (34.8s elapsed)
[info] [25/35] /tmp/shatter-examples.e644oibi/standalone/ts/15-email-validator.ts::validateEmail (34.8s elapsed)
[info] [26/35] /tmp/shatter-examples.e644oibi/standalone/ts/16-cron-parser.ts::parseCron (34.8s elapsed)
[info] [27/35] /tmp/shatter-examples.e644oibi/standalone/ts/17-mock-branches.ts::classifyConfigs (34.8s elapsed)
[info] [28/35] /tmp/shatter-examples.e644oibi/standalone/ts/17-mock-branches.ts::classifyStatus (34.8s elapsed)
[info] [29/35] /tmp/shatter-examples.e644oibi/standalone/ts/17-mock-branches.ts::loadOrDefault (34.8s elapsed)
[info] [30/35] /tmp/shatter-examples.e644oibi/standalone/ts/18-accept-language.ts::negotiateLanguage (34.8s elapsed)
[info] [31/35] /tmp/shatter-examples.e644oibi/standalone/ts/19-robots-policy.ts::evaluateRobotsPolicy (34.8s elapsed)
[info] [32/35] /tmp/shatter-examples.e644oibi/standalone/ts/20-dotenv-parser.ts::parseDotenv (34.8s elapsed)
[info] [33/35] /tmp/shatter-examples.e644oibi/standalone/ts/21-crypto-boundary.ts::classifySecret (34.8s elapsed)
[info] [34/35] /tmp/shatter-examples.e644oibi/standalone/ts/21-crypto-boundary.ts::encrypt (34.8s elapsed)
[info] [35/35] /tmp/shatter-examples.e644oibi/standalone/ts/22-opaque-predicate.ts::classifyWithChecksum (34.8s elapsed)
# Scan Results

| Function | Paths | Coverage |
|---|---|---|
| `/tmp/shatter-examples.e644oibi/standalone/ts/01-arithmetic.ts::classifyNumber` | 4 | 100% |
| `/tmp/shatter-examples.e644oibi/standalone/ts/01-arithmetic.ts::compareMagnitudes` | 4 | 100% |
| `/tmp/shatter-examples.e644oibi/standalone/ts/02-strings.ts::classifyString` | 5 | 91% |
| `/tmp/shatter-examples.e644oibi/standalone/ts/02-strings.ts::transformString` | 6 | 100% |
| `/tmp/shatter-examples.e644oibi/standalone/ts/03-objects.ts::categorizeUser` | 4 | 73% |
| `/tmp/shatter-examples.e644oibi/standalone/ts/03-objects.ts::describeRectangle` | 4 | 100% |
| `/tmp/shatter-examples.e644oibi/standalone/ts/04-errors.ts::computeStats` | 3 | 75% |
| `/tmp/shatter-examples.e644oibi/standalone/ts/04-errors.ts::safeDivide` | 3 | 88% |
| `/tmp/shatter-examples.e644oibi/standalone/ts/05-unions.ts::computeArea` | 1 | 10% |
| `/tmp/shatter-examples.e644oibi/standalone/ts/05-unions.ts::routeRequest` | 2 | 31% |
| `/tmp/shatter-examples.e644oibi/standalone/ts/06-nested-control-flow.ts::classifyHttpResponse` | 13 | 96% |
| `/tmp/shatter-examples.e644oibi/standalone/ts/06-nested-control-flow.ts::processStateMachine` | 5 | 38% |
| `/tmp/shatter-examples.e644oibi/standalone/ts/07-auth-validation.ts::authorizeRequest` | 2 | 14% |
| `/tmp/shatter-examples.e644oibi/standalone/ts/07-auth-validation.ts::validateJwt` | 2 | 19% |
| `/tmp/shatter-examples.e644oibi/standalone/ts/09-rate-limiter.ts::checkRateLimit` | 5 | 78% |
| `/tmp/shatter-examples.e644oibi/standalone/ts/10-path-router.ts::matchRoute` | 3 | 12% |
| `/tmp/shatter-examples.e644oibi/standalone/ts/10-path-router.ts::resolveMiddleware` | 9 | 94% |
| `/tmp/shatter-examples.e644oibi/standalone/ts/13-mcdc-compound.ts::compoundAnd` | 2 | 100% |
| `/tmp/shatter-examples.e644oibi/standalone/ts/13-mcdc-compound.ts::compoundOr` | 2 | 100% |
| `/tmp/shatter-examples.e644oibi/standalone/ts/13-mcdc-compound.ts::threeWayAnd` | 2 | 100% |
| `/tmp/shatter-examples.e644oibi/standalone/ts/13-roman-numerals.ts::intToRoman` | 6 | 100% |
| `/tmp/shatter-examples.e644oibi/standalone/ts/13-roman-numerals.ts::romanToInt` | 3 | 82% |
| `/tmp/shatter-examples.e644oibi/standalone/ts/14-semver.ts::parseSemver` | 3 | 36% |
| `/tmp/shatter-examples.e644oibi/standalone/ts/14-semver.ts::satisfiesRange` | 8 | 64% |
| `/tmp/shatter-examples.e644oibi/standalone/ts/15-email-validator.ts::validateEmail` | 5 | 30% |
| `/tmp/shatter-examples.e644oibi/standalone/ts/16-cron-parser.ts::parseCron` | 3 | 81% |
| `/tmp/shatter-examples.e644oibi/standalone/ts/17-mock-branches.ts::classifyConfigs` | 3 | 42% |
| `/tmp/shatter-examples.e644oibi/standalone/ts/17-mock-branches.ts::classifyStatus` | 1 | 13% |
| `/tmp/shatter-examples.e644oibi/standalone/ts/17-mock-branches.ts::loadOrDefault` | 1 | 33% |
| `/tmp/shatter-examples.e644oibi/standalone/ts/18-accept-language.ts::negotiateLanguage` | 3 | 18% |
| `/tmp/shatter-examples.e644oibi/standalone/ts/19-robots-policy.ts::evaluateRobotsPolicy` | 3 | 39% |
| `/tmp/shatter-examples.e644oibi/standalone/ts/20-dotenv-parser.ts::parseDotenv` | 3 | 29% |
| `/tmp/shatter-examples.e644oibi/standalone/ts/21-crypto-boundary.ts::classifySecret` | 1 | 29% |
| `/tmp/shatter-examples.e644oibi/standalone/ts/21-crypto-boundary.ts::encrypt` | 1 | 100% |
| `/tmp/shatter-examples.e644oibi/standalone/ts/22-opaque-predicate.ts::classifyWithChecksum` | 4 | 90% |

---

Scan complete: **35 completed**, **0 failed**, **2 unsupported**, **0 interrupted**, **0 expected skipped** (16 worker(s))
[info] Wrote report to /tmp/shatter-gauntlet.hiIR2x/scan.html
# Shatter Scan Report

- **Functions discovered:** 37
- **Functions attempted:** 35
- **Functions completed:** 35
  - **with observed behavior:** 32
  - **error-only (all discovered inputs threw):** 3
- **Functions skipped:** 2
  - **unsupported (target shape not representable):** 2

## Source Set Summary

| Bucket | Files | Lines |
|--------|-------|-------|
| `production_ish` | 21 | 2495 |
| `test_spec` | 0 | 0 |
| `generated` | 0 | 0 |
| `declaration_only` | 0 | 0 |
| `fixture_sample` | 0 | 0 |
| `policy_excluded` | 0 | 0 |
| `unsupported` | 0 | 0 |

- **Production-ish source lines:** 2495 (whole-source denominator; see Coverage section below)

## Coverage

- **Attempted-function span:** 35 of 37 discovered functions attempted
- **Total branches:** 235 (across completed functions)
- **Branches covered:** 109
- **Overall coverage (completed-functions subset):** 46.4%

## Low-Coverage Buckets

*Completing a function (running it without a crash) is not the same as achieving high source or branch coverage. These buckets classify why coverage stays shallow so the low numbers can be acted on directly.*

Low-coverage cutoff: completed functions with coverage ≤ 10%.

| Bucket | Count |
|--------|-------|
| Failed (attempted, did not complete) | 0 |
| Skipped / unsupported | 2 |
| Zero coverage with branches (needs setup/mocks) | 0 |
| Zero coverage, no branches (accessors/getters) | 0 |
| Positive but low coverage | 1 |

### Top branch-heavy low-coverage functions

These have the most branch logic left unexplored — the highest-value targets for better setup or mocks.

| Function | File | Coverage | Branches | Lines |
|----------|------|----------|----------|-------|
| `computeArea` | /tmp/shatter-examples.e644oibi/standalone/ts/05-unions.ts | 10.0% | 0/6 | 1/10 |

### Low coverage by area

Grouped by file-path directory (derived from the scan's own paths).

| Area | Low-coverage functions | Zero-cov w/ branches | Uncovered branches |
|------|------------------------|----------------------|--------------------|
| `/tmp/shatter-examples.e644oibi/standalone/ts` | 1 | 0 | 6 |

## Function Summary

| Status | Outcome | Function | File | Coverage | Branches | Lines | Iterations |
|--------|---------|----------|------|----------|----------|-------|------------|
| PASS | behavioral | `classifyNumber` | /tmp/shatter-examples.e644oibi/standalone/ts/01-arithmetic.ts | 100.0% | 3/3 | 7/7 | 100 |
| PASS | behavioral | `compareMagnitudes` | /tmp/shatter-examples.e644oibi/standalone/ts/01-arithmetic.ts | 100.0% | 3/3 | 9/9 | 100 |
| WARN | behavioral | `classifyString` | /tmp/shatter-examples.e644oibi/standalone/ts/02-strings.ts | 90.9% | 5/5 | 10/11 | 100 |
| PASS | behavioral | `transformString` | /tmp/shatter-examples.e644oibi/standalone/ts/02-strings.ts | 100.0% | 5/5 | 11/11 | 100 |
| WARN | behavioral | `categorizeUser` | /tmp/shatter-examples.e644oibi/standalone/ts/03-objects.ts | 72.7% | 4/5 | 8/11 | 100 |
| PASS | behavioral | `describeRectangle` | /tmp/shatter-examples.e644oibi/standalone/ts/03-objects.ts | 100.0% | 3/3 | 8/8 | 100 |
| WARN | behavioral | `computeStats` | /tmp/shatter-examples.e644oibi/standalone/ts/04-errors.ts | 75.0% | 5/5 | 12/16 | 100 |
| WARN | behavioral | `safeDivide` | /tmp/shatter-examples.e644oibi/standalone/ts/04-errors.ts | 87.5% | 3/3 | 7/8 | 100 |
| LOW | behavioral | `computeArea` | /tmp/shatter-examples.e644oibi/standalone/ts/05-unions.ts | 10.0% | 0/6 | 1/10 | 100 |
| LOW | behavioral | `routeRequest` | /tmp/shatter-examples.e644oibi/standalone/ts/05-unions.ts | 30.8% | 1/8 | 4/13 | 100 |
| WARN | behavioral | `classifyHttpResponse` | /tmp/shatter-examples.e644oibi/standalone/ts/06-nested-control-flow.ts | 96.3% | 13/13 | 26/27 | 100 |
| LOW | behavioral | `processStateMachine` | /tmp/shatter-examples.e644oibi/standalone/ts/06-nested-control-flow.ts | 37.9% | 2/12 | 11/29 | 100 |
| LOW | behavioral | `authorizeRequest` | /tmp/shatter-examples.e644oibi/standalone/ts/07-auth-validation.ts | 13.8% | 2/14 | 4/29 | 100 |
| LOW | behavioral | `validateJwt` | /tmp/shatter-examples.e644oibi/standalone/ts/07-auth-validation.ts | 19.2% | 2/8 | 5/26 | 100 |
| WARN | behavioral | `checkRateLimit` | /tmp/shatter-examples.e644oibi/standalone/ts/09-rate-limiter.ts | 77.8% | 5/6 | 14/18 | 100 |
| LOW | behavioral | `matchRoute` | /tmp/shatter-examples.e644oibi/standalone/ts/10-path-router.ts | 12.0% | 3/19 | 6/50 | 100 |
| WARN | behavioral | `resolveMiddleware` | /tmp/shatter-examples.e644oibi/standalone/ts/10-path-router.ts | 93.8% | 7/7 | 15/16 | 100 |
| PASS | behavioral | `compoundAnd` | /tmp/shatter-examples.e644oibi/standalone/ts/13-mcdc-compound.ts | 100.0% | 1/1 | 3/3 | 100 |
| PASS | behavioral | `compoundOr` | /tmp/shatter-examples.e644oibi/standalone/ts/13-mcdc-compound.ts | 100.0% | 1/1 | 3/3 | 100 |
| PASS | behavioral | `threeWayAnd` | /tmp/shatter-examples.e644oibi/standalone/ts/13-mcdc-compound.ts | 100.0% | 1/1 | 3/3 | 100 |
| PASS | behavioral | `intToRoman` | /tmp/shatter-examples.e644oibi/standalone/ts/13-roman-numerals.ts | 100.0% | 2/2 | 9/9 | 100 |
| WARN | behavioral | `romanToInt` | /tmp/shatter-examples.e644oibi/standalone/ts/13-roman-numerals.ts | 82.4% | 4/5 | 14/17 | 100 |
| LOW | error_only | `parseSemver` | /tmp/shatter-examples.e644oibi/standalone/ts/14-semver.ts | 36.4% | 3/6 | 8/22 | 100 |
| WARN | behavioral | `satisfiesRange` | /tmp/shatter-examples.e644oibi/standalone/ts/14-semver.ts | 63.9% | 7/16 | 23/36 | 100 |
| LOW | behavioral | `validateEmail` | /tmp/shatter-examples.e644oibi/standalone/ts/15-email-validator.ts | 29.8% | 6/19 | 14/47 | 100 |
| WARN | behavioral | `parseCron` | /tmp/shatter-examples.e644oibi/standalone/ts/16-cron-parser.ts | 81.2% | 3/11 | 13/16 | 100 |
| LOW | behavioral | `classifyConfigs` | /tmp/shatter-examples.e644oibi/standalone/ts/17-mock-branches.ts | 41.7% | 1/4 | 5/12 | 100 |
| LOW | error_only | `classifyStatus` | /tmp/shatter-examples.e644oibi/standalone/ts/17-mock-branches.ts | 12.5% | 0/3 | 1/8 | 100 |
| LOW | behavioral | `loadOrDefault` | /tmp/shatter-examples.e644oibi/standalone/ts/17-mock-branches.ts | 33.3% | 1/2 | 2/6 | 100 |
| LOW | behavioral | `negotiateLanguage` | /tmp/shatter-examples.e644oibi/standalone/ts/18-accept-language.ts | 17.9% | 2/12 | 5/28 | 100 |
| LOW | behavioral | `evaluateRobotsPolicy` | /tmp/shatter-examples.e644oibi/standalone/ts/19-robots-policy.ts | 39.3% | 3/9 | 11/28 | 100 |
| LOW | behavioral | `parseDotenv` | /tmp/shatter-examples.e644oibi/standalone/ts/20-dotenv-parser.ts | 28.9% | 4/12 | 13/45 | 100 |
| LOW | error_only | `classifySecret` | /tmp/shatter-examples.e644oibi/standalone/ts/21-crypto-boundary.ts | 28.6% | 0/2 | 2/7 | 100 |
| PASS | behavioral | `encrypt` | /tmp/shatter-examples.e644oibi/standalone/ts/21-crypto-boundary.ts | 100.0% | 0/0 | 2/2 | 100 |
| WARN | behavioral | `classifyWithChecksum` | /tmp/shatter-examples.e644oibi/standalone/ts/22-opaque-predicate.ts | 90.0% | 4/4 | 9/10 | 100 |

## Function Details

### `classifyNumber`

- **File:** /tmp/shatter-examples.e644oibi/standalone/ts/01-arithmetic.ts
- **Coverage:** 100.0%
- **Branches:** 3/3
- **Lines:** 7/7
- **Iterations:** 100
- **Constraints collected:** 201

**Behaviors:**

- Cluster 0: returns "zero" (inputs: 0)
- Cluster 1: returns "negative" (inputs: -1)
- Cluster 2: returns "positive-even" (inputs: 2)
- Cluster 3: returns "positive-odd" (inputs: 1)

### `compareMagnitudes`

- **File:** /tmp/shatter-examples.e644oibi/standalone/ts/01-arithmetic.ts
- **Coverage:** 100.0%
- **Branches:** 3/3
- **Lines:** 9/9
- **Iterations:** 100
- **Constraints collected:** 220

**Behaviors:**

- Cluster 0: returns "both-small" (inputs: 1.7571046397826158, 1.0)
- Cluster 1: returns "both-small" (inputs: -0.2843492984473487, 1.0)
- Cluster 2: returns "both-small" (inputs: -2.3312783827213, 1.0)
- Cluster 3: returns "both-small" (inputs: -0.0895876581029672, 1.0)
- Cluster 4: returns "sum-large" (inputs: 99.92319927701321, 1.0)
- ... and 15 more clusters

### `classifyString`

- **File:** /tmp/shatter-examples.e644oibi/standalone/ts/02-strings.ts
- **Coverage:** 90.9%
- **Branches:** 5/5
- **Lines:** 10/11
- **Iterations:** 100
- **Constraints collected:** 182

**Behaviors:**

- Cluster 0: returns "text" (inputs: "length")
- Cluster 1: returns "empty" (inputs: "")
- Cluster 2: returns "text" (inputs: "empty")
- Cluster 3: returns "text" (inputs: "single-char")
- Cluster 4: returns "text" (inputs: "startsWith")
- ... and 11 more clusters

### `transformString`

- **File:** /tmp/shatter-examples.e644oibi/standalone/ts/02-strings.ts
- **Coverage:** 100.0%
- **Branches:** 5/5
- **Lines:** 11/11
- **Iterations:** 100
- **Constraints collected:** 293

**Behaviors:**

- Cluster 0: returns "upper" (inputs: "upper", "", 0)
- Cluster 1: returns "UPPER" (inputs: "upper", "upper", 0)
- Cluster 2: returns "" (inputs: "", "upper", 0)
- Cluster 3: returns "toUpperCase" (inputs: "toUpperCase", "", 0)
- Cluster 4: returns "" (inputs: "", "toUpperCase", 0)
- ... and 45 more clusters

### `categorizeUser`

- **File:** /tmp/shatter-examples.e644oibi/standalone/ts/03-objects.ts
- **Coverage:** 72.7%
- **Branches:** 4/5
- **Lines:** 8/11
- **Iterations:** 100
- **Constraints collected:** 211

**Behaviors:**

- Cluster 0: returns "child" (inputs: {"age":0.0,"isVerified":false,"name":"age","role":""})
- Cluster 1: throws Error: invalid age (inputs: {"age":-1,"isVerified":false,"name":"age","role":""})
- Cluster 2: returns "child" (inputs: {"age":0.0,"isVerified":false,"name":"","role":"age"})
- Cluster 3: returns "child" (inputs: {"age":0.0,"isVerified":false,"name":"invalid age","role"...)
- Cluster 4: returns "child" (inputs: {"age":0.0,"isVerified":false,"name":"","role":"invalid a...)
- ... and 71 more clusters

### `describeRectangle`

- **File:** /tmp/shatter-examples.e644oibi/standalone/ts/03-objects.ts
- **Coverage:** 100.0%
- **Branches:** 3/3
- **Lines:** 8/8
- **Iterations:** 100
- **Constraints collected:** 198

**Behaviors:**

- Cluster 0: throws Error: non-positive dimension (inputs: {"height":0.0,"width":0.0})
- Cluster 1: returns "square" (inputs: {"height":1,"width":1})
- Cluster 2: throws Error: non-positive dimension (inputs: {"height":1,"width":0})
- Cluster 3: returns "small-rectangle" (inputs: {"height":2,"width":1})
- Cluster 4: returns "large-rectangle" (inputs: {"height":846,"width":845})

### `computeStats`

- **File:** /tmp/shatter-examples.e644oibi/standalone/ts/04-errors.ts
- **Coverage:** 75.0%
- **Branches:** 5/5
- **Lines:** 12/16
- **Iterations:** 100
- **Constraints collected:** 104

**Behaviors:**

- Cluster 0: returns {"avg":10,"max":10,"sum":10} (inputs: [10.0])
- Cluster 1: throws Error: empty array (inputs: {"length":0})
- Cluster 2: throws TypeError: items is not iterable (inputs: {"length":1})

### `safeDivide`

- **File:** /tmp/shatter-examples.e644oibi/standalone/ts/04-errors.ts
- **Coverage:** 87.5%
- **Branches:** 3/3
- **Lines:** 7/8
- **Iterations:** 100
- **Constraints collected:** 228

**Behaviors:**

- Cluster 0: returns 42.52245049923748 (inputs: 42.52245049923748, 1.0)
- Cluster 1: returns 0.5591715515362319 (inputs: 0.5591715515362319, 1.0)
- Cluster 2: returns 1.7578925429681909 (inputs: 1.7578925429681909, 1.0)
- Cluster 3: returns 257.125916928561 (inputs: 257.125916928561, 1.0)
- Cluster 4: returns -0.4167451871218984 (inputs: -0.4167451871218984, 1.0)
- ... and 8 more clusters

### `computeArea`

- **File:** /tmp/shatter-examples.e644oibi/standalone/ts/05-unions.ts
- **Coverage:** 10.0%
- **Branches:** 0/6
- **Lines:** 1/10
- **Iterations:** 100
- **Constraints collected:** 0

**Behaviors:**

- Cluster 0: returns void (inputs: {})
- Cluster 1: returns void (inputs: {"height":0.0,"kind":"null","width":36.33724512342246})
- Cluster 2: returns void (inputs: {"kind":"rdmpftabwrzunam","radius":10.0})
- Cluster 3: returns void (inputs: {"kind":"","radius":0.5})
- Cluster 4: throws TypeError: Cannot read properties of null (reading 'kind') (inputs: null)
- ... and 90 more clusters

### `routeRequest`

- **File:** /tmp/shatter-examples.e644oibi/standalone/ts/05-unions.ts
- **Coverage:** 30.8%
- **Branches:** 1/8
- **Lines:** 4/13
- **Iterations:** 100
- **Constraints collected:** 100

**Behaviors:**

- Cluster 0: throws Error: empty path (inputs: {"authenticated":false,"body":null,"method":"length","pat...)
- Cluster 1: returns "read" (inputs: {"authenticated":false,"body":null,"method":"GET","path":...)
- Cluster 2: throws Error: empty path (inputs: {"authenticated":false,"body":"length","method":"GET","pa...)
- Cluster 3: throws Error: empty path (inputs: {"authenticated":false,"body":null,"method":"path","path"...)
- Cluster 4: returns "read" (inputs: {"authenticated":false,"body":null,"method":"GET","path":...)
- ... and 43 more clusters

### `classifyHttpResponse`

- **File:** /tmp/shatter-examples.e644oibi/standalone/ts/06-nested-control-flow.ts
- **Coverage:** 96.3%
- **Branches:** 13/13
- **Lines:** 26/27
- **Iterations:** 100
- **Constraints collected:** 333

**Behaviors:**

- Cluster 0: throws Error: invalid status (inputs: 3.324369040849812, "test", null)
- Cluster 1: throws Error: invalid status (inputs: 42.55270579061364, "test", null)
- Cluster 2: throws Error: invalid status (inputs: 42.77614730637012, "test", null)
- Cluster 3: throws Error: invalid status (inputs: 42.85080603549424, "test", null)
- Cluster 4: throws Error: invalid status (inputs: 0.3430748269060615, "test", null)
- ... and 86 more clusters

### `processStateMachine`

- **File:** /tmp/shatter-examples.e644oibi/standalone/ts/06-nested-control-flow.ts
- **Coverage:** 37.9%
- **Branches:** 2/12
- **Lines:** 11/29
- **Iterations:** 100
- **Constraints collected:** 109

**Behaviors:**

- Cluster 0: throws TypeError: Cannot read properties of null (reading 'length') (inputs: null, 257.27641366763055)
- Cluster 1: throws TypeError: Cannot read properties of null (reading 'length') (inputs: null, 257.03600891380523)
- Cluster 2: throws TypeError: Cannot read properties of null (reading 'length') (inputs: null, 0.5186083577737748)
- Cluster 3: throws TypeError: Cannot read properties of null (reading 'length') (inputs: null, 257.4183670758336)
- Cluster 4: throws TypeError: Cannot read properties of null (reading 'length') (inputs: null, 7.130964310781021)
- ... and 12 more clusters

### `authorizeRequest`

- **File:** /tmp/shatter-examples.e644oibi/standalone/ts/07-auth-validation.ts
- **Coverage:** 13.8%
- **Branches:** 2/14
- **Lines:** 4/29
- **Iterations:** 100
- **Constraints collected:** 101

**Behaviors:**

- Cluster 0: returns "denied: no roles" (inputs: {"active":false,"id":"length","roles":[]}, "", "", "")
- Cluster 1: returns "denied: inactive user" (inputs: {"active":false,"id":"length","roles":{"length":1}}, "", "", "")
- Cluster 2: returns "denied: no roles" (inputs: {"active":false,"id":"","roles":[]}, "length", "", "")
- Cluster 3: returns "denied: no roles" (inputs: {"active":false,"id":"","roles":[]}, "", "length", "")
- Cluster 4: returns "denied: no roles" (inputs: {"active":false,"id":"","roles":[]}, "", "", "length")
- ... and 95 more clusters

### `validateJwt`

- **File:** /tmp/shatter-examples.e644oibi/standalone/ts/07-auth-validation.ts
- **Coverage:** 19.2%
- **Branches:** 2/8
- **Lines:** 5/26
- **Iterations:** 100
- **Constraints collected:** 134

**Behaviors:**

- Cluster 0: returns "invalid: malformed token" (inputs: "test", "test", "test", "test", 1.870550274612738)
- Cluster 1: returns "invalid: malformed token" (inputs: "test", "test", "test", "test", 7.229981244895347)
- Cluster 2: returns "invalid: malformed token" (inputs: "test", "test", "test", "test", -0.4066128487963099)
- Cluster 3: returns "invalid: malformed token" (inputs: "test", "test", "test", "test", 100.12272443794267)
- Cluster 4: returns "invalid: malformed token" (inputs: "test", "test", "test", "test", 1.6233298465478208)
- ... and 99 more clusters

### `checkRateLimit`

- **File:** /tmp/shatter-examples.e644oibi/standalone/ts/09-rate-limiter.ts
- **Coverage:** 77.8%
- **Branches:** 5/6
- **Lines:** 14/18
- **Iterations:** 100
- **Constraints collected:** 294

**Behaviors:**

- Cluster 0: throws Error: invalid capacity (inputs: null, -16.99152082463595, 1.0, 1.0, "test")
- Cluster 1: returns {"allowed":false,"newState":{"lastRefillMs":1,"penaltyUnt... (inputs: null, 42.62511217835961, 1.0, 1.0, "test")
- Cluster 2: returns {"allowed":false,"newState":{"lastRefillMs":1,"penaltyUnt... (inputs: null, 3.372280102812806, 1.0, 1.0, "test")
- Cluster 3: returns {"allowed":false,"newState":{"lastRefillMs":1,"penaltyUnt... (inputs: null, 42.650327246655294, 1.0, 1.0, "test")
- Cluster 4: returns {"allowed":false,"newState":{"lastRefillMs":1,"penaltyUnt... (inputs: null, 0.5902245453137174, 1.0, 1.0, "test")
- ... and 83 more clusters

### `matchRoute`

- **File:** /tmp/shatter-examples.e644oibi/standalone/ts/10-path-router.ts
- **Coverage:** 12.0%
- **Branches:** 3/19
- **Lines:** 6/50
- **Iterations:** 100
- **Constraints collected:** 142

**Behaviors:**

- Cluster 0: returns {"message":"empty path","status":"error"} (inputs: [], "length", "")
- Cluster 1: returns {"message":"path must start with /","status":"error"} (inputs: [], "", "length")
- Cluster 2: returns {"message":"empty path","status":"error"} (inputs: [], "error", "")
- Cluster 3: returns {"message":"path must start with /","status":"error"} (inputs: [], "", "error")
- Cluster 4: returns {"message":"empty path","status":"error"} (inputs: [], "empty path", "")
- ... and 41 more clusters

### `resolveMiddleware`

- **File:** /tmp/shatter-examples.e644oibi/standalone/ts/10-path-router.ts
- **Coverage:** 93.8%
- **Branches:** 7/7
- **Lines:** 15/16
- **Iterations:** 100
- **Constraints collected:** 415

**Behaviors:**

- Cluster 0: returns {"middleware":["logging","error-handler"],"status":"ok"} (inputs: {"allowedOrigins":[],"contentType":"logging","corsOrigin"..., null)
- Cluster 1: returns {"middleware":[],"reason":"missing auth","status":"reject... (inputs: {"allowedOrigins":[],"contentType":"logging","corsOrigin"..., null)
- Cluster 2: returns {"middleware":[],"reason":"origin not allowed","status":"... (inputs: {"allowedOrigins":[],"contentType":"","corsOrigin":"loggi..., null)
- Cluster 3: returns {"middleware":["logging","error-handler"],"status":"ok"} (inputs: {"allowedOrigins":[],"contentType":"","corsOrigin":null,"..., "logging")
- Cluster 4: returns {"middleware":["logging","error-handler"],"status":"ok"} (inputs: {"allowedOrigins":[],"contentType":"error-handler","corsO..., null)
- ... and 83 more clusters

### `compoundAnd`

- **File:** /tmp/shatter-examples.e644oibi/standalone/ts/13-mcdc-compound.ts
- **Coverage:** 100.0%
- **Branches:** 1/1
- **Lines:** 3/3
- **Iterations:** 100
- **Constraints collected:** 110

**Behaviors:**

- Cluster 0: returns "both" (inputs: 257.0221778466292, 1.0)
- Cluster 1: returns "both" (inputs: 42.705912881927176, 1.0)
- Cluster 2: returns "neither" (inputs: -16.880324394287868, 1.0)
- Cluster 3: returns "neither" (inputs: -0.18295278433231915, 1.0)
- Cluster 4: returns "both" (inputs: 3.566746850628723, 1.0)
- ... and 10 more clusters

### `compoundOr`

- **File:** /tmp/shatter-examples.e644oibi/standalone/ts/13-mcdc-compound.ts
- **Coverage:** 100.0%
- **Branches:** 1/1
- **Lines:** 3/3
- **Iterations:** 100
- **Constraints collected:** 100

**Behaviors:**

- Cluster 0: returns "either" (inputs: false, true)
- Cluster 1: returns "none" (inputs: false, false)
- Cluster 2: returns "either" (inputs: true, false)

### `threeWayAnd`

- **File:** /tmp/shatter-examples.e644oibi/standalone/ts/13-mcdc-compound.ts
- **Coverage:** 100.0%
- **Branches:** 1/1
- **Lines:** 3/3
- **Iterations:** 100
- **Constraints collected:** 115

**Behaviors:**

- Cluster 0: returns "not all positive" (inputs: -0.07741997501696474, 1.0, 1.0)
- Cluster 1: returns "not all positive" (inputs: -17.273839000737937, 1.0, 1.0)
- Cluster 2: returns "all positive" (inputs: 1.88675777489161, 1.0, 1.0)
- Cluster 3: returns "all positive" (inputs: 257.04743702366676, 1.0, 1.0)
- Cluster 4: returns "all positive" (inputs: 0.6661541840053398, 1.0, 1.0)
- ... and 13 more clusters

### `intToRoman`

- **File:** /tmp/shatter-examples.e644oibi/standalone/ts/13-roman-numerals.ts
- **Coverage:** 100.0%
- **Branches:** 2/2
- **Lines:** 9/9
- **Iterations:** 100
- **Constraints collected:** 1131

**Behaviors:**

- Cluster 0: returns "XLII" (inputs: 42.66635243607668)
- Cluster 1: returns "I" (inputs: 1.8422708734601727)
- Cluster 2: throws Error: out of range (inputs: -2.6780047818860484)
- Cluster 3: returns "III" (inputs: 3.3965710624350627)
- Cluster 4: returns "CCLVII" (inputs: 257.3272681357695)
- ... and 17 more clusters

### `romanToInt`

- **File:** /tmp/shatter-examples.e644oibi/standalone/ts/13-roman-numerals.ts
- **Coverage:** 82.4%
- **Branches:** 4/5
- **Lines:** 14/17
- **Iterations:** 100
- **Constraints collected:** 112

**Behaviors:**

- Cluster 0: throws Error: invalid roman numeral (inputs: "length")
- Cluster 1: returns 0 (inputs: "")
- Cluster 2: throws Error: invalid roman numeral (inputs: "toUpperCase")
- Cluster 3: throws Error: invalid roman numeral (inputs: "invalid roman numeral")

### `parseSemver`

- **File:** /tmp/shatter-examples.e644oibi/standalone/ts/14-semver.ts
- **Coverage:** 36.4%
- **Branches:** 3/6
- **Lines:** 8/22
- **Iterations:** 100
- **Constraints collected:** 132

**Behaviors:**

- Cluster 0: throws Error: invalid semver (inputs: "length")
- Cluster 1: throws Error: invalid semver (inputs: "")
- Cluster 2: throws Error: invalid semver (inputs: "invalid semver")
- Cluster 3: throws Error: invalid semver (inputs: "startsWith")
- Cluster 4: throws Error: invalid semver (inputs: "v")
- ... and 7 more clusters

### `satisfiesRange`

- **File:** /tmp/shatter-examples.e644oibi/standalone/ts/14-semver.ts
- **Coverage:** 63.9%
- **Branches:** 7/16
- **Lines:** 23/36
- **Iterations:** 100
- **Constraints collected:** 456

**Behaviors:**

- Cluster 0: throws Error: invalid semver (inputs: "*", "")
- Cluster 1: returns true (inputs: "*", "*")
- Cluster 2: returns true (inputs: "", "*")
- Cluster 3: throws Error: invalid semver (inputs: "x", "")
- Cluster 4: returns true (inputs: "", "x")
- ... and 65 more clusters

### `validateEmail`

- **File:** /tmp/shatter-examples.e644oibi/standalone/ts/15-email-validator.ts
- **Coverage:** 29.8%
- **Branches:** 6/19
- **Lines:** 14/47
- **Iterations:** 100
- **Constraints collected:** 214

**Behaviors:**

- Cluster 0: returns {"reason":"missing @","valid":false} (inputs: "length")
- Cluster 1: returns {"reason":"empty","valid":false} (inputs: "")
- Cluster 2: returns {"reason":"missing @","valid":false} (inputs: "empty")
- Cluster 3: returns {"reason":"missing @","valid":false} (inputs: "indexOf")
- Cluster 4: returns {"reason":"empty local part","valid":false} (inputs: "@")
- ... and 31 more clusters

### `parseCron`

- **File:** /tmp/shatter-examples.e644oibi/standalone/ts/16-cron-parser.ts
- **Coverage:** 81.2%
- **Branches:** 3/11
- **Lines:** 13/16
- **Iterations:** 100
- **Constraints collected:** 149

**Behaviors:**

- Cluster 0: throws Error: expected 5 fields (inputs: "true")
- Cluster 1: throws Error: empty expression (inputs: "")
- Cluster 2: throws Error: expected 5 fields (inputs: "length")
- Cluster 3: throws Error: expected 5 fields (inputs: "empty expression")
- Cluster 4: throws Error: expected 5 fields (inputs: "startsWith")
- ... and 18 more clusters

### `classifyConfigs`

- **File:** /tmp/shatter-examples.e644oibi/standalone/ts/17-mock-branches.ts
- **Coverage:** 41.7%
- **Branches:** 1/4
- **Lines:** 5/12
- **Iterations:** 100
- **Constraints collected:** 100

**Behaviors:**

- Cluster 0: throws Error: ENOENT: no such file or directory, open 'length' (inputs: ["length"])
- Cluster 1: returns "no-comments" (inputs: {"length":0})
- Cluster 2: throws Error: ENOENT: no such file or directory, open 'no-comments' (inputs: ["no-comments"])
- Cluster 3: throws Error: ENOENT: no such file or directory, open 'utf-8' (inputs: ["utf-8"])
- Cluster 4: throws Error: ENOENT: no such file or directory, open 'startsWith' (inputs: ["startsWith"])
- ... and 4 more clusters

### `classifyStatus`

- **File:** /tmp/shatter-examples.e644oibi/standalone/ts/17-mock-branches.ts
- **Coverage:** 12.5%
- **Branches:** 0/3
- **Lines:** 1/8
- **Iterations:** 100
- **Constraints collected:** 0

**Behaviors:**

- Cluster 0: throws Error: ENOENT: no such file or directory, open 'trim' (inputs: "trim")
- Cluster 1: throws Error: ENOENT: no such file or directory, open 'utf-8' (inputs: "utf-8")
- Cluster 2: throws Error: ENOENT: no such file or directory, open 'length' (inputs: "length")
- Cluster 3: throws Error: ENOENT: no such file or directory, open 'empty' (inputs: "empty")
- Cluster 4: throws Error: ENOENT: no such file or directory, open 'short' (inputs: "short")
- ... and 31 more clusters

### `loadOrDefault`

- **File:** /tmp/shatter-examples.e644oibi/standalone/ts/17-mock-branches.ts
- **Coverage:** 33.3%
- **Branches:** 1/2
- **Lines:** 2/6
- **Iterations:** 100
- **Constraints collected:** 100

**Behaviors:**

- Cluster 0: returns "missing" (inputs: "missing")
- Cluster 1: returns "missing" (inputs: "utf-8")
- Cluster 2: returns "missing" (inputs: "loaded")
- Cluster 3: returns "missing" (inputs: "empty-config")
- Cluster 4: returns "missing" (inputs: "/tmp/data/report.csv")
- ... and 31 more clusters

### `negotiateLanguage`

- **File:** /tmp/shatter-examples.e644oibi/standalone/ts/18-accept-language.ts
- **Coverage:** 17.9%
- **Branches:** 2/12
- **Lines:** 5/28
- **Iterations:** 100
- **Constraints collected:** 120

**Behaviors:**

- Cluster 0: returns {"matchedRange":null,"quality":0,"reason":"no-supported",... (inputs: "length", [])
- Cluster 1: throws TypeError: supported.map is not a function (inputs: "length", {"length":1})
- Cluster 2: returns {"matchedRange":null,"quality":1,"reason":"default","sele... (inputs: "", ["length"])
- Cluster 3: returns {"matchedRange":null,"quality":0,"reason":"no-supported",... (inputs: "no-supported", [])
- Cluster 4: returns {"matchedRange":null,"quality":1,"reason":"default","sele... (inputs: "", ["no-supported"])
- ... and 67 more clusters

### `evaluateRobotsPolicy`

- **File:** /tmp/shatter-examples.e644oibi/standalone/ts/19-robots-policy.ts
- **Coverage:** 39.3%
- **Branches:** 3/9
- **Lines:** 11/28
- **Iterations:** 100
- **Constraints collected:** 144

**Behaviors:**

- Cluster 0: returns {"allowed":false,"crawlDelay":null,"matchedDirective":nul... (inputs: "length", "", "")
- Cluster 1: returns {"allowed":false,"crawlDelay":null,"matchedDirective":nul... (inputs: "", "length", "")
- Cluster 2: returns {"allowed":false,"crawlDelay":null,"matchedDirective":nul... (inputs: "", "", "length")
- Cluster 3: returns {"allowed":false,"crawlDelay":null,"matchedDirective":nul... (inputs: "missing-user-agent", "", "")
- Cluster 4: returns {"allowed":false,"crawlDelay":null,"matchedDirective":nul... (inputs: "", "missing-user-agent", "")
- ... and 91 more clusters

### `parseDotenv`

- **File:** /tmp/shatter-examples.e644oibi/standalone/ts/20-dotenv-parser.ts
- **Coverage:** 28.9%
- **Branches:** 4/12
- **Lines:** 13/45
- **Iterations:** 100
- **Constraints collected:** 476

**Behaviors:**

- Cluster 0: returns {"values":{},"warnings":["line 1: missing separator"]} (inputs: "split")
- Cluster 1: returns {"values":{},"warnings":["line 1: missing separator"]} (inputs: "replace")
- Cluster 2: returns {"values":{},"warnings":["line 1: missing separator"]} (inputs: "\\r\\n?")
- Cluster 3: returns {"values":{},"warnings":[]} (inputs: "\n")
- Cluster 4: returns {"values":{},"warnings":["line 1: missing separator"]} (inputs: "length")
- ... and 57 more clusters

### `classifySecret`

- **File:** /tmp/shatter-examples.e644oibi/standalone/ts/21-crypto-boundary.ts
- **Coverage:** 28.6%
- **Branches:** 0/2
- **Lines:** 2/7
- **Iterations:** 100
- **Constraints collected:** 0

**Behaviors:**

- Cluster 0: throws Error: error:1C80006B:Provider routines::wrong final block length (inputs: {"__complex_type":"buffer","encoding":"base64","value":""})
- Cluster 1: throws Error: error:1C80006B:Provider routines::wrong final block length (inputs: {"__complex_type":"buffer","encoding":"base64","value":"/...)
- Cluster 2: throws Error: error:1C80006B:Provider routines::wrong final block length (inputs: {"__complex_type":"buffer","encoding":"base64","value":"S...)
- Cluster 3: throws Error: error:1C80006B:Provider routines::wrong final block length (inputs: {"__complex_type":"buffer","encoding":"base64","value":"A...)
- Cluster 4: throws Error: error:1C80006B:Provider routines::wrong final block length (inputs: {"__complex_type":"buffer","encoding":"base64","value":"A...)

### `encrypt`

- **File:** /tmp/shatter-examples.e644oibi/standalone/ts/21-crypto-boundary.ts
- **Coverage:** 100.0%
- **Branches:** 0/0
- **Lines:** 2/2
- **Iterations:** 100
- **Constraints collected:** 0

**Behaviors:**

- Cluster 0: returns {"data":[86,249,108,251,56,85,251,68,141,47,62,120,107,11... (inputs: "createCipheriv")
- Cluster 1: returns {"data":[81,151,130,15,43,241,122,102,170,221,110,71,109,... (inputs: "aes-256-cbc")
- Cluster 2: returns {"data":[192,30,155,104,180,162,112,41,225,98,44,61,106,1... (inputs: "concat")
- Cluster 3: returns {"data":[49,179,220,174,138,131,65,225,242,205,202,29,178... (inputs: "update")
- Cluster 4: returns {"data":[109,221,35,30,169,157,230,150,55,149,85,178,8,15... (inputs: "utf8")
- ... and 51 more clusters

### `classifyWithChecksum`

- **File:** /tmp/shatter-examples.e644oibi/standalone/ts/22-opaque-predicate.ts
- **Coverage:** 90.0%
- **Branches:** 4/4
- **Lines:** 9/10
- **Iterations:** 100
- **Constraints collected:** 143

**Behaviors:**

- Cluster 0: returns "checksum-miss" (inputs: "length")
- Cluster 1: returns "empty" (inputs: "")
- Cluster 2: returns "checksum-miss" (inputs: "empty")
- Cluster 3: returns "checksum-miss" (inputs: "too-long")
- Cluster 4: returns "checksum-miss" (inputs: "charCodeAt")
- ... and 2 more clusters

## Uncovered Branches

- `classifyString`: 0 uncovered branch(es) (90.9% coverage)
- `categorizeUser`: 1 uncovered branch(es) (72.7% coverage)
- `computeStats`: 0 uncovered branch(es) (75.0% coverage)
- `safeDivide`: 0 uncovered branch(es) (87.5% coverage)
- `computeArea`: 6 uncovered branch(es) (10.0% coverage)
- `routeRequest`: 7 uncovered branch(es) (30.8% coverage)
- `classifyHttpResponse`: 0 uncovered branch(es) (96.3% coverage)
- `processStateMachine`: 10 uncovered branch(es) (37.9% coverage)
- `authorizeRequest`: 12 uncovered branch(es) (13.8% coverage)
- `validateJwt`: 6 uncovered branch(es) (19.2% coverage)
- `checkRateLimit`: 1 uncovered branch(es) (77.8% coverage)
- `matchRoute`: 16 uncovered branch(es) (12.0% coverage)
- `resolveMiddleware`: 0 uncovered branch(es) (93.8% coverage)
- `romanToInt`: 1 uncovered branch(es) (82.4% coverage)
- `parseSemver`: 3 uncovered branch(es) (36.4% coverage)
- `satisfiesRange`: 9 uncovered branch(es) (63.9% coverage)
- `validateEmail`: 13 uncovered branch(es) (29.8% coverage)
- `parseCron`: 8 uncovered branch(es) (81.2% coverage)
- `classifyConfigs`: 3 uncovered branch(es) (41.7% coverage)
- `classifyStatus`: 3 uncovered branch(es) (12.5% coverage)
- `loadOrDefault`: 1 uncovered branch(es) (33.3% coverage)
- `negotiateLanguage`: 10 uncovered branch(es) (17.9% coverage)
- `evaluateRobotsPolicy`: 6 uncovered branch(es) (39.3% coverage)
- `parseDotenv`: 8 uncovered branch(es) (28.9% coverage)
- `classifySecret`: 2 uncovered branch(es) (28.6% coverage)
- `classifyWithChecksum`: 0 uncovered branch(es) (90.0% coverage)

## Interesting Inputs

### `classifyNumber`

- 0 -> "zero"
- -1 -> "negative"

### `compareMagnitudes`

- 100.0, 0.0 -> "both-small"
- 101, 0 -> "sum-large"
- 0.0, 100.0 -> "both-small"
- 1000.0, 0.0 -> "sum-large"
- 0.0, 1000.0 -> "sum-large"
- 100, 0 -> "both-small"

### `classifyString`

- "" -> "empty"

### `transformString`

- "upper", "", 0 -> "upper"
- "upper", "upper", 0 -> "UPPER"
- "", "lower", 0 -> ""
- "", "reverse", 0 -> ""
- "", "repeat", 0 -> ""
- "", "repeat", 1 -> ""
- "", "upper", 0 -> ""
- "toUpperCase", "", 0 -> "toUpperCase"
- "", "toUpperCase", 0 -> ""
- "lower", "", 0 -> "lower"
- "toLowerCase", "", 0 -> "toLowerCase"
- "", "toLowerCase", 0 -> ""
- "reverse", "", 0 -> "reverse"
- "join", "", 0 -> "join"
- "", "join", 0 -> ""
- "split", "", 0 -> "split"
- "", "split", 0 -> ""
- "", "", 0 -> ""
- "repeat", "", 0 -> "repeat"
- "upper", "lower", 0 -> "upper"
- "upper", "reverse", 0 -> "reppu"
- "upper", "repeat", 0 -> ""
- "toUpperCase", "upper", 0 -> "TOUPPERCASE"
- "toUpperCase", "lower", 0 -> "touppercase"
- "toUpperCase", "reverse", 0 -> "esaCreppUot"
- "toUpperCase", "repeat", 0 -> ""
- "lower", "upper", 0 -> "LOWER"
- "lower", "lower", 0 -> "lower"
- "lower", "reverse", 0 -> "rewol"
- "lower", "repeat", 0 -> ""
- "toLowerCase", "upper", 0 -> "TOLOWERCASE"
- "toLowerCase", "lower", 0 -> "tolowercase"
- "toLowerCase", "reverse", 0 -> "esaCrewoLot"
- "toLowerCase", "repeat", 0 -> ""
- "reverse", "upper", 0 -> "REVERSE"
- "reverse", "lower", 0 -> "reverse"
- "reverse", "reverse", 0 -> "esrever"
- "reverse", "repeat", 0 -> ""
- "join", "upper", 0 -> "JOIN"
- "join", "lower", 0 -> "join"
- "join", "reverse", 0 -> "nioj"
- "join", "repeat", 0 -> ""
- "split", "upper", 0 -> "SPLIT"
- "split", "lower", 0 -> "split"
- "split", "reverse", 0 -> "tilps"
- "split", "repeat", 0 -> ""
- "repeat", "upper", 0 -> "REPEAT"
- "repeat", "lower", 0 -> "repeat"
- "repeat", "reverse", 0 -> "taeper"
- "repeat", "repeat", 0 -> ""

### `categorizeUser`

- {"age":-1,"isVerified":false,"name":"age","role":""} -> **error:** Error: invalid age
- {"age":-1,"isVerified":false,"name":"","role":"age"} -> **error:** Error: invalid age
- {"age":-1,"isVerified":false,"name":"invalid age","role":""} -> **error:** Error: invalid age
- {"age":-1,"isVerified":false,"name":"","role":"invalid age"} -> **error:** Error: invalid age
- {"age":-1,"isVerified":false,"name":"child","role":""} -> **error:** Error: invalid age
- {"age":-1,"isVerified":false,"name":"","role":"child"} -> **error:** Error: invalid age
- {"age":-1,"isVerified":false,"name":"teen","role":""} -> **error:** Error: invalid age
- {"age":-1,"isVerified":false,"name":"","role":"teen"} -> **error:** Error: invalid age
- {"age":-1,"isVerified":false,"name":"isVerified","role":""} -> **error:** Error: invalid age
- {"age":-1,"isVerified":false,"name":"","role":"isVerified"} -> **error:** Error: invalid age
- {"age":-1,"isVerified":false,"name":"role","role":""} -> **error:** Error: invalid age
- {"age":-1,"isVerified":false,"name":"","role":"role"} -> **error:** Error: invalid age
- {"age":-1,"isVerified":false,"name":"admin","role":""} -> **error:** Error: invalid age
- {"age":-1,"isVerified":false,"name":"","role":"admin"} -> **error:** Error: invalid age
- {"age":-1,"isVerified":false,"name":"verified-user","role... -> **error:** Error: invalid age
- {"age":-1,"isVerified":false,"name":"","role":"verified-u... -> **error:** Error: invalid age
- {"age":-1,"isVerified":false,"name":"unverified-user","ro... -> **error:** Error: invalid age
- {"age":-1,"isVerified":false,"name":"","role":"unverified... -> **error:** Error: invalid age

### `describeRectangle`

- {"height":0.0,"width":0.0} -> **error:** Error: non-positive dimension
- {"height":1,"width":0} -> **error:** Error: non-positive dimension

### `computeStats`

- {"length":0} -> **error:** Error: empty array
- {"length":1} -> **error:** TypeError: items is not iterable

### `safeDivide`

- 0.0, 0.0 -> **error:** Error: division by zero
- 0.0, 1 -> 0
- 0.0, 0 -> **error:** Error: division by zero

### `computeArea`

- null -> **error:** TypeError: Cannot read properties of null (reading 'kind')

### `routeRequest`

- {"authenticated":false,"body":null,"method":"length","pat... -> **error:** Error: empty path
- {"authenticated":false,"body":"length","method":"GET","pa... -> **error:** Error: empty path
- {"authenticated":false,"body":null,"method":"path","path"... -> **error:** Error: empty path
- {"authenticated":false,"body":"path","method":"GET","path... -> **error:** Error: empty path
- {"authenticated":false,"body":null,"method":"empty path",... -> **error:** Error: empty path
- {"authenticated":false,"body":"empty path","method":"GET"... -> **error:** Error: empty path
- {"authenticated":false,"body":null,"method":"method","pat... -> **error:** Error: empty path
- {"authenticated":false,"body":"method","method":"GET","pa... -> **error:** Error: empty path
- {"authenticated":false,"body":null,"method":"GET","path":""} -> **error:** Error: empty path
- {"authenticated":false,"body":"GET","method":"GET","path"... -> **error:** Error: empty path
- {"authenticated":false,"body":null,"method":"read","path"... -> **error:** Error: empty path
- {"authenticated":false,"body":"read","method":"GET","path... -> **error:** Error: empty path
- {"authenticated":false,"body":null,"method":"DELETE","pat... -> **error:** Error: empty path
- {"authenticated":false,"body":"DELETE","method":"GET","pa... -> **error:** Error: empty path
- {"authenticated":false,"body":null,"method":"authenticate... -> **error:** Error: empty path
- {"authenticated":false,"body":"authenticated","method":"G... -> **error:** Error: empty path
- {"authenticated":false,"body":null,"method":"auth require... -> **error:** Error: empty path
- {"authenticated":false,"body":"auth required","method":"G... -> **error:** Error: empty path
- {"authenticated":false,"body":null,"method":"delete","pat... -> **error:** Error: empty path
- {"authenticated":false,"body":"delete","method":"GET","pa... -> **error:** Error: empty path
- {"authenticated":false,"body":null,"method":"POST","path"... -> **error:** Error: empty path
- {"authenticated":false,"body":"POST","method":"GET","path... -> **error:** Error: empty path
- {"authenticated":false,"body":null,"method":"body","path"... -> **error:** Error: empty path
- {"authenticated":false,"body":"body","method":"GET","path... -> **error:** Error: empty path
- {"authenticated":false,"body":null,"method":"body require... -> **error:** Error: empty path
- {"authenticated":false,"body":"body required","method":"G... -> **error:** Error: empty path
- {"authenticated":false,"body":null,"method":"create","pat... -> **error:** Error: empty path
- {"authenticated":false,"body":"create","method":"GET","pa... -> **error:** Error: empty path
- {"authenticated":false,"body":null,"method":"PUT","path":""} -> **error:** Error: empty path
- {"authenticated":false,"body":"PUT","method":"GET","path"... -> **error:** Error: empty path
- {"authenticated":false,"body":null,"method":"update","pat... -> **error:** Error: empty path
- {"authenticated":false,"body":"update","method":"GET","pa... -> **error:** Error: empty path

### `classifyHttpResponse`

- 100.0, "", null -> "informational"
- 200.0, "", null -> "ok-binary"
- 300.0, "", null -> "redirect-other"
- 201.0, "", null -> "created-empty"
- 204.0, "", null -> "no-content"
- 400.0, "", null -> "client-error"
- 301.0, "", null -> "redirect"
- 500.0, "", null -> "server-error"
- 401.0, "", null -> "auth-error"
- 200, "text/", null -> "ok-text"
- 200, "application/json", null -> "ok-json"
- 264, "", null -> "success-other"
- 3.324369040849812, "test", null -> **error:** Error: invalid status
- 42.55270579061364, "test", null -> **error:** Error: invalid status
- 42.77614730637012, "test", null -> **error:** Error: invalid status
- 42.85080603549424, "test", null -> **error:** Error: invalid status
- 0.3430748269060615, "test", null -> **error:** Error: invalid status
- 0, "", null -> **error:** Error: invalid status
- 600.0, "", null -> **error:** Error: invalid status
- 0.0, "invalid status", null -> **error:** Error: invalid status
- 0.0, "", "invalid status" -> **error:** Error: invalid status
- 0.0, "informational", null -> **error:** Error: invalid status
- 0.0, "", "informational" -> **error:** Error: invalid status
- 0.0, "startsWith", null -> **error:** Error: invalid status
- 0.0, "", "startsWith" -> **error:** Error: invalid status
- 0.0, "text/", null -> **error:** Error: invalid status
- 0.0, "", "text/" -> **error:** Error: invalid status
- 0.0, "ok-text", null -> **error:** Error: invalid status
- 0.0, "", "ok-text" -> **error:** Error: invalid status
- 0.0, "application/json", null -> **error:** Error: invalid status
- 0.0, "", "application/json" -> **error:** Error: invalid status
- 0.0, "ok-json", null -> **error:** Error: invalid status
- 0.0, "", "ok-json" -> **error:** Error: invalid status
- 0.0, "ok-binary", null -> **error:** Error: invalid status
- 0.0, "", "ok-binary" -> **error:** Error: invalid status
- 0.0, "length", null -> **error:** Error: invalid status
- 0.0, "", "length" -> **error:** Error: invalid status
- 0.0, "", null -> **error:** Error: invalid status
- 0.0, "created-with-body", null -> **error:** Error: invalid status
- 0.0, "", "created-with-body" -> **error:** Error: invalid status
- 0.0, "created-empty", null -> **error:** Error: invalid status
- 0.0, "", "created-empty" -> **error:** Error: invalid status
- 0.0, "no-content", null -> **error:** Error: invalid status
- 0.0, "", "no-content" -> **error:** Error: invalid status
- 0.0, "success-other", null -> **error:** Error: invalid status
- 0.0, "", "success-other" -> **error:** Error: invalid status
- 302.0, "", null -> "redirect"
- 0.0, "redirect", null -> **error:** Error: invalid status
- 0.0, "", "redirect" -> **error:** Error: invalid status
- 0.0, "redirect-other", null -> **error:** Error: invalid status
- 0.0, "", "redirect-other" -> **error:** Error: invalid status
- 403.0, "", null -> "auth-error"
- 0.0, "auth-error", null -> **error:** Error: invalid status
- 0.0, "", "auth-error" -> **error:** Error: invalid status
- 0.0, "client-error", null -> **error:** Error: invalid status
- 0.0, "", "client-error" -> **error:** Error: invalid status
- 0.0, "server-error", null -> **error:** Error: invalid status
- 0.0, "", "server-error" -> **error:** Error: invalid status
- 456, "", null -> "client-error"
- 580, "", null -> "server-error"
- 580, "invalid status", null -> "server-error"
- 580, "", "invalid status" -> "server-error"
- 164, "", null -> "informational"
- 556, "", null -> "server-error"
- 201, "", null -> "created-empty"
- 580, "informational", null -> "server-error"
- 580, "", "informational" -> "server-error"
- 528, "", null -> "server-error"
- 301, "", null -> "redirect"
- 580, "startsWith", null -> "server-error"
- 580, "", "startsWith" -> "server-error"
- 580, "text/", null -> "server-error"
- 580, "", "text/" -> "server-error"
- 580, "ok-text", null -> "server-error"
- 580, "", "ok-text" -> "server-error"
- 580, "application/json", null -> "server-error"
- 580, "", "application/json" -> "server-error"
- 580, "ok-json", null -> "server-error"
- 580, "", "ok-json" -> "server-error"
- 580, "ok-binary", null -> "server-error"
- 580, "", "ok-binary" -> "server-error"
- 200, "", null -> "ok-binary"
- 580, "length", null -> "server-error"
- 580, "", "length" -> "server-error"
- 580, "created-with-body", null -> "server-error"
- 580, "", "created-with-body" -> "server-error"
- 580, "created-empty", null -> "server-error"
- 580, "", "created-empty" -> "server-error"
- 202, "", null -> "success-other"
- 580, "no-content", null -> "server-error"
- 580, "", "no-content" -> "server-error"

### `processStateMachine`

- ["idle"], 0.0 -> "invalid-transition"
- {"length":0}, 0.0 -> "idle"
- ["start"], 0.0 -> "loading"
- {"length":1}, 0.0 -> **error:** TypeError: events is not iterable
- null, 257.27641366763055 -> **error:** TypeError: Cannot read properties of null (reading 'length')
- null, 257.03600891380523 -> **error:** TypeError: Cannot read properties of null (reading 'length')
- null, 0.5186083577737748 -> **error:** TypeError: Cannot read properties of null (reading 'length')
- null, 257.4183670758336 -> **error:** TypeError: Cannot read properties of null (reading 'length')
- null, 7.130964310781021 -> **error:** TypeError: Cannot read properties of null (reading 'length')
- [], 0.0 -> "idle"
- ["length"], 0.0 -> "invalid-transition"
- ["loading"], 0.0 -> "invalid-transition"
- ["invalid-transition"], 0.0 -> "invalid-transition"
- ["success"], 0.0 -> "invalid-transition"
- ["error"], 0.0 -> "invalid-transition"
- ["reset"], 0.0 -> "invalid-transition"
- ["done"], 0.0 -> "invalid-transition"

### `authorizeRequest`

- {"active":false,"id":"length","roles":[]}, "", "", "" -> "denied: no roles"
- {"active":false,"id":"length","roles":{"length":1}}, "", "", "" -> "denied: inactive user"
- {"active":false,"id":"","roles":[]}, "length", "", "" -> "denied: no roles"
- {"active":false,"id":"","roles":[]}, "", "length", "" -> "denied: no roles"
- {"active":false,"id":"","roles":[]}, "", "", "length" -> "denied: no roles"
- {"active":false,"id":"roles","roles":[]}, "", "", "" -> "denied: no roles"
- {"active":false,"id":"","roles":[]}, "roles", "", "" -> "denied: no roles"
- {"active":false,"id":"","roles":[]}, "", "roles", "" -> "denied: no roles"
- {"active":false,"id":"","roles":[]}, "", "", "roles" -> "denied: no roles"
- {"active":false,"id":"denied: no roles","roles":[]}, "", "", "" -> "denied: no roles"
- {"active":false,"id":"","roles":[]}, "denied: no roles", "", "" -> "denied: no roles"
- {"active":false,"id":"","roles":[]}, "", "denied: no roles", "" -> "denied: no roles"
- {"active":false,"id":"","roles":[]}, "", "", "denied: no roles" -> "denied: no roles"
- {"active":false,"id":"active","roles":[]}, "", "", "" -> "denied: no roles"
- {"active":false,"id":"","roles":[]}, "active", "", "" -> "denied: no roles"
- {"active":false,"id":"","roles":[]}, "", "active", "" -> "denied: no roles"
- {"active":false,"id":"","roles":[]}, "", "", "active" -> "denied: no roles"
- {"active":false,"id":"denied: inactive user","roles":[]}, "", "", "" -> "denied: no roles"
- {"active":false,"id":"","roles":[]}, "denied: inactive user", "", "" -> "denied: no roles"
- {"active":false,"id":"","roles":[]}, "", "denied: inactive user", "" -> "denied: no roles"
- {"active":false,"id":"","roles":[]}, "", "", "denied: inactive user" -> "denied: no roles"
- {"active":false,"id":"denied: invalid resource","roles":[]}, "", "", "" -> "denied: no roles"
- {"active":false,"id":"","roles":[]}, "denied: invalid resource", "", "" -> "denied: no roles"
- {"active":false,"id":"","roles":[]}, "", "denied: invalid resource", "" -> "denied: no roles"
- {"active":false,"id":"","roles":[]}, "", "", "denied: invalid resource" -> "denied: no roles"
- {"active":false,"id":"includes","roles":[]}, "", "", "" -> "denied: no roles"
- {"active":false,"id":"","roles":[]}, "includes", "", "" -> "denied: no roles"
- {"active":false,"id":"","roles":[]}, "", "includes", "" -> "denied: no roles"
- {"active":false,"id":"","roles":[]}, "", "", "includes" -> "denied: no roles"
- {"active":false,"id":"denied: invalid action","roles":[]}, "", "", "" -> "denied: no roles"
- {"active":false,"id":"","roles":[]}, "denied: invalid action", "", "" -> "denied: no roles"
- {"active":false,"id":"","roles":[]}, "", "denied: invalid action", "" -> "denied: no roles"
- {"active":false,"id":"","roles":[]}, "", "", "denied: invalid action" -> "denied: no roles"
- {"active":false,"id":"superadmin","roles":[]}, "", "", "" -> "denied: no roles"
- {"active":false,"id":"","roles":[]}, "superadmin", "", "" -> "denied: no roles"
- {"active":false,"id":"","roles":[]}, "", "superadmin", "" -> "denied: no roles"
- {"active":false,"id":"","roles":[]}, "", "", "superadmin" -> "denied: no roles"
- {"active":false,"id":"granted: superadmin","roles":[]}, "", "", "" -> "denied: no roles"
- {"active":false,"id":"","roles":[]}, "granted: superadmin", "", "" -> "denied: no roles"
- {"active":false,"id":"","roles":[]}, "", "granted: superadmin", "" -> "denied: no roles"
- {"active":false,"id":"","roles":[]}, "", "", "granted: superadmin" -> "denied: no roles"
- {"active":false,"id":"id","roles":[]}, "", "", "" -> "denied: no roles"
- {"active":false,"id":"","roles":[]}, "id", "", "" -> "denied: no roles"
- {"active":false,"id":"","roles":[]}, "", "id", "" -> "denied: no roles"
- {"active":false,"id":"","roles":[]}, "", "", "id" -> "denied: no roles"
- {"active":false,"id":"read","roles":[]}, "", "", "" -> "denied: no roles"
- {"active":false,"id":"","roles":[]}, "read", "", "" -> "denied: no roles"
- {"active":false,"id":"","roles":[]}, "", "read", "" -> "denied: no roles"
- {"active":false,"id":"","roles":[]}, "", "", "read" -> "denied: no roles"
- {"active":false,"id":"granted: owner-read","roles":[]}, "", "", "" -> "denied: no roles"
- {"active":false,"id":"","roles":[]}, "granted: owner-read", "", "" -> "denied: no roles"
- {"active":false,"id":"","roles":[]}, "", "granted: owner-read", "" -> "denied: no roles"
- {"active":false,"id":"","roles":[]}, "", "", "granted: owner-read" -> "denied: no roles"
- {"active":false,"id":"write","roles":[]}, "", "", "" -> "denied: no roles"
- {"active":false,"id":"","roles":[]}, "write", "", "" -> "denied: no roles"
- {"active":false,"id":"","roles":[]}, "", "write", "" -> "denied: no roles"
- {"active":false,"id":"","roles":[]}, "", "", "write" -> "denied: no roles"
- {"active":false,"id":"granted: owner-write","roles":[]}, "", "", "" -> "denied: no roles"
- {"active":false,"id":"","roles":[]}, "granted: owner-write", "", "" -> "denied: no roles"
- {"active":false,"id":"","roles":[]}, "", "granted: owner-write", "" -> "denied: no roles"
- {"active":false,"id":"","roles":[]}, "", "", "granted: owner-write" -> "denied: no roles"
- {"active":false,"id":"delete","roles":[]}, "", "", "" -> "denied: no roles"
- {"active":false,"id":"","roles":[]}, "delete", "", "" -> "denied: no roles"
- {"active":false,"id":"","roles":[]}, "", "delete", "" -> "denied: no roles"
- {"active":false,"id":"","roles":[]}, "", "", "delete" -> "denied: no roles"
- {"active":false,"id":"granted: owner-delete","roles":[]}, "", "", "" -> "denied: no roles"
- {"active":false,"id":"","roles":[]}, "granted: owner-delete", "", "" -> "denied: no roles"
- {"active":false,"id":"","roles":[]}, "", "granted: owner-delete", "" -> "denied: no roles"
- {"active":false,"id":"","roles":[]}, "", "", "granted: owner-delete" -> "denied: no roles"
- {"active":false,"id":"admin","roles":[]}, "", "", "" -> "denied: no roles"
- {"active":false,"id":"","roles":[]}, "admin", "", "" -> "denied: no roles"
- {"active":false,"id":"","roles":[]}, "", "admin", "" -> "denied: no roles"
- {"active":false,"id":"","roles":[]}, "", "", "admin" -> "denied: no roles"
- {"active":false,"id":"granted: admin-read","roles":[]}, "", "", "" -> "denied: no roles"
- {"active":false,"id":"","roles":[]}, "granted: admin-read", "", "" -> "denied: no roles"
- {"active":false,"id":"","roles":[]}, "", "granted: admin-read", "" -> "denied: no roles"
- {"active":false,"id":"","roles":[]}, "", "", "granted: admin-read" -> "denied: no roles"
- {"active":false,"id":"granted: admin-write","roles":[]}, "", "", "" -> "denied: no roles"
- {"active":false,"id":"","roles":[]}, "granted: admin-write", "", "" -> "denied: no roles"
- {"active":false,"id":"","roles":[]}, "", "granted: admin-write", "" -> "denied: no roles"
- {"active":false,"id":"","roles":[]}, "", "", "granted: admin-write" -> "denied: no roles"
- {"active":false,"id":"denied: admin-no-delete","roles":[]}, "", "", "" -> "denied: no roles"
- {"active":false,"id":"","roles":[]}, "denied: admin-no-delete", "", "" -> "denied: no roles"
- {"active":false,"id":"","roles":[]}, "", "denied: admin-no-delete", "" -> "denied: no roles"
- {"active":false,"id":"","roles":[]}, "", "", "denied: admin-no-delete" -> "denied: no roles"
- {"active":false,"id":"viewer","roles":[]}, "", "", "" -> "denied: no roles"
- {"active":false,"id":"","roles":[]}, "viewer", "", "" -> "denied: no roles"
- {"active":false,"id":"","roles":[]}, "", "viewer", "" -> "denied: no roles"
- {"active":false,"id":"","roles":[]}, "", "", "viewer" -> "denied: no roles"
- {"active":false,"id":"granted: viewer","roles":[]}, "", "", "" -> "denied: no roles"
- {"active":false,"id":"","roles":[]}, "granted: viewer", "", "" -> "denied: no roles"
- {"active":false,"id":"","roles":[]}, "", "granted: viewer", "" -> "denied: no roles"
- {"active":false,"id":"","roles":[]}, "", "", "granted: viewer" -> "denied: no roles"
- {"active":false,"id":"denied: viewer-readonly","roles":[]}, "", "", "" -> "denied: no roles"
- {"active":false,"id":"","roles":[]}, "denied: viewer-readonly", "", "" -> "denied: no roles"
- {"active":false,"id":"","roles":[]}, "", "denied: viewer-readonly", "" -> "denied: no roles"
- {"active":false,"id":"","roles":[]}, "", "", "denied: viewer-readonly" -> "denied: no roles"
- {"active":false,"id":"denied: no matching role","roles":[]}, "", "", "" -> "denied: no roles"
- {"active":false,"id":"","roles":[]}, "denied: no matching role", "", "" -> "denied: no roles"
- {"active":false,"id":"","roles":[]}, "", "denied: no matching role", "" -> "denied: no roles"

### `validateJwt`

- "", "", "", "", 0.0 -> "invalid: empty token"
- "length", "", "", "", 0.0 -> "invalid: malformed token"
- "", "length", "", "", 0.0 -> "invalid: empty token"
- "", "", "length", "", 0.0 -> "invalid: empty token"
- "", "", "", "length", 0.0 -> "invalid: empty token"
- "invalid: empty token", "", "", "", 0.0 -> "invalid: malformed token"
- "", "invalid: empty token", "", "", 0.0 -> "invalid: empty token"
- "", "", "invalid: empty token", "", 0.0 -> "invalid: empty token"
- "", "", "", "invalid: empty token", 0.0 -> "invalid: empty token"
- "split", "", "", "", 0.0 -> "invalid: malformed token"
- "", "split", "", "", 0.0 -> "invalid: empty token"
- "", "", "split", "", 0.0 -> "invalid: empty token"
- "", "", "", "split", 0.0 -> "invalid: empty token"
- ".", "", "", "", 0.0 -> "invalid: malformed token"
- "", ".", "", "", 0.0 -> "invalid: empty token"
- "", "", ".", "", 0.0 -> "invalid: empty token"
- "", "", "", ".", 0.0 -> "invalid: empty token"
- "", "", "", "", 3.0 -> "invalid: empty token"
- "invalid: malformed token", "", "", "", 0.0 -> "invalid: malformed token"
- "", "invalid: malformed token", "", "", 0.0 -> "invalid: empty token"
- "", "", "invalid: malformed token", "", 0.0 -> "invalid: empty token"
- "", "", "", "invalid: malformed token", 0.0 -> "invalid: empty token"
- "parse", "", "", "", 0.0 -> "invalid: malformed token"
- "", "parse", "", "", 0.0 -> "invalid: empty token"
- "", "", "parse", "", 0.0 -> "invalid: empty token"
- "", "", "", "parse", 0.0 -> "invalid: empty token"
- "toString", "", "", "", 0.0 -> "invalid: malformed token"
- "", "toString", "", "", 0.0 -> "invalid: empty token"
- "", "", "toString", "", 0.0 -> "invalid: empty token"
- "", "", "", "toString", 0.0 -> "invalid: empty token"
- "from", "", "", "", 0.0 -> "invalid: malformed token"
- "", "from", "", "", 0.0 -> "invalid: empty token"
- "", "", "from", "", 0.0 -> "invalid: empty token"
- "", "", "", "from", 0.0 -> "invalid: empty token"
- "base64", "", "", "", 0.0 -> "invalid: malformed token"
- "", "base64", "", "", 0.0 -> "invalid: empty token"
- "", "", "base64", "", 0.0 -> "invalid: empty token"
- "", "", "", "base64", 0.0 -> "invalid: empty token"
- "invalid: corrupt header", "", "", "", 0.0 -> "invalid: malformed token"
- "", "invalid: corrupt header", "", "", 0.0 -> "invalid: empty token"
- "", "", "invalid: corrupt header", "", 0.0 -> "invalid: empty token"
- "", "", "", "invalid: corrupt header", 0.0 -> "invalid: empty token"
- "alg", "", "", "", 0.0 -> "invalid: malformed token"
- "", "alg", "", "", 0.0 -> "invalid: empty token"
- "", "", "alg", "", 0.0 -> "invalid: empty token"
- "", "", "", "alg", 0.0 -> "invalid: empty token"
- "HS256", "", "", "", 0.0 -> "invalid: malformed token"
- "", "HS256", "", "", 0.0 -> "invalid: empty token"
- "", "", "HS256", "", 0.0 -> "invalid: empty token"
- "", "", "", "HS256", 0.0 -> "invalid: empty token"
- "invalid: unsupported algorithm", "", "", "", 0.0 -> "invalid: malformed token"
- "", "invalid: unsupported algorithm", "", "", 0.0 -> "invalid: empty token"
- "", "", "invalid: unsupported algorithm", "", 0.0 -> "invalid: empty token"
- "", "", "", "invalid: unsupported algorithm", 0.0 -> "invalid: empty token"
- "", "", "", "", 1.0 -> "invalid: empty token"
- "invalid: corrupt payload", "", "", "", 0.0 -> "invalid: malformed token"
- "", "invalid: corrupt payload", "", "", 0.0 -> "invalid: empty token"
- "", "", "invalid: corrupt payload", "", 0.0 -> "invalid: empty token"
- "", "", "", "invalid: corrupt payload", 0.0 -> "invalid: empty token"
- "exp", "", "", "", 0.0 -> "invalid: malformed token"
- "", "exp", "", "", 0.0 -> "invalid: empty token"
- "", "", "exp", "", 0.0 -> "invalid: empty token"
- "", "", "", "exp", 0.0 -> "invalid: empty token"
- "number", "", "", "", 0.0 -> "invalid: malformed token"
- "", "number", "", "", 0.0 -> "invalid: empty token"
- "", "", "number", "", 0.0 -> "invalid: empty token"
- "", "", "", "number", 0.0 -> "invalid: empty token"
- "invalid: token expired", "", "", "", 0.0 -> "invalid: malformed token"
- "", "invalid: token expired", "", "", 0.0 -> "invalid: empty token"
- "", "", "invalid: token expired", "", 0.0 -> "invalid: empty token"
- "", "", "", "invalid: token expired", 0.0 -> "invalid: empty token"
- "iss", "", "", "", 0.0 -> "invalid: malformed token"
- "", "iss", "", "", 0.0 -> "invalid: empty token"
- "", "", "iss", "", 0.0 -> "invalid: empty token"
- "", "", "", "iss", 0.0 -> "invalid: empty token"
- "invalid: wrong issuer", "", "", "", 0.0 -> "invalid: malformed token"
- "", "invalid: wrong issuer", "", "", 0.0 -> "invalid: empty token"
- "", "", "invalid: wrong issuer", "", 0.0 -> "invalid: empty token"
- "", "", "", "invalid: wrong issuer", 0.0 -> "invalid: empty token"
- "isArray", "", "", "", 0.0 -> "invalid: malformed token"
- "", "isArray", "", "", 0.0 -> "invalid: empty token"
- "", "", "isArray", "", 0.0 -> "invalid: empty token"
- "", "", "", "isArray", 0.0 -> "invalid: empty token"
- "aud", "", "", "", 0.0 -> "invalid: malformed token"
- "", "aud", "", "", 0.0 -> "invalid: empty token"
- "", "", "aud", "", 0.0 -> "invalid: empty token"
- "", "", "", "aud", 0.0 -> "invalid: empty token"
- "includes", "", "", "", 0.0 -> "invalid: malformed token"
- "", "includes", "", "", 0.0 -> "invalid: empty token"
- "", "", "includes", "", 0.0 -> "invalid: empty token"
- "", "", "", "includes", 0.0 -> "invalid: empty token"
- "invalid: wrong audience", "", "", "", 0.0 -> "invalid: malformed token"
- "", "invalid: wrong audience", "", "", 0.0 -> "invalid: empty token"
- "", "", "invalid: wrong audience", "", 0.0 -> "invalid: empty token"
- "", "", "", "invalid: wrong audience", 0.0 -> "invalid: empty token"
- "scope", "", "", "", 0.0 -> "invalid: malformed token"
- "", "scope", "", "", 0.0 -> "invalid: empty token"
- "", "", "scope", "", 0.0 -> "invalid: empty token"
- "", "", "", "scope", 0.0 -> "invalid: empty token"

### `checkRateLimit`

- {"lastRefillMs":0,"penaltyUntilMs":1,"tokens":0.0}, 1, 1, 0, "" -> {"allowed":false,"newState":{"lastRefillMs":0,"penaltyUnt...
- null, -16.99152082463595, 1.0, 1.0, "test" -> **error:** Error: invalid capacity
- null, 42.62511217835961, 1.0, 1.0, "test" -> {"allowed":false,"newState":{"lastRefillMs":1,"penaltyUnt...
- null, 3.372280102812806, 1.0, 1.0, "test" -> {"allowed":false,"newState":{"lastRefillMs":1,"penaltyUnt...
- null, 42.650327246655294, 1.0, 1.0, "test" -> {"allowed":false,"newState":{"lastRefillMs":1,"penaltyUnt...
- null, 0.5902245453137174, 1.0, 1.0, "test" -> {"allowed":false,"newState":{"lastRefillMs":1,"penaltyUnt...
- null, 1.0, 7.329307005625718, 1.0, "test" -> {"allowed":false,"newState":{"lastRefillMs":1,"penaltyUnt...
- null, 1.0, -2.6639951044296803, 1.0, "test" -> **error:** Error: invalid refill rate
- null, 1.0, 100.02951972030233, 1.0, "test" -> {"allowed":false,"newState":{"lastRefillMs":1,"penaltyUnt...
- null, 1.0, -2.5096258054430485, 1.0, "test" -> **error:** Error: invalid refill rate
- null, 1.0, 99.96698052358632, 1.0, "test" -> {"allowed":false,"newState":{"lastRefillMs":1,"penaltyUnt...
- null, 1.0, 1.0, 0.5071566026070877, "test" -> {"allowed":false,"newState":{"lastRefillMs":0.50715660260...
- null, 1.0, 1.0, 100.38385256285532, "test" -> {"allowed":false,"newState":{"lastRefillMs":100.383852562...
- null, 1.0, 1.0, 3.3089774637371265, "test" -> {"allowed":false,"newState":{"lastRefillMs":3.30897746373...
- null, 1.0, 1.0, 1.5107572284095898, "test" -> {"allowed":false,"newState":{"lastRefillMs":1.51075722840...
- null, 1.0, 1.0, -2.575089808143574, "test" -> **error:** Error: clock skew detected
- {"lastRefillMs":0.0,"penaltyUntilMs":0.0,"tokens":0.0}, 0.0, 0.0, 0.0, "" -> **error:** Error: invalid capacity
- {"lastRefillMs":0.0,"penaltyUntilMs":0.0,"tokens":0.0}, 1, 0.0, 0.0, "" -> **error:** Error: invalid refill rate
- {"lastRefillMs":0.0,"penaltyUntilMs":0.0,"tokens":0.0}, 0.0, 0.0, 0.0, "invalid capacity" -> **error:** Error: invalid capacity
- {"lastRefillMs":0.0,"penaltyUntilMs":0.0,"tokens":0.0}, 0.0, 0.0, 0.0, "invalid refill rate" -> **error:** Error: invalid capacity
- {"lastRefillMs":0.0,"penaltyUntilMs":0.0,"tokens":0.0}, 0.0, 0.0, 0.0, "lastRefillMs" -> **error:** Error: invalid capacity
- {"lastRefillMs":0.0,"penaltyUntilMs":0.0,"tokens":0.0}, 0.0, 0.0, 0.0, "clock skew detected" -> **error:** Error: invalid capacity
- {"lastRefillMs":0.0,"penaltyUntilMs":0.0,"tokens":0.0}, 0.0, 0.0, 0.0, "penaltyUntilMs" -> **error:** Error: invalid capacity
- {"lastRefillMs":0.0,"penaltyUntilMs":0.0,"tokens":0.0}, 0.0, 0.0, 0.0, "denied: penalty active" -> **error:** Error: invalid capacity
- {"lastRefillMs":0.0,"penaltyUntilMs":0.0,"tokens":0.0}, 1000.0, 0.0, 0.0, "" -> **error:** Error: invalid refill rate
- {"lastRefillMs":0.0,"penaltyUntilMs":0.0,"tokens":0.0}, 0.0, 1000.0, 0.0, "" -> **error:** Error: invalid capacity
- {"lastRefillMs":0.0,"penaltyUntilMs":0.0,"tokens":0.0}, 0.0, 0.0, 1000.0, "" -> **error:** Error: invalid capacity
- {"lastRefillMs":0.0,"penaltyUntilMs":0.0,"tokens":0.0}, 0.0, 0.0, 0.0, "min" -> **error:** Error: invalid capacity
- {"lastRefillMs":0.0,"penaltyUntilMs":0.0,"tokens":0.0}, 0.0, 0.0, 0.0, "tokens" -> **error:** Error: invalid capacity
- {"lastRefillMs":0.0,"penaltyUntilMs":0.0,"tokens":0.0}, 0.0, 0.0, 0.0, "denied: unknown priority" -> **error:** Error: invalid capacity
- {"lastRefillMs":0.0,"penaltyUntilMs":0.0,"tokens":0.0}, 0.0, 0.0, 0.0, "denied: insufficient tokens" -> **error:** Error: invalid capacity
- {"lastRefillMs":0.0,"penaltyUntilMs":0.0,"tokens":0.0}, 1.0, 0.0, 0.0, "" -> **error:** Error: invalid refill rate
- {"lastRefillMs":0.0,"penaltyUntilMs":0.0,"tokens":0.0}, 0.0, 1.0, 0.0, "" -> **error:** Error: invalid capacity
- {"lastRefillMs":0.0,"penaltyUntilMs":0.0,"tokens":0.0}, 0.0, 0.0, 1.0, "" -> **error:** Error: invalid capacity
- {"lastRefillMs":0.0,"penaltyUntilMs":0.0,"tokens":0.0}, 2.0, 0.0, 0.0, "" -> **error:** Error: invalid refill rate
- {"lastRefillMs":0.0,"penaltyUntilMs":0.0,"tokens":0.0}, 0.0, 2.0, 0.0, "" -> **error:** Error: invalid capacity
- {"lastRefillMs":0.0,"penaltyUntilMs":0.0,"tokens":0.0}, 0.0, 0.0, 2.0, "" -> **error:** Error: invalid capacity
- {"lastRefillMs":0.0,"penaltyUntilMs":0.0,"tokens":0.0}, 5.0, 0.0, 0.0, "" -> **error:** Error: invalid refill rate
- {"lastRefillMs":0.0,"penaltyUntilMs":0.0,"tokens":0.0}, 0.0, 5.0, 0.0, "" -> **error:** Error: invalid capacity
- {"lastRefillMs":0.0,"penaltyUntilMs":0.0,"tokens":0.0}, 0.0, 0.0, 5.0, "" -> **error:** Error: invalid capacity
- {"lastRefillMs":0.0,"penaltyUntilMs":0.0,"tokens":0.0}, 10.0, 0.0, 0.0, "" -> **error:** Error: invalid refill rate
- {"lastRefillMs":0.0,"penaltyUntilMs":0.0,"tokens":0.0}, 0.0, 10.0, 0.0, "" -> **error:** Error: invalid capacity
- {"lastRefillMs":0.0,"penaltyUntilMs":0.0,"tokens":0.0}, 0.0, 0.0, 10.0, "" -> **error:** Error: invalid capacity
- {"lastRefillMs":0.0,"penaltyUntilMs":0.0,"tokens":0.0}, 0, 0.0, 0.0, "" -> **error:** Error: invalid capacity
- {"lastRefillMs":0.0,"penaltyUntilMs":0.0,"tokens":0.0}, 1, 1, 0.0, "" -> {"allowed":false,"newState":{"lastRefillMs":0,"penaltyUnt...
- {"lastRefillMs":0.0,"penaltyUntilMs":0.0,"tokens":0.0}, 1, 0.0, 0.0, "invalid capacity" -> **error:** Error: invalid refill rate
- {"lastRefillMs":0.0,"penaltyUntilMs":0.0,"tokens":0.0}, 1, 0.0, 0.0, "invalid refill rate" -> **error:** Error: invalid refill rate
- {"lastRefillMs":0.0,"penaltyUntilMs":0.0,"tokens":0.0}, 1, 0.0, 0.0, "lastRefillMs" -> **error:** Error: invalid refill rate
- {"lastRefillMs":0.0,"penaltyUntilMs":0.0,"tokens":0.0}, 1, 0.0, 0.0, "clock skew detected" -> **error:** Error: invalid refill rate
- {"lastRefillMs":0.0,"penaltyUntilMs":0.0,"tokens":0.0}, 1, 0.0, 0.0, "penaltyUntilMs" -> **error:** Error: invalid refill rate
- {"lastRefillMs":0.0,"penaltyUntilMs":0.0,"tokens":0.0}, 1, 0.0, 0.0, "denied: penalty active" -> **error:** Error: invalid refill rate
- {"lastRefillMs":0.0,"penaltyUntilMs":0.0,"tokens":0.0}, 1, 1000.0, 0.0, "" -> {"allowed":false,"newState":{"lastRefillMs":0,"penaltyUnt...
- {"lastRefillMs":0.0,"penaltyUntilMs":0.0,"tokens":0.0}, 1, 0.0, 1000.0, "" -> **error:** Error: invalid refill rate
- {"lastRefillMs":0.0,"penaltyUntilMs":0.0,"tokens":0.0}, 1, 0.0, 0.0, "min" -> **error:** Error: invalid refill rate
- {"lastRefillMs":0.0,"penaltyUntilMs":0.0,"tokens":0.0}, 1, 0.0, 0.0, "tokens" -> **error:** Error: invalid refill rate
- {"lastRefillMs":0.0,"penaltyUntilMs":0.0,"tokens":0.0}, 1, 0.0, 0.0, "denied: unknown priority" -> **error:** Error: invalid refill rate
- {"lastRefillMs":0.0,"penaltyUntilMs":0.0,"tokens":0.0}, 1, 0.0, 0.0, "denied: insufficient tokens" -> **error:** Error: invalid refill rate
- {"lastRefillMs":0.0,"penaltyUntilMs":0.0,"tokens":0.0}, 1, 1.0, 0.0, "" -> {"allowed":false,"newState":{"lastRefillMs":0,"penaltyUnt...
- {"lastRefillMs":0.0,"penaltyUntilMs":0.0,"tokens":0.0}, 1, 0.0, 1.0, "" -> **error:** Error: invalid refill rate
- {"lastRefillMs":0.0,"penaltyUntilMs":0.0,"tokens":0.0}, 1, 2.0, 0.0, "" -> {"allowed":false,"newState":{"lastRefillMs":0,"penaltyUnt...
- {"lastRefillMs":0.0,"penaltyUntilMs":0.0,"tokens":0.0}, 1, 0.0, 2.0, "" -> **error:** Error: invalid refill rate
- {"lastRefillMs":0.0,"penaltyUntilMs":0.0,"tokens":0.0}, 1, 5.0, 0.0, "" -> {"allowed":false,"newState":{"lastRefillMs":0,"penaltyUnt...
- {"lastRefillMs":0.0,"penaltyUntilMs":0.0,"tokens":0.0}, 1, 0.0, 5.0, "" -> **error:** Error: invalid refill rate
- {"lastRefillMs":0.0,"penaltyUntilMs":0.0,"tokens":0.0}, 1, 10.0, 0.0, "" -> {"allowed":false,"newState":{"lastRefillMs":0,"penaltyUnt...
- {"lastRefillMs":0.0,"penaltyUntilMs":0.0,"tokens":0.0}, 1, 0.0, 10.0, "" -> **error:** Error: invalid refill rate
- {"lastRefillMs":0.0,"penaltyUntilMs":0.0,"tokens":0.0}, 0, 1, 0.0, "" -> **error:** Error: invalid capacity
- {"lastRefillMs":0.0,"penaltyUntilMs":0.0,"tokens":0.0}, 1, 0, 0.0, "" -> **error:** Error: invalid refill rate
- {"lastRefillMs":1,"penaltyUntilMs":0.0,"tokens":0.0}, 1, 1, 0, "" -> **error:** Error: clock skew detected
- {"lastRefillMs":0.0,"penaltyUntilMs":0.0,"tokens":0.0}, 0, 0.0, 0.0, "invalid capacity" -> **error:** Error: invalid capacity
- {"lastRefillMs":0.0,"penaltyUntilMs":0.0,"tokens":0.0}, 1, 1, 0.0, "invalid capacity" -> {"allowed":false,"newState":{"lastRefillMs":0,"penaltyUnt...
- {"lastRefillMs":0.0,"penaltyUntilMs":0.0,"tokens":0.0}, 0, 0.0, 0.0, "invalid refill rate" -> **error:** Error: invalid capacity
- {"lastRefillMs":0.0,"penaltyUntilMs":0.0,"tokens":0.0}, 1, 1, 0.0, "invalid refill rate" -> {"allowed":false,"newState":{"lastRefillMs":0,"penaltyUnt...
- {"lastRefillMs":0.0,"penaltyUntilMs":0.0,"tokens":0.0}, 0, 0.0, 0.0, "lastRefillMs" -> **error:** Error: invalid capacity
- {"lastRefillMs":0.0,"penaltyUntilMs":0.0,"tokens":0.0}, 1, 1, 0.0, "lastRefillMs" -> {"allowed":false,"newState":{"lastRefillMs":0,"penaltyUnt...
- {"lastRefillMs":0.0,"penaltyUntilMs":0.0,"tokens":0.0}, 0, 0.0, 0.0, "clock skew detected" -> **error:** Error: invalid capacity
- {"lastRefillMs":0.0,"penaltyUntilMs":0.0,"tokens":0.0}, 1, 1, 0.0, "clock skew detected" -> {"allowed":false,"newState":{"lastRefillMs":0,"penaltyUnt...
- {"lastRefillMs":0.0,"penaltyUntilMs":0.0,"tokens":0.0}, 0, 0.0, 0.0, "penaltyUntilMs" -> **error:** Error: invalid capacity
- {"lastRefillMs":0.0,"penaltyUntilMs":0.0,"tokens":0.0}, 1, 1, 0.0, "penaltyUntilMs" -> {"allowed":false,"newState":{"lastRefillMs":0,"penaltyUnt...
- {"lastRefillMs":0.0,"penaltyUntilMs":0.0,"tokens":0.0}, 0, 0.0, 0.0, "denied: penalty active" -> **error:** Error: invalid capacity
- {"lastRefillMs":0.0,"penaltyUntilMs":0.0,"tokens":0.0}, 1, 1, 0.0, "denied: penalty active" -> {"allowed":false,"newState":{"lastRefillMs":0,"penaltyUnt...
- {"lastRefillMs":0.0,"penaltyUntilMs":0.0,"tokens":0.0}, 0, 1000.0, 0.0, "" -> **error:** Error: invalid capacity
- {"lastRefillMs":0.0,"penaltyUntilMs":0.0,"tokens":0.0}, 0, 0.0, 1000.0, "" -> **error:** Error: invalid capacity
- {"lastRefillMs":0.0,"penaltyUntilMs":0.0,"tokens":0.0}, 1, 1, 1000.0, "" -> {"allowed":false,"newState":{"lastRefillMs":1000,"penalty...
- {"lastRefillMs":0.0,"penaltyUntilMs":0.0,"tokens":0.0}, 0, 0.0, 0.0, "min" -> **error:** Error: invalid capacity
- {"lastRefillMs":0.0,"penaltyUntilMs":0.0,"tokens":0.0}, 1, 1, 0.0, "min" -> {"allowed":false,"newState":{"lastRefillMs":0,"penaltyUnt...
- {"lastRefillMs":0.0,"penaltyUntilMs":0.0,"tokens":0.0}, 0, 0.0, 0.0, "tokens" -> **error:** Error: invalid capacity
- {"lastRefillMs":0.0,"penaltyUntilMs":0.0,"tokens":0.0}, 1, 1, 0.0, "tokens" -> {"allowed":false,"newState":{"lastRefillMs":0,"penaltyUnt...
- {"lastRefillMs":0.0,"penaltyUntilMs":0.0,"tokens":0.0}, 0, 0.0, 0.0, "denied: unknown priority" -> **error:** Error: invalid capacity

### `matchRoute`

- [], "length", "" -> {"message":"empty path","status":"error"}
- [], "", "length" -> {"message":"path must start with /","status":"error"}
- [], "", "/" -> {"message":"empty method","status":"error"}
- [], "error", "" -> {"message":"empty path","status":"error"}
- [], "", "error" -> {"message":"path must start with /","status":"error"}
- [], "empty path", "" -> {"message":"empty path","status":"error"}
- [], "", "empty path" -> {"message":"path must start with /","status":"error"}
- [], "startsWith", "" -> {"message":"empty path","status":"error"}
- [], "", "startsWith" -> {"message":"path must start with /","status":"error"}
- [], "/", "" -> {"message":"empty path","status":"error"}
- [], "path must start with /", "" -> {"message":"empty path","status":"error"}
- [], "", "path must start with /" -> {"message":"path must start with /","status":"error"}
- [], "empty method", "" -> {"message":"empty path","status":"error"}
- [], "", "empty method" -> {"message":"path must start with /","status":"error"}
- [], "not-found", "" -> {"message":"empty path","status":"error"}
- [], "", "not-found" -> {"message":"path must start with /","status":"error"}
- [], "endsWith", "" -> {"message":"empty path","status":"error"}
- [], "", "endsWith" -> {"message":"path must start with /","status":"error"}
- [], "slice", "" -> {"message":"empty path","status":"error"}
- [], "", "slice" -> {"message":"path must start with /","status":"error"}
- [], "filter", "" -> {"message":"empty path","status":"error"}
- [], "", "filter" -> {"message":"path must start with /","status":"error"}
- [], "split", "" -> {"message":"empty path","status":"error"}
- [], "", "split" -> {"message":"path must start with /","status":"error"}
- [], "toUpperCase", "" -> {"message":"empty path","status":"error"}
- [], "", "toUpperCase" -> {"message":"path must start with /","status":"error"}
- [], "pattern", "" -> {"message":"empty path","status":"error"}
- [], "", "pattern" -> {"message":"path must start with /","status":"error"}
- [], "*", "" -> {"message":"empty path","status":"error"}
- [], "", "*" -> {"message":"path must start with /","status":"error"}
- [], ":", "" -> {"message":"empty path","status":"error"}
- [], "", ":" -> {"message":"path must start with /","status":"error"}
- [], "method", "" -> {"message":"empty path","status":"error"}
- [], "", "method" -> {"message":"path must start with /","status":"error"}
- [], "wildcard", "" -> {"message":"empty path","status":"error"}
- [], "", "wildcard" -> {"message":"path must start with /","status":"error"}
- [], "join", "" -> {"message":"empty path","status":"error"}
- [], "", "join" -> {"message":"path must start with /","status":"error"}
- [], "matched", "" -> {"message":"empty path","status":"error"}
- [], "", "matched" -> {"message":"path must start with /","status":"error"}
- [], "handler", "" -> {"message":"empty path","status":"error"}
- [], "", "handler" -> {"message":"path must start with /","status":"error"}
- [], "method-not-allowed", "" -> {"message":"empty path","status":"error"}
- [], "", "method-not-allowed" -> {"message":"path must start with /","status":"error"}
- [], "", "" -> {"message":"empty path","status":"error"}
- [], "", "A" -> {"message":"path must start with /","status":"error"}

### `resolveMiddleware`

- {"allowedOrigins":[],"contentType":"logging","corsOrigin"..., null -> {"middleware":["logging","error-handler"],"status":"ok"}
- {"allowedOrigins":[],"contentType":"logging","corsOrigin"..., null -> {"middleware":[],"reason":"missing auth","status":"reject...
- {"allowedOrigins":[],"contentType":"","corsOrigin":"loggi..., null -> {"middleware":[],"reason":"origin not allowed","status":"...
- {"allowedOrigins":[],"contentType":"application/json","co..., null -> {"middleware":["logging","error-handler","json-parser"],"...
- {"allowedOrigins":[],"contentType":"multipart/form-data",..., null -> {"middleware":["logging","error-handler","multipart-parse...
- {"allowedOrigins":[],"contentType":"application/json","co..., null -> {"middleware":[],"reason":"origin not allowed","status":"...
- {"allowedOrigins":[],"contentType":"multipart/form-data",..., null -> {"middleware":[],"reason":"origin not allowed","status":"...
- {"allowedOrigins":"","contentType":"","corsOrigin":"","re..., null -> {"middleware":["logging","error-handler","cors"],"status"...
- {"allowedOrigins":[],"contentType":"error-handler","corsO..., null -> {"middleware":["logging","error-handler"],"status":"ok"}
- {"allowedOrigins":[],"contentType":"","corsOrigin":"error..., null -> {"middleware":[],"reason":"origin not allowed","status":"...
- {"allowedOrigins":[],"contentType":"requiresAuth","corsOr..., null -> {"middleware":["logging","error-handler"],"status":"ok"}
- {"allowedOrigins":[],"contentType":"","corsOrigin":"requi..., null -> {"middleware":[],"reason":"origin not allowed","status":"...
- {"allowedOrigins":[],"contentType":"rejected","corsOrigin..., null -> {"middleware":["logging","error-handler"],"status":"ok"}
- {"allowedOrigins":[],"contentType":"","corsOrigin":"rejec..., null -> {"middleware":[],"reason":"origin not allowed","status":"...
- {"allowedOrigins":[],"contentType":"missing auth","corsOr..., null -> {"middleware":["logging","error-handler"],"status":"ok"}
- {"allowedOrigins":[],"contentType":"","corsOrigin":"missi..., null -> {"middleware":[],"reason":"origin not allowed","status":"...
- {"allowedOrigins":[],"contentType":"startsWith","corsOrig..., null -> {"middleware":["logging","error-handler"],"status":"ok"}
- {"allowedOrigins":[],"contentType":"","corsOrigin":"start..., null -> {"middleware":[],"reason":"origin not allowed","status":"...
- {"allowedOrigins":[],"contentType":"Bearer ","corsOrigin"..., null -> {"middleware":["logging","error-handler"],"status":"ok"}
- {"allowedOrigins":[],"contentType":"","corsOrigin":"Beare..., null -> {"middleware":[],"reason":"origin not allowed","status":"...
- {"allowedOrigins":[],"contentType":"length","corsOrigin":..., null -> {"middleware":["logging","error-handler"],"status":"ok"}
- {"allowedOrigins":[],"contentType":"","corsOrigin":"lengt..., null -> {"middleware":[],"reason":"origin not allowed","status":"...
- {"allowedOrigins":[],"contentType":"invalid auth format",..., null -> {"middleware":["logging","error-handler"],"status":"ok"}
- {"allowedOrigins":[],"contentType":"","corsOrigin":"inval..., null -> {"middleware":[],"reason":"origin not allowed","status":"...
- {"allowedOrigins":[],"contentType":"push","corsOrigin":nu..., null -> {"middleware":["logging","error-handler"],"status":"ok"}
- {"allowedOrigins":[],"contentType":"","corsOrigin":"push"..., null -> {"middleware":[],"reason":"origin not allowed","status":"...
- {"allowedOrigins":[],"contentType":"auth","corsOrigin":nu..., null -> {"middleware":["logging","error-handler"],"status":"ok"}
- {"allowedOrigins":[],"contentType":"","corsOrigin":"auth"..., null -> {"middleware":[],"reason":"origin not allowed","status":"...
- {"allowedOrigins":[],"contentType":"contentType","corsOri..., null -> {"middleware":["logging","error-handler"],"status":"ok"}
- {"allowedOrigins":[],"contentType":"","corsOrigin":"conte..., null -> {"middleware":[],"reason":"origin not allowed","status":"...
- {"allowedOrigins":[],"contentType":"","corsOrigin":"appli..., null -> {"middleware":[],"reason":"origin not allowed","status":"...
- {"allowedOrigins":[],"contentType":"json-parser","corsOri..., null -> {"middleware":["logging","error-handler"],"status":"ok"}
- {"allowedOrigins":[],"contentType":"","corsOrigin":"json-..., null -> {"middleware":[],"reason":"origin not allowed","status":"...
- {"allowedOrigins":[],"contentType":"","corsOrigin":"multi..., null -> {"middleware":[],"reason":"origin not allowed","status":"...
- {"allowedOrigins":[],"contentType":"multipart-parser","co..., null -> {"middleware":["logging","error-handler"],"status":"ok"}
- {"allowedOrigins":[],"contentType":"","corsOrigin":"multi..., null -> {"middleware":[],"reason":"origin not allowed","status":"...
- {"allowedOrigins":[],"contentType":"corsOrigin","corsOrig..., null -> {"middleware":["logging","error-handler"],"status":"ok"}
- {"allowedOrigins":[],"contentType":"","corsOrigin":"corsO..., null -> {"middleware":[],"reason":"origin not allowed","status":"...
- {"allowedOrigins":[],"contentType":"includes","corsOrigin..., null -> {"middleware":["logging","error-handler"],"status":"ok"}
- {"allowedOrigins":[],"contentType":"","corsOrigin":"inclu..., null -> {"middleware":[],"reason":"origin not allowed","status":"...
- {"allowedOrigins":[],"contentType":"allowedOrigins","cors..., null -> {"middleware":["logging","error-handler"],"status":"ok"}
- {"allowedOrigins":[],"contentType":"","corsOrigin":"allow..., null -> {"middleware":[],"reason":"origin not allowed","status":"...
- {"allowedOrigins":[],"contentType":"cors","corsOrigin":nu..., null -> {"middleware":["logging","error-handler"],"status":"ok"}
- {"allowedOrigins":[],"contentType":"","corsOrigin":"cors"..., null -> {"middleware":[],"reason":"origin not allowed","status":"...
- {"allowedOrigins":[],"contentType":"origin not allowed","..., null -> {"middleware":["logging","error-handler"],"status":"ok"}
- {"allowedOrigins":[],"contentType":"","corsOrigin":"origi..., null -> {"middleware":[],"reason":"origin not allowed","status":"...
- {"allowedOrigins":[],"contentType":"ok","corsOrigin":null..., null -> {"middleware":["logging","error-handler"],"status":"ok"}
- {"allowedOrigins":[],"contentType":"","corsOrigin":"ok","..., null -> {"middleware":[],"reason":"origin not allowed","status":"...
- {"allowedOrigins":[],"contentType":"","corsOrigin":"","re..., null -> {"middleware":[],"reason":"origin not allowed","status":"...
- {"allowedOrigins":[],"contentType":"","corsOrigin":"loggi..., null -> {"middleware":[],"reason":"missing auth","status":"reject...
- {"allowedOrigins":[],"contentType":"error-handler","corsO..., null -> {"middleware":[],"reason":"missing auth","status":"reject...
- {"allowedOrigins":[],"contentType":"","corsOrigin":"error..., null -> {"middleware":[],"reason":"missing auth","status":"reject...
- {"allowedOrigins":[],"contentType":"application/json","co..., null -> {"middleware":[],"reason":"origin not allowed","status":"...
- {"allowedOrigins":[],"contentType":"multipart/form-data",..., null -> {"middleware":[],"reason":"origin not allowed","status":"...
- {"allowedOrigins":[],"contentType":"requiresAuth","corsOr..., null -> {"middleware":[],"reason":"missing auth","status":"reject...
- {"allowedOrigins":[],"contentType":"","corsOrigin":"requi..., null -> {"middleware":[],"reason":"missing auth","status":"reject...
- {"allowedOrigins":[],"contentType":"application/json","co..., null -> {"middleware":[],"reason":"origin not allowed","status":"...
- {"allowedOrigins":[],"contentType":"multipart/form-data",..., null -> {"middleware":[],"reason":"origin not allowed","status":"...

### `compoundAnd`

- 0.0, 0.0 -> "neither"
- 10.0, 0.0 -> "both"
- 0.0, 10.0 -> "neither"
- 0, 9 -> "neither"

### `threeWayAnd`

- 0.0, 0.0, 0.0 -> "not all positive"
- 0, 1, 1 -> "not all positive"

### `intToRoman`

- -2.6780047818860484 -> **error:** Error: out of range
- 0.0 -> **error:** Error: out of range
- 4000 -> **error:** Error: out of range

### `romanToInt`

- "length" -> **error:** Error: invalid roman numeral
- "" -> 0
- "toUpperCase" -> **error:** Error: invalid roman numeral
- "invalid roman numeral" -> **error:** Error: invalid roman numeral

### `parseSemver`

- "length" -> **error:** Error: invalid semver
- "" -> **error:** Error: invalid semver
- "v" -> **error:** Error: invalid semver
- "invalid semver" -> **error:** Error: invalid semver
- "startsWith" -> **error:** Error: invalid semver
- "V" -> **error:** Error: invalid semver
- "slice" -> **error:** Error: invalid semver
- "split" -> **error:** Error: invalid semver
- "." -> **error:** Error: invalid semver
- "indexOf" -> **error:** Error: invalid semver
- "-" -> **error:** Error: invalid semver
- "VV" -> **error:** Error: invalid semver

### `satisfiesRange`

- "*", "" -> **error:** Error: invalid semver
- "", ">=" -> **error:** Error: invalid semver
- "", ">" -> **error:** Error: invalid semver
- "", "<=" -> **error:** Error: invalid semver
- "", "<" -> **error:** Error: invalid semver
- "", "^" -> **error:** Error: invalid semver
- "", "~" -> **error:** Error: invalid semver
- "", "*" -> true
- "x", "" -> **error:** Error: invalid semver
- "", "x" -> true
- "", "" -> **error:** Error: invalid semver
- "startsWith", "" -> **error:** Error: invalid semver
- "", "startsWith" -> **error:** Error: invalid semver
- ">=", "" -> **error:** Error: invalid semver
- "slice", "" -> **error:** Error: invalid semver
- "", "slice" -> **error:** Error: invalid semver
- ">", "" -> **error:** Error: invalid semver
- "<=", "" -> **error:** Error: invalid semver
- "<", "" -> **error:** Error: invalid semver
- "^", "" -> **error:** Error: invalid semver
- "~", "" -> **error:** Error: invalid semver
- "major", "" -> **error:** Error: invalid semver
- "", "major" -> **error:** Error: invalid semver
- "minor", "" -> **error:** Error: invalid semver
- "", "minor" -> **error:** Error: invalid semver
- "unknown range operator", "" -> **error:** Error: invalid semver
- "", "unknown range operator" -> **error:** Error: invalid semver
- "*", ">=" -> **error:** Error: invalid semver
- "*", ">A" -> **error:** Error: invalid semver
- "*", "<=" -> **error:** Error: invalid semver
- "*", "<A" -> **error:** Error: invalid semver
- "*", "^A" -> **error:** Error: invalid semver
- "*", "~A" -> **error:** Error: invalid semver
- "x", ">=" -> **error:** Error: invalid semver
- "x", ">A" -> **error:** Error: invalid semver
- "x", "<=" -> **error:** Error: invalid semver
- "x", "<A" -> **error:** Error: invalid semver
- "x", "^A" -> **error:** Error: invalid semver
- "x", "~A" -> **error:** Error: invalid semver
- "", ">A" -> **error:** Error: invalid semver
- "", "<A" -> **error:** Error: invalid semver
- "", "^A" -> **error:** Error: invalid semver
- "", "~A" -> **error:** Error: invalid semver
- "startsWith", ">=" -> **error:** Error: invalid semver
- "startsWith", ">A" -> **error:** Error: invalid semver
- "startsWith", "<=" -> **error:** Error: invalid semver
- "startsWith", "<A" -> **error:** Error: invalid semver
- "startsWith", "^A" -> **error:** Error: invalid semver
- "startsWith", "~A" -> **error:** Error: invalid semver
- ">=", ">=" -> **error:** Error: invalid semver
- ">=", ">A" -> **error:** Error: invalid semver
- ">=", "<=" -> **error:** Error: invalid semver
- ">=", "<A" -> **error:** Error: invalid semver
- ">=", "^A" -> **error:** Error: invalid semver
- ">=", "~A" -> **error:** Error: invalid semver
- "slice", ">=" -> **error:** Error: invalid semver
- "slice", ">A" -> **error:** Error: invalid semver
- "slice", "<=" -> **error:** Error: invalid semver
- "slice", "<A" -> **error:** Error: invalid semver
- "slice", "^A" -> **error:** Error: invalid semver
- "slice", "~A" -> **error:** Error: invalid semver
- ">", ">=" -> **error:** Error: invalid semver
- ">", ">A" -> **error:** Error: invalid semver
- ">", "<=" -> **error:** Error: invalid semver

### `validateEmail`

- "" -> {"reason":"empty","valid":false}

### `parseCron`

- "true" -> **error:** Error: expected 5 fields
- "" -> **error:** Error: empty expression
- "@" -> **error:** Error: unknown special
- "length" -> **error:** Error: expected 5 fields
- "empty expression" -> **error:** Error: expected 5 fields
- "startsWith" -> **error:** Error: expected 5 fields
- "toLowerCase" -> **error:** Error: expected 5 fields
- "unknown special" -> **error:** Error: expected 5 fields
- "split" -> **error:** Error: expected 5 fields
- "trim" -> **error:** Error: expected 5 fields
- "\\s+" -> **error:** Error: expected 5 fields
- "expected 5 fields" -> **error:** Error: expected 5 fields
- "values" -> **error:** Error: expected 5 fields
- "weekday" -> **error:** Error: expected 5 fields
- "map" -> **error:** Error: expected 5 fields
- "A" -> **error:** Error: expected 5 fields

### `classifyConfigs`

- ["length"] -> **error:** Error: ENOENT: no such file or directory, open 'length'
- {"length":1} -> **error:** TypeError: paths is not iterable
- ["no-comments"] -> **error:** Error: ENOENT: no such file or directory, open 'no-comments'
- ["utf-8"] -> **error:** Error: ENOENT: no such file or directory, open 'utf-8'
- ["startsWith"] -> **error:** Error: ENOENT: no such file or directory, open 'startsWith'
- ["#"] -> **error:** Error: ENOENT: no such file or directory, open '#'
- ["all-comments"] -> **error:** Error: ENOENT: no such file or directory, open 'all-comments'
- ["mixed"] -> **error:** Error: ENOENT: no such file or directory, open 'mixed'

### `classifyStatus`

- "trim" -> **error:** Error: ENOENT: no such file or directory, open 'trim'
- "utf-8" -> **error:** Error: ENOENT: no such file or directory, open 'utf-8'
- "length" -> **error:** Error: ENOENT: no such file or directory, open 'length'
- "empty" -> **error:** Error: ENOENT: no such file or directory, open 'empty'
- "short" -> **error:** Error: ENOENT: no such file or directory, open 'short'
- "medium" -> **error:** Error: ENOENT: no such file or directory, open 'medium'
- "long" -> **error:** Error: ENOENT: no such file or directory, open 'long'
- "" -> **error:** Error: ENOENT: no such file or directory, open ''
- "http" -> **error:** Error: ENOENT: no such file or directory, open 'http'
- " " -> **error:** Error: ENOENT: no such file or directory, open ' '
- "/tmp/data/report.csv" -> **error:** Error: ENOENT: no such file or directory, open '/tmp/data/report.csv'
- "@" -> **error:** Error: ENOENT: no such file or directory, open '@'
- "a" -> **error:** Error: ENOENT: no such file or directory, open 'a'
- "ab" -> **error:** Error: ENOENT: no such file or directory, open 'ab'
- "text/" -> **error:** Error: ENOENT: no such file or directory, open 'text/'
- "aaaaaaaaaaaaaaaaaaaaaaaaaaaaaaaaaaaaaaaaaaaaaaaaaaaaaaaa... -> **error:** Error: ENAMETOOLONG: name too long, open 'aaaaaaaaaaaaaaaaaaaaaaaaaaaaaaaaaaaaaaaaaaaaaaaaaaaaaaaaaaaaaaaaaaaaaaaaaaaaaaaaaaaaaaaaaaaaaaaaaaaaaaaaaaaaaaaaaaaaaaaaaaaaaaaaaaaaaaaaaaaaaaaaaaaaaaaaaaaaaaaaaaaaaaaaaaaaaaaaaaaaaaaaaaaaaaaaaaaaaaaaaaaaaaaaaaaaaaaaaaaaaaaaaaaaaaaaaaaaaaaaaaaaaaaaaaaaaaaaaaaaaaaaaaaaaaaaaaaaaaaaaaaaaaaaaaaaaaaaaaaa'
- "\t" -> **error:** Error: ENOENT: no such file or directory, open '	'
- "\n" -> **error:** Error: ENOENT: no such file or directory, open '
'
- "application/json" -> **error:** Error: ENOENT: no such file or directory, open 'application/json'
- "\r\n" -> **error:** Error: ENOENT: no such file or directory, open '
'
- "\u0000" -> **error:** TypeError: The argument 'path' must be a string, Uint8Array, or URL without null bytes. Received '\x00'
- "a\u0000b" -> **error:** TypeError: The argument 'path' must be a string, Uint8Array, or URL without null bytes. Received 'a\x00b'
- "A" -> **error:** Error: ENOENT: no such file or directory, open 'A'
- "\u001b[31m" -> **error:** Error: ENOENT: no such file or directory, open '[31m'
- "single-char" -> **error:** Error: ENOENT: no such file or directory, open 'single-char'
- "é" -> **error:** Error: ENOENT: no such file or directory, open 'é'
- "-" -> **error:** Error: ENOENT: no such file or directory, open '-'
- "日本語" -> **error:** Error: ENOENT: no such file or directory, open '日本語'
- "🎉" -> **error:** Error: ENOENT: no such file or directory, open '🎉'
- "true" -> **error:** Error: ENOENT: no such file or directory, open 'true'
- "false" -> **error:** Error: ENOENT: no such file or directory, open 'false'
- "null" -> **error:** Error: ENOENT: no such file or directory, open 'null'
- "0" -> **error:** Error: ENOENT: no such file or directory, open '0'
- "-1" -> **error:** Error: ENOENT: no such file or directory, open '-1'
- "<script>" -> **error:** Error: ENOENT: no such file or directory, open '<script>'
- "'; DROP TABLE" -> **error:** Error: ENOENT: no such file or directory, open ''; DROP TABLE'

### `loadOrDefault`

- "" -> "missing"

### `negotiateLanguage`

- "length", [] -> {"matchedRange":null,"quality":0,"reason":"no-supported",...
- "length", {"length":1} -> **error:** TypeError: supported.map is not a function
- "", ["length"] -> {"matchedRange":null,"quality":1,"reason":"default","sele...
- "no-supported", [] -> {"matchedRange":null,"quality":0,"reason":"no-supported",...
- "", ["no-supported"] -> {"matchedRange":null,"quality":1,"reason":"default","sele...
- "map", [] -> {"matchedRange":null,"quality":0,"reason":"no-supported",...
- "", ["map"] -> {"matchedRange":null,"quality":1,"reason":"default","sele...
- "toLowerCase", [] -> {"matchedRange":null,"quality":0,"reason":"no-supported",...
- "", ["toLowerCase"] -> {"matchedRange":null,"quality":1,"reason":"default","sele...
- "trim", [] -> {"matchedRange":null,"quality":0,"reason":"no-supported",...
- "", ["trim"] -> {"matchedRange":null,"quality":1,"reason":"default","sele...
- "default", [] -> {"matchedRange":null,"quality":0,"reason":"no-supported",...
- "", ["default"] -> {"matchedRange":null,"quality":1,"reason":"default","sele...
- "filter", [] -> {"matchedRange":null,"quality":0,"reason":"no-supported",...
- "", ["filter"] -> {"matchedRange":null,"quality":1,"reason":"default","sele...
- "split", [] -> {"matchedRange":null,"quality":0,"reason":"no-supported",...
- "", ["split"] -> {"matchedRange":null,"quality":1,"reason":"default","sele...
- ",", [] -> {"matchedRange":null,"quality":0,"reason":"no-supported",...
- "", [","] -> {"matchedRange":null,"quality":1,"reason":"default","sele...
- "q", [] -> {"matchedRange":null,"quality":0,"reason":"no-supported",...
- "", ["q"] -> {"matchedRange":null,"quality":1,"reason":"default","sele...
- "tag", [] -> {"matchedRange":null,"quality":0,"reason":"no-supported",...
- "", ["tag"] -> {"matchedRange":null,"quality":1,"reason":"default","sele...
- "*", [] -> {"matchedRange":null,"quality":0,"reason":"no-supported",...
- "", ["*"] -> {"matchedRange":null,"quality":1,"reason":"default","sele...
- "wildcard", [] -> {"matchedRange":null,"quality":0,"reason":"no-supported",...
- "", ["wildcard"] -> {"matchedRange":null,"quality":1,"reason":"default","sele...
- "exact", [] -> {"matchedRange":null,"quality":0,"reason":"no-supported",...
- "", ["exact"] -> {"matchedRange":null,"quality":1,"reason":"default","sele...
- "slice", [] -> {"matchedRange":null,"quality":0,"reason":"no-supported",...
- "", ["slice"] -> {"matchedRange":null,"quality":1,"reason":"default","sele...
- "primary", [] -> {"matchedRange":null,"quality":0,"reason":"no-supported",...
- "", ["primary"] -> {"matchedRange":null,"quality":1,"reason":"default","sele...
- "prefix", [] -> {"matchedRange":null,"quality":0,"reason":"no-supported",...
- "", ["prefix"] -> {"matchedRange":null,"quality":1,"reason":"default","sele...
- "region", [] -> {"matchedRange":null,"quality":0,"reason":"no-supported",...
- "", ["region"] -> {"matchedRange":null,"quality":1,"reason":"default","sele...
- "fallback", [] -> {"matchedRange":null,"quality":0,"reason":"no-supported",...
- "", ["fallback"] -> {"matchedRange":null,"quality":1,"reason":"default","sele...
- "no-match", [] -> {"matchedRange":null,"quality":0,"reason":"no-supported",...
- "", ["no-match"] -> {"matchedRange":null,"quality":1,"reason":"default","sele...
- "", {"length":0} -> {"matchedRange":null,"quality":0,"reason":"no-supported",...
- "no-supported", {"length":1} -> **error:** TypeError: supported.map is not a function
- "map", {"length":1} -> **error:** TypeError: supported.map is not a function
- "toLowerCase", {"length":1} -> **error:** TypeError: supported.map is not a function
- "trim", {"length":1} -> **error:** TypeError: supported.map is not a function
- "default", {"length":1} -> **error:** TypeError: supported.map is not a function
- "filter", {"length":1} -> **error:** TypeError: supported.map is not a function
- "split", {"length":1} -> **error:** TypeError: supported.map is not a function
- ",", {"length":1} -> **error:** TypeError: supported.map is not a function
- "q", {"length":1} -> **error:** TypeError: supported.map is not a function
- "tag", {"length":1} -> **error:** TypeError: supported.map is not a function
- "*", {"length":1} -> **error:** TypeError: supported.map is not a function
- "wildcard", {"length":1} -> **error:** TypeError: supported.map is not a function
- "exact", {"length":1} -> **error:** TypeError: supported.map is not a function
- "slice", {"length":1} -> **error:** TypeError: supported.map is not a function
- "primary", {"length":1} -> **error:** TypeError: supported.map is not a function
- "prefix", {"length":1} -> **error:** TypeError: supported.map is not a function
- "region", {"length":1} -> **error:** TypeError: supported.map is not a function
- "fallback", {"length":1} -> **error:** TypeError: supported.map is not a function
- "no-match", {"length":1} -> **error:** TypeError: supported.map is not a function
- "", {"length":1} -> **error:** TypeError: supported.map is not a function

### `evaluateRobotsPolicy`

- "length", "", "" -> {"allowed":false,"crawlDelay":null,"matchedDirective":nul...
- "", "length", "" -> {"allowed":false,"crawlDelay":null,"matchedDirective":nul...
- "", "", "length" -> {"allowed":false,"crawlDelay":null,"matchedDirective":nul...
- "missing-user-agent", "", "" -> {"allowed":false,"crawlDelay":null,"matchedDirective":nul...
- "", "missing-user-agent", "" -> {"allowed":false,"crawlDelay":null,"matchedDirective":nul...
- "", "", "missing-user-agent" -> {"allowed":false,"crawlDelay":null,"matchedDirective":nul...
- "charAt", "", "" -> {"allowed":false,"crawlDelay":null,"matchedDirective":nul...
- "", "charAt", "" -> {"allowed":false,"crawlDelay":null,"matchedDirective":nul...
- "", "", "charAt" -> {"allowed":false,"crawlDelay":null,"matchedDirective":nul...
- "/", "", "" -> {"allowed":false,"crawlDelay":null,"matchedDirective":nul...
- "", "/", "" -> {"allowed":false,"crawlDelay":null,"matchedDirective":nul...
- "", "", "/" -> {"allowed":false,"crawlDelay":null,"matchedDirective":nul...
- "invalid-path", "", "" -> {"allowed":false,"crawlDelay":null,"matchedDirective":nul...
- "", "invalid-path", "" -> {"allowed":false,"crawlDelay":null,"matchedDirective":nul...
- "", "", "invalid-path" -> {"allowed":false,"crawlDelay":null,"matchedDirective":nul...
- "filter", "", "" -> {"allowed":false,"crawlDelay":null,"matchedDirective":nul...
- "", "filter", "" -> {"allowed":false,"crawlDelay":null,"matchedDirective":nul...
- "", "", "filter" -> {"allowed":false,"crawlDelay":null,"matchedDirective":nul...
- "indexOf", "", "" -> {"allowed":false,"crawlDelay":null,"matchedDirective":nul...
- "", "indexOf", "" -> {"allowed":false,"crawlDelay":null,"matchedDirective":nul...
- "", "", "indexOf" -> {"allowed":false,"crawlDelay":null,"matchedDirective":nul...
- "agents", "", "" -> {"allowed":false,"crawlDelay":null,"matchedDirective":nul...
- "", "agents", "" -> {"allowed":false,"crawlDelay":null,"matchedDirective":nul...
- "", "", "agents" -> {"allowed":false,"crawlDelay":null,"matchedDirective":nul...
- "*", "", "" -> {"allowed":false,"crawlDelay":null,"matchedDirective":nul...
- "", "*", "" -> {"allowed":false,"crawlDelay":null,"matchedDirective":nul...
- "", "", "*" -> {"allowed":false,"crawlDelay":null,"matchedDirective":nul...
- "no-group", "", "" -> {"allowed":false,"crawlDelay":null,"matchedDirective":nul...
- "", "no-group", "" -> {"allowed":false,"crawlDelay":null,"matchedDirective":nul...
- "", "", "no-group" -> {"allowed":false,"crawlDelay":null,"matchedDirective":nul...
- "crawlDelay", "", "" -> {"allowed":false,"crawlDelay":null,"matchedDirective":nul...
- "", "crawlDelay", "" -> {"allowed":false,"crawlDelay":null,"matchedDirective":nul...
- "", "", "crawlDelay" -> {"allowed":false,"crawlDelay":null,"matchedDirective":nul...
- "rules", "", "" -> {"allowed":false,"crawlDelay":null,"matchedDirective":nul...
- "", "rules", "" -> {"allowed":false,"crawlDelay":null,"matchedDirective":nul...
- "", "", "rules" -> {"allowed":false,"crawlDelay":null,"matchedDirective":nul...
- "pattern", "", "" -> {"allowed":false,"crawlDelay":null,"matchedDirective":nul...
- "", "pattern", "" -> {"allowed":false,"crawlDelay":null,"matchedDirective":nul...
- "", "", "pattern" -> {"allowed":false,"crawlDelay":null,"matchedDirective":nul...
- "directive", "", "" -> {"allowed":false,"crawlDelay":null,"matchedDirective":nul...
- "", "directive", "" -> {"allowed":false,"crawlDelay":null,"matchedDirective":nul...
- "", "", "directive" -> {"allowed":false,"crawlDelay":null,"matchedDirective":nul...
- "allow", "", "" -> {"allowed":false,"crawlDelay":null,"matchedDirective":nul...
- "", "allow", "" -> {"allowed":false,"crawlDelay":null,"matchedDirective":nul...
- "", "", "allow" -> {"allowed":false,"crawlDelay":null,"matchedDirective":nul...
- "disallow", "", "" -> {"allowed":false,"crawlDelay":null,"matchedDirective":nul...
- "", "disallow", "" -> {"allowed":false,"crawlDelay":null,"matchedDirective":nul...
- "", "", "disallow" -> {"allowed":false,"crawlDelay":null,"matchedDirective":nul...
- "no-rule", "", "" -> {"allowed":false,"crawlDelay":null,"matchedDirective":nul...
- "", "no-rule", "" -> {"allowed":false,"crawlDelay":null,"matchedDirective":nul...
- "", "", "no-rule" -> {"allowed":false,"crawlDelay":null,"matchedDirective":nul...
- "http", "", "" -> {"allowed":false,"crawlDelay":null,"matchedDirective":nul...
- "@", "", "" -> {"allowed":false,"crawlDelay":null,"matchedDirective":nul...
- "hello", "", "/tmp/data/report.csv" -> {"allowed":false,"crawlDelay":null,"matchedDirective":nul...
- "", "", "" -> {"allowed":false,"crawlDelay":null,"matchedDirective":nul...
- " ", "", "" -> {"allowed":false,"crawlDelay":null,"matchedDirective":nul...
- "a", "", "" -> {"allowed":false,"crawlDelay":null,"matchedDirective":nul...
- "ab", "", "" -> {"allowed":false,"crawlDelay":null,"matchedDirective":nul...
- "aaaaaaaaaaaaaaaaaaaaaaaaaaaaaaaaaaaaaaaaaaaaaaaaaaaaaaaa..., "", "" -> {"allowed":false,"crawlDelay":null,"matchedDirective":nul...
- "trim", "", "" -> {"allowed":false,"crawlDelay":null,"matchedDirective":nul...
- "text/", "", "" -> {"allowed":false,"crawlDelay":null,"matchedDirective":nul...
- "empty", "", "" -> {"allowed":false,"crawlDelay":null,"matchedDirective":nul...
- "\t", "", "" -> {"allowed":false,"crawlDelay":null,"matchedDirective":nul...
- "application/json", "", "" -> {"allowed":false,"crawlDelay":null,"matchedDirective":nul...
- "A", "", "" -> {"allowed":false,"crawlDelay":null,"matchedDirective":nul...
- "single-char", "", "" -> {"allowed":false,"crawlDelay":null,"matchedDirective":nul...
- "\n", "", "" -> {"allowed":false,"crawlDelay":null,"matchedDirective":nul...
- "\r\n", "", "" -> {"allowed":false,"crawlDelay":null,"matchedDirective":nul...
- "-", "", "" -> {"allowed":false,"crawlDelay":null,"matchedDirective":nul...
- "\u0000", "", "" -> {"allowed":false,"crawlDelay":null,"matchedDirective":nul...
- " ", "", "/tmp/data/report.csv" -> {"allowed":false,"crawlDelay":null,"matchedDirective":nul...
- "a\u0000b", "", "" -> {"allowed":false,"crawlDelay":null,"matchedDirective":nul...
- "\u001b[31m", "", "" -> {"allowed":false,"crawlDelay":null,"matchedDirective":nul...
- "é", "", "" -> {"allowed":false,"crawlDelay":null,"matchedDirective":nul...
- "日本語", "", "" -> {"allowed":false,"crawlDelay":null,"matchedDirective":nul...
- "🎉", "", "" -> {"allowed":false,"crawlDelay":null,"matchedDirective":nul...
- "true", "", "" -> {"allowed":false,"crawlDelay":null,"matchedDirective":nul...
- "false", "", "" -> {"allowed":false,"crawlDelay":null,"matchedDirective":nul...
- "null", "", "" -> {"allowed":false,"crawlDelay":null,"matchedDirective":nul...
- "0", "", "" -> {"allowed":false,"crawlDelay":null,"matchedDirective":nul...
- "-1", "", "" -> {"allowed":false,"crawlDelay":null,"matchedDirective":nul...

### `parseDotenv`

- "" -> {"values":{},"warnings":[]}

### `classifySecret`

- {"__complex_type":"buffer","encoding":"base64","value":""} -> **error:** Error: error:1C80006B:Provider routines::wrong final block length
- {"__complex_type":"buffer","encoding":"base64","value":"/... -> **error:** Error: error:1C80006B:Provider routines::wrong final block length
- {"__complex_type":"buffer","encoding":"base64","value":"S... -> **error:** Error: error:1C80006B:Provider routines::wrong final block length
- {"__complex_type":"buffer","encoding":"base64","value":"A... -> **error:** Error: error:1C80006B:Provider routines::wrong final block length
- {"__complex_type":"buffer","encoding":"base64","value":"A... -> **error:** Error: error:1C80006B:Provider routines::wrong final block length

### `encrypt`

- "" -> {"data":[55,213,164,96,215,161,201,83,42,131,236,209,168,...

### `classifyWithChecksum`

- "" -> "empty"

## Skipped (Unsupported)

- `mergeConfig`: param "base" → ConfigObject (interface with no implementors — no concrete implementation visible in scope); param "override" → ConfigObject (interface with no implementors — no concrete implementation visible in scope)
- `transformRecord`: param "record" → RawRecord (interface with no implementors — no concrete implementation visible in scope)


  Wall time: 37.11s



━━━━━━━━━━━━━━━━━━━━━━━━━━━━━━━━━━━━━━━━━━━━━━━━━━
  Step 7/60 · Explore with Disk Cache
  Persist behavior maps to disk for reuse across runs (SHATTER_CACHE_DIR)
━━━━━━━━━━━━━━━━━━━━━━━━━━━━━━━━━━━━━━━━━━━━━━━━━━

$ /home/ketan/.local/share/worktrees/shatter/audit-2026-09-22/target/debug/shatter explore --max-iterations 20 --timeout-explore 15 /tmp/shatter-examples.e644oibi/standalone/ts/01-arithmetic.ts:classifyNumber /tmp/shatter-examples.e644oibi/standalone/ts/02-strings.ts:classifyString /tmp/shatter-examples.e644oibi/standalone/ts/03-objects.ts:categorizeUser /tmp/shatter-examples.e644oibi/standalone/ts/04-errors.ts:safeDivide /tmp/shatter-examples.e644oibi/standalone/ts/18-accept-language.ts:negotiateLanguage

[info] Spawned 1 frontend session(s) for 5 target(s) (16 parallel worker(s))
# Shatter Explore

[info] Found prior explore summary for /tmp/shatter-examples.e644oibi/standalone/ts/01-arithmetic.ts (1 completed, 0 failed)
[info] [resumed] classifyNumber: 3 branches, 1.7s (prior run)
[info] Resumed 1/1 function(s) from prior artifacts for /tmp/shatter-examples.e644oibi/standalone/ts/01-arithmetic.ts
[info] Found prior explore summary for /tmp/shatter-examples.e644oibi/standalone/ts/02-strings.ts (1 completed, 0 failed)
[info] [resumed] classifyString: 5 branches, 2.0s (prior run)
[info] Resumed 1/1 function(s) from prior artifacts for /tmp/shatter-examples.e644oibi/standalone/ts/02-strings.ts
[info] Found prior explore summary for /tmp/shatter-examples.e644oibi/standalone/ts/03-objects.ts (1 completed, 0 failed)
[info] [resumed] categorizeUser: 3 branches, 1.9s (prior run)
[info] Resumed 1/1 function(s) from prior artifacts for /tmp/shatter-examples.e644oibi/standalone/ts/03-objects.ts
[info] Found prior explore summary for /tmp/shatter-examples.e644oibi/standalone/ts/04-errors.ts (1 completed, 0 failed)
[info] [resumed] safeDivide: 3 branches, 1.6s (prior run)
[info] Resumed 1/1 function(s) from prior artifacts for /tmp/shatter-examples.e644oibi/standalone/ts/04-errors.ts
[info] Found prior explore summary for /tmp/shatter-examples.e644oibi/standalone/ts/18-accept-language.ts (1 completed, 0 failed)
[info] [resumed] negotiateLanguage: 2 branches, 1.7s (prior run)
[info] Resumed 1/1 function(s) from prior artifacts for /tmp/shatter-examples.e644oibi/standalone/ts/18-accept-language.ts
[info] Resumed 5 function(s) from prior explore artifacts
[info] Wrote explore artifact for classifyNumber -> /tmp/shatter-demo-artifacts.lLIgEc/explore-results/tmp_shatter-examples.e644oibi_standalone_ts_01-arithmetic.ts/00010_classifyNumber.json
## `classifyNumber` *(/tmp/shatter-examples.e644oibi/standalone/ts/01-arithmetic.ts:10-21)*

**4 path(s)** · **100%** coverage (7/7 lines)

| # | Call | Outcome |
|---|---|---|
| 1 | `classifyNumber(0)` | returns `"zero"` |
| 2 | `classifyNumber(-1)` | returns `"negative"` |
| 3 | `classifyNumber(2)` | returns `"positive-even"` |
| 4 | `classifyNumber(1)` | returns `"positive-odd"` |

[info] Wrote explore artifact for classifyString -> /tmp/shatter-demo-artifacts.lLIgEc/explore-results/tmp_shatter-examples.e644oibi_standalone_ts_02-strings.ts/00012_classifyString.json
## `classifyString` *(/tmp/shatter-examples.e644oibi/standalone/ts/02-strings.ts:12-29)*

**4 path(s)** · **82%** coverage (9/11 lines)

| # | Call | Outcome |
|---|---|---|
| 1 | `classifyString("length")` | returns `"text"` |
| 2 | `classifyString("")` | returns `"empty"` |
| 3 | `classifyString("http")` | returns `"url"` |
| 4 | `classifyString("@")` | returns `"single-char"` |

[info] Wrote explore artifact for categorizeUser -> /tmp/shatter-demo-artifacts.lLIgEc/explore-results/tmp_shatter-examples.e644oibi_standalone_ts_03-objects.ts/00019_categorizeUser.json
## `categorizeUser` *(/tmp/shatter-examples.e644oibi/standalone/ts/03-objects.ts:19-36)*

**3 path(s)** · **55%** coverage (6/11 lines)

| # | Call | Outcome |
|---|---|---|
| 1 | `categorizeUser({"age":0.0,"isVerified":false,"name":...)` | returns `"child"` |
| 2 | `categorizeUser({"age":-1,"isVerified":false,"name":"...)` | throws `Error: invalid age` |
| 3 | `categorizeUser({"age":13,"isVerified":false,"name":"...)` | returns `"teen"` |

[info] Wrote explore artifact for safeDivide -> /tmp/shatter-demo-artifacts.lLIgEc/explore-results/tmp_shatter-examples.e644oibi_standalone_ts_04-errors.ts/00010_safeDivide.json
## `safeDivide` *(/tmp/shatter-examples.e644oibi/standalone/ts/04-errors.ts:10-22)*

**2 path(s)** · **75%** coverage (6/8 lines)

| # | Call | Outcome |
|---|---|---|
| 1 | `safeDivide(0.0, 0.0)` | throws `Error: division by zero` |
| 2 | `safeDivide(0.0, 1)` | returns `0` |

[info] Wrote explore artifact for negotiateLanguage -> /tmp/shatter-demo-artifacts.lLIgEc/explore-results/tmp_shatter-examples.e644oibi_standalone_ts_18-accept-language.ts/00095_negotiateLanguage.json
## `negotiateLanguage` *(/tmp/shatter-examples.e644oibi/standalone/ts/18-accept-language.ts:95-180)*

**3 path(s)** · **18%** coverage (5/28 lines)

| # | Call | Outcome |
|---|---|---|
| 1 | `negotiateLanguage("length", [])` | returns `{"matchedRange":null,"quality":0,"rea...` |
| 2 | `negotiateLanguage("length", {"length":1})` | throws `TypeError: supported.map is not a function` |
| 3 | `negotiateLanguage("", ["length"])` | returns `{"matchedRange":null,"quality":1,"rea...` |


---

**Summary:** 16 path(s) across 5 function(s) · **51%** coverage (33/65 lines)

  Wall time: 1.62s



━━━━━━━━━━━━━━━━━━━━━━━━━━━━━━━━━━━━━━━━━━━━━━━━━━
  Step 8/60 · Analyze Go Functions
  Discover parameters, types, and branch conditions in Go code
━━━━━━━━━━━━━━━━━━━━━━━━━━━━━━━━━━━━━━━━━━━━━━━━━━

$ /home/ketan/.local/share/worktrees/shatter/audit-2026-09-22/target/debug/shatter explore --analyze-only /tmp/shatter-examples.e644oibi/standalone/go/01-arithmetic.go:ClassifyNumber /tmp/shatter-examples.e644oibi/standalone/go/02-strings.go:ClassifyString /tmp/shatter-examples.e644oibi/standalone/go/04-errors.go:SafeDivide /tmp/shatter-examples.e644oibi/standalone/go/18-accept-language.go:NegotiateLanguage

[info] Spawned 1 frontend session(s) for 4 target(s) (16 parallel worker(s))
ClassifyNumber  (/tmp/shatter-examples.e644oibi/standalone/go/01-arithmetic.go:19)
  params: 1, branches: 3
ClassifyString  (/tmp/shatter-examples.e644oibi/standalone/go/02-strings.go:23)
  params: 1, branches: 4
SafeDivide  (/tmp/shatter-examples.e644oibi/standalone/go/04-errors.go:22)
  params: 2, branches: 2
NegotiateLanguage  (/tmp/shatter-examples.e644oibi/standalone/go/18-accept-language.go:119)
  params: 2, branches: 18

  Wall time: 2.42s



━━━━━━━━━━━━━━━━━━━━━━━━━━━━━━━━━━━━━━━━━━━━━━━━━━
  Step 9/60 · Explore Go Functions
  Concolic execution on Go: generate inputs to cover all branches
━━━━━━━━━━━━━━━━━━━━━━━━━━━━━━━━━━━━━━━━━━━━━━━━━━

$ /home/ketan/.local/share/worktrees/shatter/audit-2026-09-22/target/debug/shatter explore --max-iterations 3 --timeout-explore 25 -o /tmp/shatter-gauntlet.hiIR2x/explore-go.html --stdout /tmp/shatter-examples.e644oibi/standalone/go/01-arithmetic.go:ClassifyNumber /tmp/shatter-examples.e644oibi/standalone/go/02-strings.go:ClassifyString /tmp/shatter-examples.e644oibi/standalone/go/04-errors.go:SafeDivide /tmp/shatter-examples.e644oibi/standalone/go/18-accept-language.go:NegotiateLanguage

[info] Spawned 1 frontend session(s) for 4 target(s) (16 parallel worker(s))
# Shatter Explore

[progress] starting 1/4: ClassifyNumber
[progress] starting 4/4: NegotiateLanguage
[progress] starting 2/4: ClassifyString
[progress] starting 3/4: SafeDivide
[progress] completed 1/4: ClassifyNumber (0.8s)
[batch 1/4] ClassifyNumber: 3 iters, 3 paths, 3/3 branches, 0.8s (ok) | active: 3 (ClassifyString, SafeDivide, NegotiateLanguage)
[progress] completed 2/4: ClassifyString (1.3s)
[batch 2/4] ClassifyString: 3 iters, 2 paths, 2/4 branches, 1.3s (ok) | active: 2 (SafeDivide, NegotiateLanguage)
[progress] completed 3/4: SafeDivide (1.5s)
[batch 3/4] SafeDivide: 3 iters, 2 paths, 2/2 branches, 1.5s (ok) | active: 1 (NegotiateLanguage)
[progress] completed 4/4: NegotiateLanguage (2.5s)
[batch 4/4] NegotiateLanguage: 3 iters, 2 paths, 2/18 branches, 2.5s (ok)
[info] Wrote explore artifact for ClassifyNumber -> /tmp/shatter-demo-artifacts.lLIgEc/explore-results/tmp_shatter-examples.e644oibi_standalone_go_01-arithmetic.go/00019_ClassifyNumber.json
## `ClassifyNumber` *(/tmp/shatter-examples.e644oibi/standalone/go/01-arithmetic.go:19-30)*

**3 path(s)** · **86%** coverage (6/7 lines)

| # | Call | Outcome |
|---|---|---|
| 1 | `ClassifyNumber(0)` | returns `"zero"` |
| 2 | `ClassifyNumber(-1)` | returns `"negative"` |
| 3 | `ClassifyNumber(1)` | returns `"positive-odd"` |

[info] Wrote explore artifact for ClassifyString -> /tmp/shatter-demo-artifacts.lLIgEc/explore-results/tmp_shatter-examples.e644oibi_standalone_go_02-strings.go/00023_ClassifyString.json
## `ClassifyString` *(/tmp/shatter-examples.e644oibi/standalone/go/02-strings.go:23-37)*

**2 path(s)** · **44%** coverage (4/9 lines)

| # | Call | Outcome |
|---|---|---|
| 1 | `ClassifyString("")` | returns `"empty"` |
| 2 | `ClassifyString("A")` | returns `"single-char"` |

[info] Wrote explore artifact for SafeDivide -> /tmp/shatter-demo-artifacts.lLIgEc/explore-results/tmp_shatter-examples.e644oibi_standalone_go_04-errors.go/00022_SafeDivide.json
## `SafeDivide` *(/tmp/shatter-examples.e644oibi/standalone/go/04-errors.go:22-30)*

**2 path(s)** · **80%** coverage (4/5 lines)

| # | Call | Outcome |
|---|---|---|
| 1 | `SafeDivide(0, 0)` | throws `function_error: division by zero` |
| 2 | `SafeDivide(0, 1)` | returns `0` |

[info] Wrote explore artifact for NegotiateLanguage -> /tmp/shatter-demo-artifacts.lLIgEc/explore-results/tmp_shatter-examples.e644oibi_standalone_go_18-accept-language.go/00119_NegotiateLanguage.json
## `NegotiateLanguage` *(/tmp/shatter-examples.e644oibi/standalone/go/18-accept-language.go:119-216)*

**2 path(s)** · **25%** coverage (5/20 lines)

| # | Call | Outcome |
|---|---|---|
| 1 | `NegotiateLanguage("", [])` | returns `{"MatchedRange":null,"Quality":0,"Rea...` |
| 2 | `NegotiateLanguage("", [""])` | returns `{"MatchedRange":null,"Quality":1,"Rea...` |
- *Mocks: parseLanguagePreference*


---

**Summary:** 9 path(s) across 4 function(s) · **46%** coverage (19/41 lines)
[info] Wrote HTML report to /tmp/shatter-gauntlet.hiIR2x/explore-go.html
## ClassifyNumber

**Status:** `completed`

exploration completed

## `ClassifyNumber` *(/tmp/shatter-examples.e644oibi/standalone/go/01-arithmetic.go:19-30)*

**3 path(s)** · **86%** coverage (6/7 lines)

| # | Call | Outcome |
|---|---|---|
| 1 | `ClassifyNumber(0)` | returns `"zero"` |
| 2 | `ClassifyNumber(-1)` | returns `"negative"` |
| 3 | `ClassifyNumber(1)` | returns `"positive-odd"` |

---

## ClassifyString

**Status:** `completed`

exploration completed

## `ClassifyString` *(/tmp/shatter-examples.e644oibi/standalone/go/02-strings.go:23-37)*

**2 path(s)** · **44%** coverage (4/9 lines)

| # | Call | Outcome |
|---|---|---|
| 1 | `ClassifyString("")` | returns `"empty"` |
| 2 | `ClassifyString("A")` | returns `"single-char"` |

---

## SafeDivide

**Status:** `completed`

exploration completed

## `SafeDivide` *(/tmp/shatter-examples.e644oibi/standalone/go/04-errors.go:22-30)*

**2 path(s)** · **80%** coverage (4/5 lines)

| # | Call | Outcome |
|---|---|---|
| 1 | `SafeDivide(0, 0)` | throws `function_error: division by zero` |
| 2 | `SafeDivide(0, 1)` | returns `0` |

---

## NegotiateLanguage

**Status:** `completed`

exploration completed

## `NegotiateLanguage` *(/tmp/shatter-examples.e644oibi/standalone/go/18-accept-language.go:119-216)*

**2 path(s)** · **25%** coverage (5/20 lines)

| # | Call | Outcome |
|---|---|---|
| 1 | `NegotiateLanguage("", [])` | returns `{"MatchedRange":null,"Quality":0,"Rea...` |
| 2 | `NegotiateLanguage("", [""])` | returns `{"MatchedRange":null,"Quality":1,"Rea...` |
- *Mocks: parseLanguagePreference*

  Wall time: 3.20s


Using Rust frontend: /home/ketan/.local/share/worktrees/shatter/audit-2026-09-22/shatter-rust/target/debug/shatter-rust

━━━━━━━━━━━━━━━━━━━━━━━━━━━━━━━━━━━━━━━━━━━━━━━━━━
  Step 10/60 · Analyze Rust Functions
  Discover parameters, types, and branch conditions in Rust code
━━━━━━━━━━━━━━━━━━━━━━━━━━━━━━━━━━━━━━━━━━━━━━━━━━

$ /home/ketan/.local/share/worktrees/shatter/audit-2026-09-22/target/debug/shatter explore --analyze-only /tmp/shatter-examples.e644oibi/standalone/rust/01_arithmetic.rs:classify_number /tmp/shatter-examples.e644oibi/standalone/rust/02_strings.rs:classify_string /tmp/shatter-examples.e644oibi/standalone/rust/04_errors.rs:safe_divide /tmp/shatter-examples.e644oibi/standalone/rust/18_accept_language.rs:negotiate_language

[info] Spawned 1 frontend session(s) for 4 target(s) (16 parallel worker(s))
classify_number  (/tmp/shatter-examples.e644oibi/standalone/rust/01_arithmetic.rs:6)
  params: 1, branches: 3
classify_string  (/tmp/shatter-examples.e644oibi/standalone/rust/02_strings.rs:7)
  params: 1, branches: 5
safe_divide  (/tmp/shatter-examples.e644oibi/standalone/rust/04_errors.rs:6)
  params: 2, branches: 2
negotiate_language  (/tmp/shatter-examples.e644oibi/standalone/rust/18_accept_language.rs:101)
  params: 2, branches: 13

  Wall time: 0.27s



━━━━━━━━━━━━━━━━━━━━━━━━━━━━━━━━━━━━━━━━━━━━━━━━━━
  Step 11/60 · Explore Rust Functions
  Concolic execution on Rust: generate inputs to cover all branches
━━━━━━━━━━━━━━━━━━━━━━━━━━━━━━━━━━━━━━━━━━━━━━━━━━

$ /home/ketan/.local/share/worktrees/shatter/audit-2026-09-22/target/debug/shatter explore --max-iterations 3 --timeout-explore 25 -o /tmp/shatter-gauntlet.hiIR2x/explore-rust.html --stdout /tmp/shatter-examples.e644oibi/standalone/rust/01_arithmetic.rs:classify_number /tmp/shatter-examples.e644oibi/standalone/rust/02_strings.rs:classify_string /tmp/shatter-examples.e644oibi/standalone/rust/04_errors.rs:safe_divide /tmp/shatter-examples.e644oibi/standalone/rust/18_accept_language.rs:negotiate_language

[info] Spawned 1 frontend session(s) for 4 target(s) (16 parallel worker(s))
# Shatter Explore

[progress] starting 1/4: classify_number
[progress] starting 2/4: classify_string
[progress] starting 3/4: safe_divide
[progress] starting 4/4: negotiate_language
[progress] completed 1/4: safe_divide (0.6s)
[progress] completed 2/4: negotiate_language (0.6s)
[progress] completed 3/4: classify_string (0.6s)
[batch 1/4] safe_divide: 3 iters, 2 paths, 0/2 branches, 0.6s (ok) | active: 3 (negotiate_language, classify_number, classify_string)
[batch 2/4] negotiate_language: 3 iters, 3 paths, 0/13 branches, 0.6s (ok) | active: 2 (classify_number, classify_string)
[batch 3/4] classify_string: 3 iters, 3 paths, 0/5 branches, 0.7s (ok) | active: 1 (classify_number)
[progress] completed 4/4: classify_number (0.7s)
[batch 4/4] classify_number: 3 iters, 3 paths, 3/3 branches, 0.7s (ok)
[info] Wrote explore artifact for classify_number -> /tmp/shatter-demo-artifacts.lLIgEc/explore-results/tmp_shatter-examples.e644oibi_standalone_rust_01_arithmetic.rs/00006_classify_number.json
## `classify_number` *(/tmp/shatter-examples.e644oibi/standalone/rust/01_arithmetic.rs:6-18)*

**3 path(s)** · **46%** coverage (6/13 lines)

| # | Call | Outcome |
|---|---|---|
| 1 | `classify_number(0)` | returns `"zero"` |
| 2 | `classify_number(-1)` | returns `"negative"` |
| 3 | `classify_number(2)` | returns `"positive-even"` |

[info] Wrote explore artifact for classify_string -> /tmp/shatter-demo-artifacts.lLIgEc/explore-results/tmp_shatter-examples.e644oibi_standalone_rust_02_strings.rs/00007_classify_string.json
## `classify_string` *(/tmp/shatter-examples.e644oibi/standalone/rust/02_strings.rs:7-24)*

**3 path(s)** · **0%** coverage (0/18 lines)

| # | Call | Outcome |
|---|---|---|
| 1 | `classify_string("empty")` | throws `runtime_error: input 0 deserialization failed: invalid type: string "empty", expected i64` |
| 2 | `classify_string("single-char")` | throws `runtime_error: input 0 deserialization failed: invalid type: string "single-char", expected i64` |
| 3 | `classify_string("http")` | throws `runtime_error: input 0 deserialization failed: invalid type: string "http", expected i64` |
- *Mocks: is_ascii_digit, all*

[info] Wrote explore artifact for safe_divide -> /tmp/shatter-demo-artifacts.lLIgEc/explore-results/tmp_shatter-examples.e644oibi_standalone_rust_04_errors.rs/00006_safe_divide.json
## `safe_divide` *(/tmp/shatter-examples.e644oibi/standalone/rust/04_errors.rs:6-14)*

**2 path(s)** · **0%** coverage (0/9 lines)

| # | Call | Outcome |
|---|---|---|
| 1 | `safe_divide(0.0, 0.0)` | throws `runtime_error: input 0 deserialization failed: invalid type: floating point `0.0`, expected i64` |
| 2 | `safe_divide(1.0, 2.0)` | throws `runtime_error: input 0 deserialization failed: invalid type: floating point `1.0`, expected i64` |
- *Mocks: to_string*

[info] Wrote explore artifact for negotiate_language -> /tmp/shatter-demo-artifacts.lLIgEc/explore-results/tmp_shatter-examples.e644oibi_standalone_rust_18_accept_language.rs/00101_negotiate_language.json
## `negotiate_language` *(/tmp/shatter-examples.e644oibi/standalone/rust/18_accept_language.rs:101-202)*

**3 path(s)** · **0%** coverage (0/102 lines)

| # | Call | Outcome |
|---|---|---|
| 1 | `negotiate_language("*", [])` | throws `runtime_error: input 0 deserialization failed: invalid type: string "*", expected i64` |
| 2 | `negotiate_language("", ["*"])` | throws `runtime_error: input 0 deserialization failed: invalid type: string "", expected i64` |
| 3 | `negotiate_language("-", [])` | throws `runtime_error: input 0 deserialization failed: invalid type: string "-", expected i64` |
- *Mocks: enumerate, total_cmp, collect, to_ascii_lowercase, sort_by, is_empty, then, cmp, map, filter_map, iter, starts_with, clone*


---

**Summary:** 11 path(s) across 4 function(s) · **4%** coverage (6/142 lines)
[info] Wrote HTML report to /tmp/shatter-gauntlet.hiIR2x/explore-rust.html
## classify_number

**Status:** `completed`

exploration completed

## `classify_number` *(/tmp/shatter-examples.e644oibi/standalone/rust/01_arithmetic.rs:6-18)*

**3 path(s)** · **46%** coverage (6/13 lines)

| # | Call | Outcome |
|---|---|---|
| 1 | `classify_number(0)` | returns `"zero"` |
| 2 | `classify_number(-1)` | returns `"negative"` |
| 3 | `classify_number(2)` | returns `"positive-even"` |

---

## classify_string

**Status:** `completed`

exploration completed

## `classify_string` *(/tmp/shatter-examples.e644oibi/standalone/rust/02_strings.rs:7-24)*

**3 path(s)** · **0%** coverage (0/18 lines)

| # | Call | Outcome |
|---|---|---|
| 1 | `classify_string("empty")` | throws `runtime_error: input 0 deserialization failed: invalid type: string "empty", expected i64` |
| 2 | `classify_string("single-char")` | throws `runtime_error: input 0 deserialization failed: invalid type: string "single-char", expected i64` |
| 3 | `classify_string("http")` | throws `runtime_error: input 0 deserialization failed: invalid type: string "http", expected i64` |
- *Mocks: is_ascii_digit, all*

---

## safe_divide

**Status:** `completed`

exploration completed

## `safe_divide` *(/tmp/shatter-examples.e644oibi/standalone/rust/04_errors.rs:6-14)*

**2 path(s)** · **0%** coverage (0/9 lines)

| # | Call | Outcome |
|---|---|---|
| 1 | `safe_divide(0.0, 0.0)` | throws `runtime_error: input 0 deserialization failed: invalid type: floating point `0.0`, expected i64` |
| 2 | `safe_divide(1.0, 2.0)` | throws `runtime_error: input 0 deserialization failed: invalid type: floating point `1.0`, expected i64` |
- *Mocks: to_string*

---

## negotiate_language

**Status:** `completed`

exploration completed

## `negotiate_language` *(/tmp/shatter-examples.e644oibi/standalone/rust/18_accept_language.rs:101-202)*

**3 path(s)** · **0%** coverage (0/102 lines)

| # | Call | Outcome |
|---|---|---|
| 1 | `negotiate_language("*", [])` | throws `runtime_error: input 0 deserialization failed: invalid type: string "*", expected i64` |
| 2 | `negotiate_language("", ["*"])` | throws `runtime_error: input 0 deserialization failed: invalid type: string "", expected i64` |
| 3 | `negotiate_language("-", [])` | throws `runtime_error: input 0 deserialization failed: invalid type: string "-", expected i64` |
- *Mocks: enumerate, total_cmp, collect, to_ascii_lowercase, sort_by, is_empty, then, cmp, map, filter_map, iter, starts_with, clone*

  Wall time: 1.33s



━━━━━━━━━━━━━━━━━━━━━━━━━━━━━━━━━━━━━━━━━━━━━━━━━━
  Step 12/60 · Scan Rust Examples
  Preview a dependency-ordered Rust scan plan on a representative sample
━━━━━━━━━━━━━━━━━━━━━━━━━━━━━━━━━━━━━━━━━━━━━━━━━━

$ /home/ketan/.local/share/worktrees/shatter/audit-2026-09-22/target/debug/shatter scan --core-sample 3 --dry-run /tmp/shatter-examples.e644oibi/rust/src

[info] Discovered 8 source file(s) in /tmp/shatter-examples.e644oibi/rust/src
[info] Skipped 1 function(s) (unexecutable parameter types):
[info]   authenticate: param "store" → dyn DataStore (abstract type — abstract class or private constructor cannot be instantiated)
[info] Core sample: selected 3 of 13 function(s) (3 sampled + 0 dependency closure)
Dry-run scan plan
=================

Summary: 3 function(s) across 7 file(s), 1 layer(s)
Workers: 8 (parallel)
Estimated time: <=60s (1 layer(s) x 60s timeout)

Layer 0 (3 function(s), parallelizable):
  extract_field(json: unknown, field: string) -> string | string  [/tmp/shatter-examples.e644oibi/rust/src/external_deps.rs]
    Branches: 2 | Deps: none
    External: get (external — auto-mock), map (external — auto-mock), as_str (external — auto-mock), ok_or_else (external — auto-mock), to_string (external — auto-mock)
  classify_float(agreements: int, total: int, threshold: float) -> int  [/tmp/shatter-examples.e644oibi/rust/src/self_hosting.rs]
    Branches: 2 | Deps: none
  coverage_percentages(total_branches: int, z3_solved: int, random_found: int, user_provided: int, uncovered: int) -> {0: float, 1: float, 2: float, 3: float}  [/tmp/shatter-examples.e644oibi/rust/src/self_hosting.rs]
    Branches: 1 | Deps: none

Skipped (unexecutable):
  authenticate: param "store" → dyn DataStore (abstract type — abstract class or private constructor cannot be instantiated)

  Wall time: 2.48s



━━━━━━━━━━━━━━━━━━━━━━━━━━━━━━━━━━━━━━━━━━━━━━━━━━
  Step 13/60 · Run: Analyze Only
  Discover, analyze, and report on all files in the standalone TS directory
━━━━━━━━━━━━━━━━━━━━━━━━━━━━━━━━━━━━━━━━━━━━━━━━━━

$ /home/ketan/.local/share/worktrees/shatter/audit-2026-09-22/target/debug/shatter run --analyze-only /tmp/shatter-examples.e644oibi/standalone/ts

# Shatter Run Report

**Repository**: /tmp/shatter-examples.e644oibi/standalone/ts
**Elapsed**: 0.9s

## Files Discovered

| Language | Files |
|----------|-------|
| TypeScript | 26 |
| **Total** | **26** |

## Functions Analyzed

- **Total functions**: 66
- **Total branches**: 339
- **Exported functions**: 45
- **Unexported functions**: 21

## Call Graph

- **Nodes**: 66
- **Edges**: 0
- **Topological layers**: 1
- **Cycles**: 0


  Wall time: 1.27s



━━━━━━━━━━━━━━━━━━━━━━━━━━━━━━━━━━━━━━━━━━━━━━━━━━
  Step 14/60 · Run: Full Pipeline
  Discover, analyze, explore, and generate a full report
━━━━━━━━━━━━━━━━━━━━━━━━━━━━━━━━━━━━━━━━━━━━━━━━━━

$ /home/ketan/.local/share/worktrees/shatter/audit-2026-09-22/target/debug/shatter run --max-iterations 10 --timeout 60 /tmp/shatter-examples.e644oibi/standalone/ts


## Report Validity: degraded

| Reason | Detail | Recommended action |
|---|---|---|
| degraded_representation | represented_source_percent=63.4 below high threshold 75.0 | Inspect unrepresented_*_lines buckets and broaden frontend coverage where feasible. |

# Shatter Run Report

**Repository**: /tmp/shatter-examples.e644oibi/standalone/ts
**Elapsed**: 31.5s

## Files Discovered

| Language | Files |
|----------|-------|
| TypeScript | 26 |
| **Total** | **26** |

## Functions Analyzed

- **Total functions**: 66
- **Total branches**: 339
- **Exported functions**: 45
- **Unexported functions**: 21

## Call Graph

- **Nodes**: 66
- **Edges**: 0
- **Topological layers**: 1
- **Cycles**: 0

## Exploration Results

| Function | Paths | Lines Covered | Coverage |
|----------|-------|---------------|----------|
| /tmp/shatter-examples.e644oibi/standalone/ts/01-arithmetic.ts::classifyNumber | 4 | 7/7 | 100% |
| /tmp/shatter-examples.e644oibi/standalone/ts/01-arithmetic.ts::compareMagnitudes | 4 | 9/9 | 100% |
| /tmp/shatter-examples.e644oibi/standalone/ts/02-strings.ts::classifyString | 4 | 9/11 | 82% |
| /tmp/shatter-examples.e644oibi/standalone/ts/02-strings.ts::transformString | 3 | 7/11 | 64% |
| /tmp/shatter-examples.e644oibi/standalone/ts/03-objects.ts::categorizeUser | 2 | 4/11 | 36% |
| /tmp/shatter-examples.e644oibi/standalone/ts/03-objects.ts::describeRectangle | 4 | 8/8 | 100% |
| /tmp/shatter-examples.e644oibi/standalone/ts/04-errors.ts::safeDivide | 2 | 6/8 | 75% |
| /tmp/shatter-examples.e644oibi/standalone/ts/04-errors.ts::computeStats | 2 | 5/16 | 31% |
| /tmp/shatter-examples.e644oibi/standalone/ts/05-unions.ts::computeArea | 1 | 1/10 | 10% |
| /tmp/shatter-examples.e644oibi/standalone/ts/05-unions.ts::routeRequest | 2 | 4/13 | 31% |
| /tmp/shatter-examples.e644oibi/standalone/ts/06-nested-control-flow.ts::classifyHttpResponse | 4 | 12/27 | 44% |
| /tmp/shatter-examples.e644oibi/standalone/ts/06-nested-control-flow.ts::processStateMachine | 3 | 11/29 | 38% |
| /tmp/shatter-examples.e644oibi/standalone/ts/07-auth-validation.ts::validateJwt | 2 | 5/26 | 19% |
| /tmp/shatter-examples.e644oibi/standalone/ts/07-auth-validation.ts::authorizeRequest | 2 | 4/29 | 14% |
| /tmp/shatter-examples.e644oibi/standalone/ts/08-data-transform.ts::mergeConfig | 2 | 4/24 | 17% |
| /tmp/shatter-examples.e644oibi/standalone/ts/08-data-transform.ts::isConfigObject | 1 | 1/1 | 100% |
| /tmp/shatter-examples.e644oibi/standalone/ts/08-data-transform.ts::transformRecord | 1 | 1/22 | 5% |
| /tmp/shatter-examples.e644oibi/standalone/ts/09-rate-limiter.ts::checkRateLimit | 2 | 4/18 | 22% |
| /tmp/shatter-examples.e644oibi/standalone/ts/10-path-router.ts::matchRoute | 2 | 4/50 | 8% |
| /tmp/shatter-examples.e644oibi/standalone/ts/10-path-router.ts::resolveMiddleware | 3 | 10/16 | 62% |
| /tmp/shatter-examples.e644oibi/standalone/ts/13-mcdc-compound.ts::compoundAnd | 2 | 3/3 | 100% |
| /tmp/shatter-examples.e644oibi/standalone/ts/13-mcdc-compound.ts::compoundOr | 2 | 3/3 | 100% |
| /tmp/shatter-examples.e644oibi/standalone/ts/13-mcdc-compound.ts::threeWayAnd | 2 | 3/3 | 100% |
| /tmp/shatter-examples.e644oibi/standalone/ts/13-roman-numerals.ts::intToRoman | 3 | 9/9 | 100% |
| /tmp/shatter-examples.e644oibi/standalone/ts/13-roman-numerals.ts::romanToInt | 3 | 14/17 | 82% |
| /tmp/shatter-examples.e644oibi/standalone/ts/14-semver.ts::parseSemver | 3 | 8/22 | 36% |
| /tmp/shatter-examples.e644oibi/standalone/ts/14-semver.ts::compareSemver | 4 | 6/7 | 86% |
| /tmp/shatter-examples.e644oibi/standalone/ts/14-semver.ts::satisfiesRange | 2 | 11/36 | 31% |
| /tmp/shatter-examples.e644oibi/standalone/ts/15-email-validator.ts::validateEmail | 4 | 13/47 | 28% |
| /tmp/shatter-examples.e644oibi/standalone/ts/16-cron-parser.ts::range | 2 | 4/4 | 100% |
| /tmp/shatter-examples.e644oibi/standalone/ts/16-cron-parser.ts::parseField | 4 | 13/37 | 35% |
| /tmp/shatter-examples.e644oibi/standalone/ts/16-cron-parser.ts::parseRange | 1 | 5/10 | 50% |
| /tmp/shatter-examples.e644oibi/standalone/ts/16-cron-parser.ts::allValues | 1 | 1/1 | 100% |
| /tmp/shatter-examples.e644oibi/standalone/ts/16-cron-parser.ts::parseCron | 3 | 11/16 | 69% |
| /tmp/shatter-examples.e644oibi/standalone/ts/17-mock-branches.ts::classifyStatus | 1 | 1/8 | 12% |
| /tmp/shatter-examples.e644oibi/standalone/ts/17-mock-branches.ts::loadOrDefault | 1 | 2/6 | 33% |
| /tmp/shatter-examples.e644oibi/standalone/ts/17-mock-branches.ts::classifyConfigs | 3 | 5/12 | 42% |
| /tmp/shatter-examples.e644oibi/standalone/ts/18-accept-language.ts::parsePreference | 3 | 13/20 | 65% |
| /tmp/shatter-examples.e644oibi/standalone/ts/18-accept-language.ts::sortPreferences | 4 | 4/4 | 100% |
| /tmp/shatter-examples.e644oibi/standalone/ts/18-accept-language.ts::negotiateLanguage | 3 | 5/28 | 18% |
| /tmp/shatter-examples.e644oibi/standalone/ts/19-robots-policy.ts::normalizeAgent | 1 | 3/3 | 100% |
| /tmp/shatter-examples.e644oibi/standalone/ts/19-robots-policy.ts::escapeRegex | 1 | 1/1 | 100% |
| /tmp/shatter-examples.e644oibi/standalone/ts/19-robots-policy.ts::matchesPattern | 1 | 5/5 | 100% |
| /tmp/shatter-examples.e644oibi/standalone/ts/19-robots-policy.ts::ruleSpecificity | 1 | 1/1 | 100% |
| /tmp/shatter-examples.e644oibi/standalone/ts/19-robots-policy.ts::parseRobots | 4 | 15/29 | 52% |
| /tmp/shatter-examples.e644oibi/standalone/ts/19-robots-policy.ts::groupMatches | 4 | 5/6 | 83% |
| /tmp/shatter-examples.e644oibi/standalone/ts/19-robots-policy.ts::evaluateRobotsPolicy | 2 | 5/28 | 18% |
| /tmp/shatter-examples.e644oibi/standalone/ts/20-dotenv-parser.ts::findSeparator | 3 | 5/5 | 100% |
| /tmp/shatter-examples.e644oibi/standalone/ts/20-dotenv-parser.ts::stripInlineComment | 7 | 14/14 | 100% |
| /tmp/shatter-examples.e644oibi/standalone/ts/20-dotenv-parser.ts::parseDotenv | 3 | 13/45 | 29% |
| /tmp/shatter-examples.e644oibi/standalone/ts/21-crypto-boundary.ts::encrypt | 1 | 2/2 | 100% |
| /tmp/shatter-examples.e644oibi/standalone/ts/21-crypto-boundary.ts::classifySecret | 1 | 2/7 | 29% |
| /tmp/shatter-examples.e644oibi/standalone/ts/22-opaque-predicate.ts::classifyWithChecksum | 4 | 9/10 | 90% |
| /tmp/shatter-examples.e644oibi/standalone/ts/hello.ts::hello | 4 | 10/12 | 83% |
| /tmp/shatter-examples.e644oibi/standalone/ts/hello.ts::treeb | 3 | 6/6 | 100% |
| /tmp/shatter-examples.e644oibi/standalone/ts/hello.ts::urlparse | 1 | 2/3 | 67% |
| /tmp/shatter-examples.e644oibi/standalone/ts/hello.ts::romannumeral | 10 | 23/31 | 74% |
| /tmp/shatter-examples.e644oibi/standalone/ts/hello.ts::fibonacci | 3 | 6/6 | 100% |
| **Total** | **155** | **377/853** | **44%** |


  Wall time: 33.05s



━━━━━━━━━━━━━━━━━━━━━━━━━━━━━━━━━━━━━━━━━━━━━━━━━━
  Step 15/60 · Verbose Output with Debug Log Level
  Show detailed progress output using --log-level debug
━━━━━━━━━━━━━━━━━━━━━━━━━━━━━━━━━━━━━━━━━━━━━━━━━━

$ /home/ketan/.local/share/worktrees/shatter/audit-2026-09-22/target/debug/shatter explore --max-iterations 20 --timeout-explore 15 --log-level debug /tmp/shatter-examples.e644oibi/standalone/ts/01-arithmetic.ts:classifyNumber

[debug] built glob set; 0 literals, 0 basenames, 2 extensions, 0 prefixes, 0 suffixes, 0 required extensions, 0 regexes
[debug] built glob set; 0 literals, 0 basenames, 0 extensions, 2 prefixes, 0 suffixes, 0 required extensions, 0 regexes
[debug] Frontend connected (language=typescript)
[info] Spawned 1 frontend session(s) for 1 target(s) (16 parallel worker(s))
[debug] Exploring /tmp/shatter-examples.e644oibi/standalone/ts/01-arithmetic.ts:classifyNumber [language=typescript, max_iterations=20]
[debug] Found 1 function(s):
[debug]   - classifyNumber (1 params, 3 branches)
# Shatter Explore

[debug] Loaded 4 stored input(s) for classifyNumber
[debug] Exploring classifyNumber...
[info] Found prior explore summary for /tmp/shatter-examples.e644oibi/standalone/ts/01-arithmetic.ts (1 completed, 0 failed)
[info] [resumed] classifyNumber: 3 branches, 1.7s (prior run)
[info] Resumed 1/1 function(s) from prior artifacts for /tmp/shatter-examples.e644oibi/standalone/ts/01-arithmetic.ts
[info] Resumed 1 function(s) from prior explore artifacts
[info] Wrote explore artifact for classifyNumber -> /tmp/shatter-demo-artifacts.lLIgEc/explore-results/tmp_shatter-examples.e644oibi_standalone_ts_01-arithmetic.ts/00010_classifyNumber.json
## `classifyNumber` *(/tmp/shatter-examples.e644oibi/standalone/ts/01-arithmetic.ts:10-21)*

**4 path(s)** · **100%** coverage (7/7 lines)

| # | Call | Outcome |
|---|---|---|
| 1 | `classifyNumber(0)` | returns `"zero"` |
| 2 | `classifyNumber(-1)` | returns `"negative"` |
| 3 | `classifyNumber(2)` | returns `"positive-even"` |
| 4 | `classifyNumber(1)` | returns `"positive-odd"` |


---

**Summary:** 4 path(s) across 1 function(s) · **100%** coverage (7/7 lines)

  Wall time: 1.13s



━━━━━━━━━━━━━━━━━━━━━━━━━━━━━━━━━━━━━━━━━━━━━━━━━━
  Step 16/60 · Request Timeout
  Set a per-request timeout to bound frontend communication
━━━━━━━━━━━━━━━━━━━━━━━━━━━━━━━━━━━━━━━━━━━━━━━━━━

$ /home/ketan/.local/share/worktrees/shatter/audit-2026-09-22/target/debug/shatter explore --max-iterations 20 --timeout-explore 15 --request-timeout 15 /tmp/shatter-examples.e644oibi/standalone/ts/01-arithmetic.ts:classifyNumber /tmp/shatter-examples.e644oibi/standalone/ts/02-strings.ts:classifyString /tmp/shatter-examples.e644oibi/standalone/ts/03-objects.ts:categorizeUser /tmp/shatter-examples.e644oibi/standalone/ts/04-errors.ts:safeDivide /tmp/shatter-examples.e644oibi/standalone/ts/18-accept-language.ts:negotiateLanguage

[info] Spawned 1 frontend session(s) for 5 target(s) (16 parallel worker(s))
# Shatter Explore

[info] Found prior explore summary for /tmp/shatter-examples.e644oibi/standalone/ts/01-arithmetic.ts (1 completed, 0 failed)
[info] [resumed] classifyNumber: 3 branches, 1.7s (prior run)
[info] Resumed 1/1 function(s) from prior artifacts for /tmp/shatter-examples.e644oibi/standalone/ts/01-arithmetic.ts
[info] Found prior explore summary for /tmp/shatter-examples.e644oibi/standalone/ts/02-strings.ts (1 completed, 0 failed)
[info] [resumed] classifyString: 5 branches, 2.0s (prior run)
[info] Resumed 1/1 function(s) from prior artifacts for /tmp/shatter-examples.e644oibi/standalone/ts/02-strings.ts
[info] Found prior explore summary for /tmp/shatter-examples.e644oibi/standalone/ts/03-objects.ts (1 completed, 0 failed)
[info] [resumed] categorizeUser: 3 branches, 1.9s (prior run)
[info] Resumed 1/1 function(s) from prior artifacts for /tmp/shatter-examples.e644oibi/standalone/ts/03-objects.ts
[info] Found prior explore summary for /tmp/shatter-examples.e644oibi/standalone/ts/04-errors.ts (1 completed, 0 failed)
[info] [resumed] safeDivide: 3 branches, 1.6s (prior run)
[info] Resumed 1/1 function(s) from prior artifacts for /tmp/shatter-examples.e644oibi/standalone/ts/04-errors.ts
[info] Found prior explore summary for /tmp/shatter-examples.e644oibi/standalone/ts/18-accept-language.ts (1 completed, 0 failed)
[info] [resumed] negotiateLanguage: 2 branches, 1.7s (prior run)
[info] Resumed 1/1 function(s) from prior artifacts for /tmp/shatter-examples.e644oibi/standalone/ts/18-accept-language.ts
[info] Resumed 5 function(s) from prior explore artifacts
[info] Wrote explore artifact for classifyNumber -> /tmp/shatter-demo-artifacts.lLIgEc/explore-results/tmp_shatter-examples.e644oibi_standalone_ts_01-arithmetic.ts/00010_classifyNumber.json
## `classifyNumber` *(/tmp/shatter-examples.e644oibi/standalone/ts/01-arithmetic.ts:10-21)*

**4 path(s)** · **100%** coverage (7/7 lines)

| # | Call | Outcome |
|---|---|---|
| 1 | `classifyNumber(0)` | returns `"zero"` |
| 2 | `classifyNumber(-1)` | returns `"negative"` |
| 3 | `classifyNumber(2)` | returns `"positive-even"` |
| 4 | `classifyNumber(1)` | returns `"positive-odd"` |

[info] Wrote explore artifact for classifyString -> /tmp/shatter-demo-artifacts.lLIgEc/explore-results/tmp_shatter-examples.e644oibi_standalone_ts_02-strings.ts/00012_classifyString.json
## `classifyString` *(/tmp/shatter-examples.e644oibi/standalone/ts/02-strings.ts:12-29)*

**4 path(s)** · **82%** coverage (9/11 lines)

| # | Call | Outcome |
|---|---|---|
| 1 | `classifyString("length")` | returns `"text"` |
| 2 | `classifyString("")` | returns `"empty"` |
| 3 | `classifyString("http")` | returns `"url"` |
| 4 | `classifyString("@")` | returns `"single-char"` |

[info] Wrote explore artifact for categorizeUser -> /tmp/shatter-demo-artifacts.lLIgEc/explore-results/tmp_shatter-examples.e644oibi_standalone_ts_03-objects.ts/00019_categorizeUser.json
## `categorizeUser` *(/tmp/shatter-examples.e644oibi/standalone/ts/03-objects.ts:19-36)*

**3 path(s)** · **55%** coverage (6/11 lines)

| # | Call | Outcome |
|---|---|---|
| 1 | `categorizeUser({"age":0.0,"isVerified":false,"name":...)` | returns `"child"` |
| 2 | `categorizeUser({"age":-1,"isVerified":false,"name":"...)` | throws `Error: invalid age` |
| 3 | `categorizeUser({"age":13,"isVerified":false,"name":"...)` | returns `"teen"` |

[info] Wrote explore artifact for safeDivide -> /tmp/shatter-demo-artifacts.lLIgEc/explore-results/tmp_shatter-examples.e644oibi_standalone_ts_04-errors.ts/00010_safeDivide.json
## `safeDivide` *(/tmp/shatter-examples.e644oibi/standalone/ts/04-errors.ts:10-22)*

**2 path(s)** · **75%** coverage (6/8 lines)

| # | Call | Outcome |
|---|---|---|
| 1 | `safeDivide(0.0, 0.0)` | throws `Error: division by zero` |
| 2 | `safeDivide(0.0, 1)` | returns `0` |

[info] Wrote explore artifact for negotiateLanguage -> /tmp/shatter-demo-artifacts.lLIgEc/explore-results/tmp_shatter-examples.e644oibi_standalone_ts_18-accept-language.ts/00095_negotiateLanguage.json
## `negotiateLanguage` *(/tmp/shatter-examples.e644oibi/standalone/ts/18-accept-language.ts:95-180)*

**3 path(s)** · **18%** coverage (5/28 lines)

| # | Call | Outcome |
|---|---|---|
| 1 | `negotiateLanguage("length", [])` | returns `{"matchedRange":null,"quality":0,"rea...` |
| 2 | `negotiateLanguage("length", {"length":1})` | throws `TypeError: supported.map is not a function` |
| 3 | `negotiateLanguage("", ["length"])` | returns `{"matchedRange":null,"quality":1,"rea...` |


---

**Summary:** 16 path(s) across 5 function(s) · **51%** coverage (33/65 lines)

  Wall time: 1.67s



━━━━━━━━━━━━━━━━━━━━━━━━━━━━━━━━━━━━━━━━━━━━━━━━━━
  Step 17/60 · User-Provided Inputs via Config
  Load candidate inputs from a .shatter config directory
━━━━━━━━━━━━━━━━━━━━━━━━━━━━━━━━━━━━━━━━━━━━━━━━━━

$ /home/ketan/.local/share/worktrees/shatter/audit-2026-09-22/target/debug/shatter explore --max-iterations 20 --timeout-explore 15 --config /tmp/shatter-examples.e644oibi/typescript/.shatter/config.yaml /tmp/shatter-examples.e644oibi/standalone/ts/01-arithmetic.ts:classifyNumber

[info] Spawned 1 frontend session(s) for 1 target(s) (16 parallel worker(s))
# Shatter Explore

[info] Found prior explore summary for /tmp/shatter-examples.e644oibi/standalone/ts/01-arithmetic.ts (1 completed, 0 failed)
[info] [resumed] classifyNumber: 3 branches, 1.7s (prior run)
[info] Resumed 1/1 function(s) from prior artifacts for /tmp/shatter-examples.e644oibi/standalone/ts/01-arithmetic.ts
[info] Resumed 1 function(s) from prior explore artifacts
[info] Wrote explore artifact for classifyNumber -> /tmp/shatter-demo-artifacts.lLIgEc/explore-results/tmp_shatter-examples.e644oibi_standalone_ts_01-arithmetic.ts/00010_classifyNumber.json
## `classifyNumber` *(/tmp/shatter-examples.e644oibi/standalone/ts/01-arithmetic.ts:10-21)*

**4 path(s)** · **100%** coverage (7/7 lines)

| # | Call | Outcome |
|---|---|---|
| 1 | `classifyNumber(0)` | returns `"zero"` |
| 2 | `classifyNumber(-1)` | returns `"negative"` |
| 3 | `classifyNumber(2)` | returns `"positive-even"` |
| 4 | `classifyNumber(1)` | returns `"positive-odd"` |


---

**Summary:** 4 path(s) across 1 function(s) · **100%** coverage (7/7 lines)

  Wall time: 1.40s



━━━━━━━━━━━━━━━━━━━━━━━━━━━━━━━━━━━━━━━━━━━━━━━━━━
  Step 18/60 · Performance Stats
  Show gauntlet timing summaries using structured timing artifacts
━━━━━━━━━━━━━━━━━━━━━━━━━━━━━━━━━━━━━━━━━━━━━━━━━━

$ /home/ketan/.local/share/worktrees/shatter/audit-2026-09-22/target/debug/shatter explore --max-iterations 20 --timeout-explore 15 /tmp/shatter-examples.e644oibi/standalone/ts/01-arithmetic.ts:classifyNumber /tmp/shatter-examples.e644oibi/standalone/ts/02-strings.ts:classifyString /tmp/shatter-examples.e644oibi/standalone/ts/03-objects.ts:categorizeUser /tmp/shatter-examples.e644oibi/standalone/ts/04-errors.ts:safeDivide /tmp/shatter-examples.e644oibi/standalone/ts/18-accept-language.ts:negotiateLanguage

[info] Spawned 1 frontend session(s) for 5 target(s) (16 parallel worker(s))
# Shatter Explore

[info] Found prior explore summary for /tmp/shatter-examples.e644oibi/standalone/ts/01-arithmetic.ts (1 completed, 0 failed)
[info] [resumed] classifyNumber: 3 branches, 1.7s (prior run)
[info] Resumed 1/1 function(s) from prior artifacts for /tmp/shatter-examples.e644oibi/standalone/ts/01-arithmetic.ts
[info] Found prior explore summary for /tmp/shatter-examples.e644oibi/standalone/ts/02-strings.ts (1 completed, 0 failed)
[info] [resumed] classifyString: 5 branches, 2.0s (prior run)
[info] Resumed 1/1 function(s) from prior artifacts for /tmp/shatter-examples.e644oibi/standalone/ts/02-strings.ts
[info] Found prior explore summary for /tmp/shatter-examples.e644oibi/standalone/ts/03-objects.ts (1 completed, 0 failed)
[info] [resumed] categorizeUser: 3 branches, 1.9s (prior run)
[info] Resumed 1/1 function(s) from prior artifacts for /tmp/shatter-examples.e644oibi/standalone/ts/03-objects.ts
[info] Found prior explore summary for /tmp/shatter-examples.e644oibi/standalone/ts/04-errors.ts (1 completed, 0 failed)
[info] [resumed] safeDivide: 3 branches, 1.6s (prior run)
[info] Resumed 1/1 function(s) from prior artifacts for /tmp/shatter-examples.e644oibi/standalone/ts/04-errors.ts
[info] Found prior explore summary for /tmp/shatter-examples.e644oibi/standalone/ts/18-accept-language.ts (1 completed, 0 failed)
[info] [resumed] negotiateLanguage: 2 branches, 1.7s (prior run)
[info] Resumed 1/1 function(s) from prior artifacts for /tmp/shatter-examples.e644oibi/standalone/ts/18-accept-language.ts
[info] Resumed 5 function(s) from prior explore artifacts
[info] Wrote explore artifact for classifyNumber -> /tmp/shatter-demo-artifacts.lLIgEc/explore-results/tmp_shatter-examples.e644oibi_standalone_ts_01-arithmetic.ts/00010_classifyNumber.json
## `classifyNumber` *(/tmp/shatter-examples.e644oibi/standalone/ts/01-arithmetic.ts:10-21)*

**4 path(s)** · **100%** coverage (7/7 lines)

| # | Call | Outcome |
|---|---|---|
| 1 | `classifyNumber(0)` | returns `"zero"` |
| 2 | `classifyNumber(-1)` | returns `"negative"` |
| 3 | `classifyNumber(2)` | returns `"positive-even"` |
| 4 | `classifyNumber(1)` | returns `"positive-odd"` |

[info] Wrote explore artifact for classifyString -> /tmp/shatter-demo-artifacts.lLIgEc/explore-results/tmp_shatter-examples.e644oibi_standalone_ts_02-strings.ts/00012_classifyString.json
## `classifyString` *(/tmp/shatter-examples.e644oibi/standalone/ts/02-strings.ts:12-29)*

**4 path(s)** · **82%** coverage (9/11 lines)

| # | Call | Outcome |
|---|---|---|
| 1 | `classifyString("length")` | returns `"text"` |
| 2 | `classifyString("")` | returns `"empty"` |
| 3 | `classifyString("http")` | returns `"url"` |
| 4 | `classifyString("@")` | returns `"single-char"` |

[info] Wrote explore artifact for categorizeUser -> /tmp/shatter-demo-artifacts.lLIgEc/explore-results/tmp_shatter-examples.e644oibi_standalone_ts_03-objects.ts/00019_categorizeUser.json
## `categorizeUser` *(/tmp/shatter-examples.e644oibi/standalone/ts/03-objects.ts:19-36)*

**3 path(s)** · **55%** coverage (6/11 lines)

| # | Call | Outcome |
|---|---|---|
| 1 | `categorizeUser({"age":0.0,"isVerified":false,"name":...)` | returns `"child"` |
| 2 | `categorizeUser({"age":-1,"isVerified":false,"name":"...)` | throws `Error: invalid age` |
| 3 | `categorizeUser({"age":13,"isVerified":false,"name":"...)` | returns `"teen"` |

[info] Wrote explore artifact for safeDivide -> /tmp/shatter-demo-artifacts.lLIgEc/explore-results/tmp_shatter-examples.e644oibi_standalone_ts_04-errors.ts/00010_safeDivide.json
## `safeDivide` *(/tmp/shatter-examples.e644oibi/standalone/ts/04-errors.ts:10-22)*

**2 path(s)** · **75%** coverage (6/8 lines)

| # | Call | Outcome |
|---|---|---|
| 1 | `safeDivide(0.0, 0.0)` | throws `Error: division by zero` |
| 2 | `safeDivide(0.0, 1)` | returns `0` |

[info] Wrote explore artifact for negotiateLanguage -> /tmp/shatter-demo-artifacts.lLIgEc/explore-results/tmp_shatter-examples.e644oibi_standalone_ts_18-accept-language.ts/00095_negotiateLanguage.json
## `negotiateLanguage` *(/tmp/shatter-examples.e644oibi/standalone/ts/18-accept-language.ts:95-180)*

**3 path(s)** · **18%** coverage (5/28 lines)

| # | Call | Outcome |
|---|---|---|
| 1 | `negotiateLanguage("length", [])` | returns `{"matchedRange":null,"quality":0,"rea...` |
| 2 | `negotiateLanguage("length", {"length":1})` | throws `TypeError: supported.map is not a function` |
| 3 | `negotiateLanguage("", ["length"])` | returns `{"matchedRange":null,"quality":1,"rea...` |


---

**Summary:** 16 path(s) across 5 function(s) · **51%** coverage (33/65 lines)

  Wall time: 2.54s



━━━━━━━━━━━━━━━━━━━━━━━━━━━━━━━━━━━━━━━━━━━━━━━━━━
  Step 19/60 · Parallel Scan
  Scan with multiple worker processes for faster exploration
━━━━━━━━━━━━━━━━━━━━━━━━━━━━━━━━━━━━━━━━━━━━━━━━━━

$ /home/ketan/.local/share/worktrees/shatter/audit-2026-09-22/target/debug/shatter scan --parallelism 2 --timeout-per-fn 30 /tmp/shatter-examples.e644oibi/standalone/ts

[info] Discovered 26 source file(s) in /tmp/shatter-examples.e644oibi/standalone/ts
[info] Omitting 21 unexported function(s) by default; re-run with --all to include them
[info] Skipped 2 function(s) (unexecutable parameter types):
[info]   mergeConfig: param "base" → ConfigObject (interface with no implementors — no concrete implementation visible in scope); param "override" → ConfigObject (interface with no implementors — no concrete implementation visible in scope)
[info]   transformRecord: param "record" → RawRecord (interface with no implementors — no concrete implementation visible in scope)
[info] Scanning 35 function(s) in dependency order...
[info] Wrote scan artifact for /tmp/shatter-examples.e644oibi/standalone/ts/01-arithmetic.ts::classifyNumber -> /tmp/shatter-demo-artifacts.lLIgEc/scan-results/1440be0e6582b99c6a8bdbcae7b65d2f0bd411ba16360737a742453c63672b62/functions/00001_tmp_shatter-examples.e644oibi_standalone_ts_01-arithmetic.ts__classifyNumber.json
[info] Wrote scan artifact for /tmp/shatter-examples.e644oibi/standalone/ts/13-mcdc-compound.ts::compoundOr -> /tmp/shatter-demo-artifacts.lLIgEc/scan-results/1440be0e6582b99c6a8bdbcae7b65d2f0bd411ba16360737a742453c63672b62/functions/00019_tmp_shatter-examples.e644oibi_standalone_ts_13-mcdc-compound.ts__compoundOr.json
[info] Wrote scan artifact for /tmp/shatter-examples.e644oibi/standalone/ts/05-unions.ts::routeRequest -> /tmp/shatter-demo-artifacts.lLIgEc/scan-results/1440be0e6582b99c6a8bdbcae7b65d2f0bd411ba16360737a742453c63672b62/functions/00010_tmp_shatter-examples.e644oibi_standalone_ts_05-unions.ts__routeRequest.json
[info] Wrote scan artifact for /tmp/shatter-examples.e644oibi/standalone/ts/07-auth-validation.ts::validateJwt -> /tmp/shatter-demo-artifacts.lLIgEc/scan-results/1440be0e6582b99c6a8bdbcae7b65d2f0bd411ba16360737a742453c63672b62/functions/00014_tmp_shatter-examples.e644oibi_standalone_ts_07-auth-validation.ts__validateJwt.json
[info] Wrote scan artifact for /tmp/shatter-examples.e644oibi/standalone/ts/02-strings.ts::transformString -> /tmp/shatter-demo-artifacts.lLIgEc/scan-results/1440be0e6582b99c6a8bdbcae7b65d2f0bd411ba16360737a742453c63672b62/functions/00004_tmp_shatter-examples.e644oibi_standalone_ts_02-strings.ts__transformString.json
[info] Wrote scan artifact for /tmp/shatter-examples.e644oibi/standalone/ts/06-nested-control-flow.ts::classifyHttpResponse -> /tmp/shatter-demo-artifacts.lLIgEc/scan-results/1440be0e6582b99c6a8bdbcae7b65d2f0bd411ba16360737a742453c63672b62/functions/00011_tmp_shatter-examples.e644oibi_standalone_ts_06-nested-control-flow.ts__classifyHttpResponse.json
[info] Wrote scan artifact for /tmp/shatter-examples.e644oibi/standalone/ts/03-objects.ts::categorizeUser -> /tmp/shatter-demo-artifacts.lLIgEc/scan-results/1440be0e6582b99c6a8bdbcae7b65d2f0bd411ba16360737a742453c63672b62/functions/00005_tmp_shatter-examples.e644oibi_standalone_ts_03-objects.ts__categorizeUser.json
[info] Wrote scan artifact for /tmp/shatter-examples.e644oibi/standalone/ts/04-errors.ts::computeStats -> /tmp/shatter-demo-artifacts.lLIgEc/scan-results/1440be0e6582b99c6a8bdbcae7b65d2f0bd411ba16360737a742453c63672b62/functions/00007_tmp_shatter-examples.e644oibi_standalone_ts_04-errors.ts__computeStats.json
[info] Wrote scan artifact for /tmp/shatter-examples.e644oibi/standalone/ts/10-path-router.ts::matchRoute -> /tmp/shatter-demo-artifacts.lLIgEc/scan-results/1440be0e6582b99c6a8bdbcae7b65d2f0bd411ba16360737a742453c63672b62/functions/00016_tmp_shatter-examples.e644oibi_standalone_ts_10-path-router.ts__matchRoute.json
[info] Wrote scan artifact for /tmp/shatter-examples.e644oibi/standalone/ts/17-mock-branches.ts::classifyConfigs -> /tmp/shatter-demo-artifacts.lLIgEc/scan-results/1440be0e6582b99c6a8bdbcae7b65d2f0bd411ba16360737a742453c63672b62/functions/00027_tmp_shatter-examples.e644oibi_standalone_ts_17-mock-branches.ts__classifyConfigs.json
[info] Wrote scan artifact for /tmp/shatter-examples.e644oibi/standalone/ts/14-semver.ts::satisfiesRange -> /tmp/shatter-demo-artifacts.lLIgEc/scan-results/1440be0e6582b99c6a8bdbcae7b65d2f0bd411ba16360737a742453c63672b62/functions/00024_tmp_shatter-examples.e644oibi_standalone_ts_14-semver.ts__satisfiesRange.json
[info] Wrote scan artifact for /tmp/shatter-examples.e644oibi/standalone/ts/13-roman-numerals.ts::romanToInt -> /tmp/shatter-demo-artifacts.lLIgEc/scan-results/1440be0e6582b99c6a8bdbcae7b65d2f0bd411ba16360737a742453c63672b62/functions/00022_tmp_shatter-examples.e644oibi_standalone_ts_13-roman-numerals.ts__romanToInt.json
[info] Wrote scan artifact for /tmp/shatter-examples.e644oibi/standalone/ts/15-email-validator.ts::validateEmail -> /tmp/shatter-demo-artifacts.lLIgEc/scan-results/1440be0e6582b99c6a8bdbcae7b65d2f0bd411ba16360737a742453c63672b62/functions/00025_tmp_shatter-examples.e644oibi_standalone_ts_15-email-validator.ts__validateEmail.json
[info] Wrote scan artifact for /tmp/shatter-examples.e644oibi/standalone/ts/16-cron-parser.ts::parseCron -> /tmp/shatter-demo-artifacts.lLIgEc/scan-results/1440be0e6582b99c6a8bdbcae7b65d2f0bd411ba16360737a742453c63672b62/functions/00026_tmp_shatter-examples.e644oibi_standalone_ts_16-cron-parser.ts__parseCron.json
[info] Wrote scan artifact for /tmp/shatter-examples.e644oibi/standalone/ts/09-rate-limiter.ts::checkRateLimit -> /tmp/shatter-demo-artifacts.lLIgEc/scan-results/1440be0e6582b99c6a8bdbcae7b65d2f0bd411ba16360737a742453c63672b62/functions/00015_tmp_shatter-examples.e644oibi_standalone_ts_09-rate-limiter.ts__checkRateLimit.json
[info] Wrote scan artifact for /tmp/shatter-examples.e644oibi/standalone/ts/19-robots-policy.ts::evaluateRobotsPolicy -> /tmp/shatter-demo-artifacts.lLIgEc/scan-results/1440be0e6582b99c6a8bdbcae7b65d2f0bd411ba16360737a742453c63672b62/functions/00031_tmp_shatter-examples.e644oibi_standalone_ts_19-robots-policy.ts__evaluateRobotsPolicy.json
[info] Wrote scan artifact for /tmp/shatter-examples.e644oibi/standalone/ts/18-accept-language.ts::negotiateLanguage -> /tmp/shatter-demo-artifacts.lLIgEc/scan-results/1440be0e6582b99c6a8bdbcae7b65d2f0bd411ba16360737a742453c63672b62/functions/00030_tmp_shatter-examples.e644oibi_standalone_ts_18-accept-language.ts__negotiateLanguage.json
[info] Wrote scan artifact for /tmp/shatter-examples.e644oibi/standalone/ts/01-arithmetic.ts::compareMagnitudes -> /tmp/shatter-demo-artifacts.lLIgEc/scan-results/1440be0e6582b99c6a8bdbcae7b65d2f0bd411ba16360737a742453c63672b62/functions/00002_tmp_shatter-examples.e644oibi_standalone_ts_01-arithmetic.ts__compareMagnitudes.json
[info] Wrote scan artifact for /tmp/shatter-examples.e644oibi/standalone/ts/02-strings.ts::classifyString -> /tmp/shatter-demo-artifacts.lLIgEc/scan-results/1440be0e6582b99c6a8bdbcae7b65d2f0bd411ba16360737a742453c63672b62/functions/00003_tmp_shatter-examples.e644oibi_standalone_ts_02-strings.ts__classifyString.json
[info] Wrote scan artifact for /tmp/shatter-examples.e644oibi/standalone/ts/03-objects.ts::describeRectangle -> /tmp/shatter-demo-artifacts.lLIgEc/scan-results/1440be0e6582b99c6a8bdbcae7b65d2f0bd411ba16360737a742453c63672b62/functions/00006_tmp_shatter-examples.e644oibi_standalone_ts_03-objects.ts__describeRectangle.json
[info] Wrote scan artifact for /tmp/shatter-examples.e644oibi/standalone/ts/04-errors.ts::safeDivide -> /tmp/shatter-demo-artifacts.lLIgEc/scan-results/1440be0e6582b99c6a8bdbcae7b65d2f0bd411ba16360737a742453c63672b62/functions/00008_tmp_shatter-examples.e644oibi_standalone_ts_04-errors.ts__safeDivide.json
[info] Wrote scan artifact for /tmp/shatter-examples.e644oibi/standalone/ts/05-unions.ts::computeArea -> /tmp/shatter-demo-artifacts.lLIgEc/scan-results/1440be0e6582b99c6a8bdbcae7b65d2f0bd411ba16360737a742453c63672b62/functions/00009_tmp_shatter-examples.e644oibi_standalone_ts_05-unions.ts__computeArea.json
[info] Wrote scan artifact for /tmp/shatter-examples.e644oibi/standalone/ts/06-nested-control-flow.ts::processStateMachine -> /tmp/shatter-demo-artifacts.lLIgEc/scan-results/1440be0e6582b99c6a8bdbcae7b65d2f0bd411ba16360737a742453c63672b62/functions/00012_tmp_shatter-examples.e644oibi_standalone_ts_06-nested-control-flow.ts__processStateMachine.json
[info] Wrote scan artifact for /tmp/shatter-examples.e644oibi/standalone/ts/07-auth-validation.ts::authorizeRequest -> /tmp/shatter-demo-artifacts.lLIgEc/scan-results/1440be0e6582b99c6a8bdbcae7b65d2f0bd411ba16360737a742453c63672b62/functions/00013_tmp_shatter-examples.e644oibi_standalone_ts_07-auth-validation.ts__authorizeRequest.json
[info] Wrote scan artifact for /tmp/shatter-examples.e644oibi/standalone/ts/10-path-router.ts::resolveMiddleware -> /tmp/shatter-demo-artifacts.lLIgEc/scan-results/1440be0e6582b99c6a8bdbcae7b65d2f0bd411ba16360737a742453c63672b62/functions/00017_tmp_shatter-examples.e644oibi_standalone_ts_10-path-router.ts__resolveMiddleware.json
[info] Wrote scan artifact for /tmp/shatter-examples.e644oibi/standalone/ts/13-mcdc-compound.ts::compoundAnd -> /tmp/shatter-demo-artifacts.lLIgEc/scan-results/1440be0e6582b99c6a8bdbcae7b65d2f0bd411ba16360737a742453c63672b62/functions/00018_tmp_shatter-examples.e644oibi_standalone_ts_13-mcdc-compound.ts__compoundAnd.json
[info] Wrote scan artifact for /tmp/shatter-examples.e644oibi/standalone/ts/13-mcdc-compound.ts::threeWayAnd -> /tmp/shatter-demo-artifacts.lLIgEc/scan-results/1440be0e6582b99c6a8bdbcae7b65d2f0bd411ba16360737a742453c63672b62/functions/00020_tmp_shatter-examples.e644oibi_standalone_ts_13-mcdc-compound.ts__threeWayAnd.json
[info] Wrote scan artifact for /tmp/shatter-examples.e644oibi/standalone/ts/13-roman-numerals.ts::intToRoman -> /tmp/shatter-demo-artifacts.lLIgEc/scan-results/1440be0e6582b99c6a8bdbcae7b65d2f0bd411ba16360737a742453c63672b62/functions/00021_tmp_shatter-examples.e644oibi_standalone_ts_13-roman-numerals.ts__intToRoman.json
[info] Wrote scan artifact for /tmp/shatter-examples.e644oibi/standalone/ts/14-semver.ts::parseSemver -> /tmp/shatter-demo-artifacts.lLIgEc/scan-results/1440be0e6582b99c6a8bdbcae7b65d2f0bd411ba16360737a742453c63672b62/functions/00023_tmp_shatter-examples.e644oibi_standalone_ts_14-semver.ts__parseSemver.json
[info] Wrote scan artifact for /tmp/shatter-examples.e644oibi/standalone/ts/17-mock-branches.ts::classifyStatus -> /tmp/shatter-demo-artifacts.lLIgEc/scan-results/1440be0e6582b99c6a8bdbcae7b65d2f0bd411ba16360737a742453c63672b62/functions/00028_tmp_shatter-examples.e644oibi_standalone_ts_17-mock-branches.ts__classifyStatus.json
[info] Wrote scan artifact for /tmp/shatter-examples.e644oibi/standalone/ts/17-mock-branches.ts::loadOrDefault -> /tmp/shatter-demo-artifacts.lLIgEc/scan-results/1440be0e6582b99c6a8bdbcae7b65d2f0bd411ba16360737a742453c63672b62/functions/00029_tmp_shatter-examples.e644oibi_standalone_ts_17-mock-branches.ts__loadOrDefault.json
[info] Wrote scan artifact for /tmp/shatter-examples.e644oibi/standalone/ts/21-crypto-boundary.ts::classifySecret -> /tmp/shatter-demo-artifacts.lLIgEc/scan-results/1440be0e6582b99c6a8bdbcae7b65d2f0bd411ba16360737a742453c63672b62/functions/00033_tmp_shatter-examples.e644oibi_standalone_ts_21-crypto-boundary.ts__classifySecret.json
[info] Wrote scan artifact for /tmp/shatter-examples.e644oibi/standalone/ts/20-dotenv-parser.ts::parseDotenv -> /tmp/shatter-demo-artifacts.lLIgEc/scan-results/1440be0e6582b99c6a8bdbcae7b65d2f0bd411ba16360737a742453c63672b62/functions/00032_tmp_shatter-examples.e644oibi_standalone_ts_20-dotenv-parser.ts__parseDotenv.json
[info] Wrote scan artifact for /tmp/shatter-examples.e644oibi/standalone/ts/21-crypto-boundary.ts::encrypt -> /tmp/shatter-demo-artifacts.lLIgEc/scan-results/1440be0e6582b99c6a8bdbcae7b65d2f0bd411ba16360737a742453c63672b62/functions/00034_tmp_shatter-examples.e644oibi_standalone_ts_21-crypto-boundary.ts__encrypt.json
[info] Wrote scan artifact for /tmp/shatter-examples.e644oibi/standalone/ts/22-opaque-predicate.ts::classifyWithChecksum -> /tmp/shatter-demo-artifacts.lLIgEc/scan-results/1440be0e6582b99c6a8bdbcae7b65d2f0bd411ba16360737a742453c63672b62/functions/00035_tmp_shatter-examples.e644oibi_standalone_ts_22-opaque-predicate.ts__classifyWithChecksum.json
[info] [1/35] /tmp/shatter-examples.e644oibi/standalone/ts/01-arithmetic.ts::classifyNumber (67.0s elapsed)
[info] [2/35] /tmp/shatter-examples.e644oibi/standalone/ts/02-strings.ts::transformString (67.0s elapsed)
[info] [3/35] /tmp/shatter-examples.e644oibi/standalone/ts/03-objects.ts::categorizeUser (67.0s elapsed)
[info] [4/35] /tmp/shatter-examples.e644oibi/standalone/ts/04-errors.ts::computeStats (67.0s elapsed)
[info] [5/35] /tmp/shatter-examples.e644oibi/standalone/ts/05-unions.ts::routeRequest (67.0s elapsed)
[info] [6/35] /tmp/shatter-examples.e644oibi/standalone/ts/06-nested-control-flow.ts::classifyHttpResponse (67.0s elapsed)
[info] [7/35] /tmp/shatter-examples.e644oibi/standalone/ts/07-auth-validation.ts::validateJwt (67.0s elapsed)
[info] [8/35] /tmp/shatter-examples.e644oibi/standalone/ts/09-rate-limiter.ts::checkRateLimit (67.0s elapsed)
[info] [9/35] /tmp/shatter-examples.e644oibi/standalone/ts/10-path-router.ts::matchRoute (67.0s elapsed)
[info] [10/35] /tmp/shatter-examples.e644oibi/standalone/ts/13-mcdc-compound.ts::compoundOr (67.0s elapsed)
[info] [11/35] /tmp/shatter-examples.e644oibi/standalone/ts/13-roman-numerals.ts::romanToInt (67.0s elapsed)
[info] [12/35] /tmp/shatter-examples.e644oibi/standalone/ts/14-semver.ts::satisfiesRange (67.0s elapsed)
[info] [13/35] /tmp/shatter-examples.e644oibi/standalone/ts/15-email-validator.ts::validateEmail (67.0s elapsed)
[info] [14/35] /tmp/shatter-examples.e644oibi/standalone/ts/16-cron-parser.ts::parseCron (67.0s elapsed)
[info] [15/35] /tmp/shatter-examples.e644oibi/standalone/ts/17-mock-branches.ts::classifyConfigs (67.0s elapsed)
[info] [16/35] /tmp/shatter-examples.e644oibi/standalone/ts/18-accept-language.ts::negotiateLanguage (67.0s elapsed)
[info] [17/35] /tmp/shatter-examples.e644oibi/standalone/ts/19-robots-policy.ts::evaluateRobotsPolicy (67.0s elapsed)
[info] [18/35] /tmp/shatter-examples.e644oibi/standalone/ts/21-crypto-boundary.ts::classifySecret (67.0s elapsed)
# Scan Results

| Function | Paths | Coverage |
|---|---|---|
| `/tmp/shatter-examples.e644oibi/standalone/ts/01-arithmetic.ts::classifyNumber` | 4 | 100% |
| `/tmp/shatter-examples.e644oibi/standalone/ts/02-strings.ts::transformString` | 6 | 100% |
| `/tmp/shatter-examples.e644oibi/standalone/ts/03-objects.ts::categorizeUser` | 4 | 73% |
| `/tmp/shatter-examples.e644oibi/standalone/ts/04-errors.ts::computeStats` | 2 | 31% |
| `/tmp/shatter-examples.e644oibi/standalone/ts/05-unions.ts::routeRequest` | 2 | 31% |
| `/tmp/shatter-examples.e644oibi/standalone/ts/06-nested-control-flow.ts::classifyHttpResponse` | 13 | 96% |
| `/tmp/shatter-examples.e644oibi/standalone/ts/07-auth-validation.ts::validateJwt` | 2 | 19% |
| `/tmp/shatter-examples.e644oibi/standalone/ts/09-rate-limiter.ts::checkRateLimit` | 5 | 78% |
| `/tmp/shatter-examples.e644oibi/standalone/ts/10-path-router.ts::matchRoute` | 3 | 12% |
| `/tmp/shatter-examples.e644oibi/standalone/ts/13-mcdc-compound.ts::compoundOr` | 2 | 100% |
| `/tmp/shatter-examples.e644oibi/standalone/ts/13-roman-numerals.ts::romanToInt` | 3 | 82% |
| `/tmp/shatter-examples.e644oibi/standalone/ts/14-semver.ts::satisfiesRange` | 8 | 64% |
| `/tmp/shatter-examples.e644oibi/standalone/ts/15-email-validator.ts::validateEmail` | 5 | 30% |
| `/tmp/shatter-examples.e644oibi/standalone/ts/16-cron-parser.ts::parseCron` | 3 | 81% |
| `/tmp/shatter-examples.e644oibi/standalone/ts/17-mock-branches.ts::classifyConfigs` | 3 | 42% |
| `/tmp/shatter-examples.e644oibi/standalone/ts/18-accept-language.ts::negotiateLanguage` | 3 | 18% |
| `/tmp/shatter-examples.e644oibi/standalone/ts/19-robots-policy.ts::evaluateRobotsPolicy` | 3 | 39% |
| `/tmp/shatter-examples.e644oibi/standalone/ts/21-crypto-boundary.ts::classifySecret` | 1 | 29% |

---

Scan complete: **18 completed**, **17 failed**, **2 unsupported**, **0 interrupted**, **0 expected skipped** (2 worker(s))

**Errors:**
- `/tmp/shatter-examples.e644oibi/standalone/ts/01-arithmetic.ts::compareMagnitudes`: timed out during task after 65s
- `/tmp/shatter-examples.e644oibi/standalone/ts/02-strings.ts::classifyString`: timed out during task after 65s
- `/tmp/shatter-examples.e644oibi/standalone/ts/03-objects.ts::describeRectangle`: timed out during task after 65s
- `/tmp/shatter-examples.e644oibi/standalone/ts/04-errors.ts::safeDivide`: timed out during task after 65s
- `/tmp/shatter-examples.e644oibi/standalone/ts/05-unions.ts::computeArea`: timed out during task after 65s
- `/tmp/shatter-examples.e644oibi/standalone/ts/06-nested-control-flow.ts::processStateMachine`: timed out during task after 65s
- `/tmp/shatter-examples.e644oibi/standalone/ts/07-auth-validation.ts::authorizeRequest`: timed out during task after 65s
- `/tmp/shatter-examples.e644oibi/standalone/ts/10-path-router.ts::resolveMiddleware`: timed out during task after 65s
- `/tmp/shatter-examples.e644oibi/standalone/ts/13-mcdc-compound.ts::compoundAnd`: timed out during task after 65s
- `/tmp/shatter-examples.e644oibi/standalone/ts/13-mcdc-compound.ts::threeWayAnd`: timed out during task after 65s
- `/tmp/shatter-examples.e644oibi/standalone/ts/13-roman-numerals.ts::intToRoman`: timed out during task after 65s
- `/tmp/shatter-examples.e644oibi/standalone/ts/14-semver.ts::parseSemver`: timed out during task after 65s
- `/tmp/shatter-examples.e644oibi/standalone/ts/17-mock-branches.ts::classifyStatus`: timed out during task after 65s
- `/tmp/shatter-examples.e644oibi/standalone/ts/17-mock-branches.ts::loadOrDefault`: timed out during task after 65s
- `/tmp/shatter-examples.e644oibi/standalone/ts/20-dotenv-parser.ts::parseDotenv`: timed out during task after 65s
- `/tmp/shatter-examples.e644oibi/standalone/ts/21-crypto-boundary.ts::encrypt`: timed out during task after 65s
- `/tmp/shatter-examples.e644oibi/standalone/ts/22-opaque-predicate.ts::classifyWithChecksum`: timed out during task after 65s
# Shatter Scan Report

- **Functions discovered:** 37
- **Functions attempted:** 35
- **Functions completed:** 18
  - **with observed behavior:** 16
  - **error-only (all discovered inputs threw):** 2
- **Functions failed:** 17
- **Functions skipped:** 2
  - **unsupported (target shape not representable):** 2

## Source Set Summary

| Bucket | Files | Lines |
|--------|-------|-------|
| `production_ish` | 21 | 2495 |
| `test_spec` | 0 | 0 |
| `generated` | 0 | 0 |
| `declaration_only` | 0 | 0 |
| `fixture_sample` | 0 | 0 |
| `policy_excluded` | 0 | 0 |
| `unsupported` | 0 | 0 |

- **Production-ish source lines:** 2495 (whole-source denominator; see Coverage section below)

## Coverage

- **Attempted-function span:** 35 of 37 discovered functions attempted
- **Total branches:** 151 (across completed functions)
- **Branches covered:** 64
- **Overall coverage (completed-functions subset):** 42.4%

## Low-Coverage Buckets

*Completing a function (running it without a crash) is not the same as achieving high source or branch coverage. These buckets classify why coverage stays shallow so the low numbers can be acted on directly.*

Low-coverage cutoff: completed functions with coverage ≤ 10%.

| Bucket | Count |
|--------|-------|
| Failed (attempted, did not complete) | 17 |
| Skipped / unsupported | 2 |
| Zero coverage with branches (needs setup/mocks) | 0 |
| Zero coverage, no branches (accessors/getters) | 0 |
| Positive but low coverage | 0 |

## Function Summary

| Status | Outcome | Function | File | Coverage | Branches | Lines | Iterations |
|--------|---------|----------|------|----------|----------|-------|------------|
| PASS | behavioral | `classifyNumber` | /tmp/shatter-examples.e644oibi/standalone/ts/01-arithmetic.ts | 100.0% | 3/3 | 7/7 | 100 |
| PASS | behavioral | `transformString` | /tmp/shatter-examples.e644oibi/standalone/ts/02-strings.ts | 100.0% | 5/5 | 11/11 | 100 |
| WARN | behavioral | `categorizeUser` | /tmp/shatter-examples.e644oibi/standalone/ts/03-objects.ts | 72.7% | 4/5 | 8/11 | 100 |
| LOW | error_only | `computeStats` | /tmp/shatter-examples.e644oibi/standalone/ts/04-errors.ts | 31.2% | 1/5 | 5/16 | 100 |
| LOW | behavioral | `routeRequest` | /tmp/shatter-examples.e644oibi/standalone/ts/05-unions.ts | 30.8% | 1/8 | 4/13 | 100 |
| WARN | behavioral | `classifyHttpResponse` | /tmp/shatter-examples.e644oibi/standalone/ts/06-nested-control-flow.ts | 96.3% | 13/13 | 26/27 | 100 |
| LOW | behavioral | `validateJwt` | /tmp/shatter-examples.e644oibi/standalone/ts/07-auth-validation.ts | 19.2% | 2/8 | 5/26 | 100 |
| WARN | behavioral | `checkRateLimit` | /tmp/shatter-examples.e644oibi/standalone/ts/09-rate-limiter.ts | 77.8% | 5/6 | 14/18 | 100 |
| LOW | behavioral | `matchRoute` | /tmp/shatter-examples.e644oibi/standalone/ts/10-path-router.ts | 12.0% | 3/19 | 6/50 | 100 |
| PASS | behavioral | `compoundOr` | /tmp/shatter-examples.e644oibi/standalone/ts/13-mcdc-compound.ts | 100.0% | 1/1 | 3/3 | 100 |
| WARN | behavioral | `romanToInt` | /tmp/shatter-examples.e644oibi/standalone/ts/13-roman-numerals.ts | 82.4% | 4/5 | 14/17 | 100 |
| WARN | behavioral | `satisfiesRange` | /tmp/shatter-examples.e644oibi/standalone/ts/14-semver.ts | 63.9% | 7/16 | 23/36 | 100 |
| LOW | behavioral | `validateEmail` | /tmp/shatter-examples.e644oibi/standalone/ts/15-email-validator.ts | 29.8% | 6/19 | 14/47 | 100 |
| WARN | behavioral | `parseCron` | /tmp/shatter-examples.e644oibi/standalone/ts/16-cron-parser.ts | 81.2% | 3/11 | 13/16 | 100 |
| LOW | behavioral | `classifyConfigs` | /tmp/shatter-examples.e644oibi/standalone/ts/17-mock-branches.ts | 41.7% | 1/4 | 5/12 | 100 |
| LOW | behavioral | `negotiateLanguage` | /tmp/shatter-examples.e644oibi/standalone/ts/18-accept-language.ts | 17.9% | 2/12 | 5/28 | 100 |
| LOW | behavioral | `evaluateRobotsPolicy` | /tmp/shatter-examples.e644oibi/standalone/ts/19-robots-policy.ts | 39.3% | 3/9 | 11/28 | 100 |
| LOW | error_only | `classifySecret` | /tmp/shatter-examples.e644oibi/standalone/ts/21-crypto-boundary.ts | 28.6% | 0/2 | 2/7 | 100 |

## Function Details

### `classifyNumber`

- **File:** /tmp/shatter-examples.e644oibi/standalone/ts/01-arithmetic.ts
- **Coverage:** 100.0%
- **Branches:** 3/3
- **Lines:** 7/7
- **Iterations:** 100
- **Constraints collected:** 201

**Behaviors:**

- Cluster 0: returns "zero" (inputs: 0)
- Cluster 1: returns "negative" (inputs: -1)
- Cluster 2: returns "positive-even" (inputs: 2)
- Cluster 3: returns "positive-odd" (inputs: 1)

### `transformString`

- **File:** /tmp/shatter-examples.e644oibi/standalone/ts/02-strings.ts
- **Coverage:** 100.0%
- **Branches:** 5/5
- **Lines:** 11/11
- **Iterations:** 100
- **Constraints collected:** 293

**Behaviors:**

- Cluster 0: returns "upper" (inputs: "upper", "", 0)
- Cluster 1: returns "UPPER" (inputs: "upper", "upper", 0)
- Cluster 2: returns "" (inputs: "", "upper", 0)
- Cluster 3: returns "toUpperCase" (inputs: "toUpperCase", "", 0)
- Cluster 4: returns "" (inputs: "", "toUpperCase", 0)
- ... and 45 more clusters

### `categorizeUser`

- **File:** /tmp/shatter-examples.e644oibi/standalone/ts/03-objects.ts
- **Coverage:** 72.7%
- **Branches:** 4/5
- **Lines:** 8/11
- **Iterations:** 100
- **Constraints collected:** 211

**Behaviors:**

- Cluster 0: returns "child" (inputs: {"age":0.0,"isVerified":false,"name":"age","role":""})
- Cluster 1: throws Error: invalid age (inputs: {"age":-1,"isVerified":false,"name":"age","role":""})
- Cluster 2: returns "child" (inputs: {"age":0.0,"isVerified":false,"name":"","role":"age"})
- Cluster 3: returns "child" (inputs: {"age":0.0,"isVerified":false,"name":"invalid age","role"...)
- Cluster 4: returns "child" (inputs: {"age":0.0,"isVerified":false,"name":"","role":"invalid a...)
- ... and 71 more clusters

### `computeStats`

- **File:** /tmp/shatter-examples.e644oibi/standalone/ts/04-errors.ts
- **Coverage:** 31.2%
- **Branches:** 1/5
- **Lines:** 5/16
- **Iterations:** 100
- **Constraints collected:** 100

**Behaviors:**

- Cluster 0: throws TypeError: items is not iterable (inputs: {"length":1})
- Cluster 1: throws Error: empty array (inputs: {"length":0})

### `routeRequest`

- **File:** /tmp/shatter-examples.e644oibi/standalone/ts/05-unions.ts
- **Coverage:** 30.8%
- **Branches:** 1/8
- **Lines:** 4/13
- **Iterations:** 100
- **Constraints collected:** 100

**Behaviors:**

- Cluster 0: throws Error: empty path (inputs: {"authenticated":false,"body":null,"method":"length","pat...)
- Cluster 1: returns "read" (inputs: {"authenticated":false,"body":null,"method":"GET","path":...)
- Cluster 2: throws Error: empty path (inputs: {"authenticated":false,"body":"length","method":"GET","pa...)
- Cluster 3: throws Error: empty path (inputs: {"authenticated":false,"body":null,"method":"path","path"...)
- Cluster 4: returns "read" (inputs: {"authenticated":false,"body":null,"method":"GET","path":...)
- ... and 43 more clusters

### `classifyHttpResponse`

- **File:** /tmp/shatter-examples.e644oibi/standalone/ts/06-nested-control-flow.ts
- **Coverage:** 96.3%
- **Branches:** 13/13
- **Lines:** 26/27
- **Iterations:** 100
- **Constraints collected:** 333

**Behaviors:**

- Cluster 0: throws Error: invalid status (inputs: 1.5750685892076441, "test", null)
- Cluster 1: throws Error: invalid status (inputs: 7.446800205282401, "test", null)
- Cluster 2: throws Error: invalid status (inputs: -0.13232812379019815, "test", null)
- Cluster 3: throws Error: invalid status (inputs: 1.9010826941664558, "test", null)
- Cluster 4: throws Error: invalid status (inputs: -0.3108828033766582, "test", null)
- ... and 86 more clusters

### `validateJwt`

- **File:** /tmp/shatter-examples.e644oibi/standalone/ts/07-auth-validation.ts
- **Coverage:** 19.2%
- **Branches:** 2/8
- **Lines:** 5/26
- **Iterations:** 100
- **Constraints collected:** 134

**Behaviors:**

- Cluster 0: returns "invalid: malformed token" (inputs: "test", "test", "test", "test", 257.18087037520496)
- Cluster 1: returns "invalid: malformed token" (inputs: "test", "test", "test", "test", 7.220281544619507)
- Cluster 2: returns "invalid: malformed token" (inputs: "test", "test", "test", "test", 100.26559824892274)
- Cluster 3: returns "invalid: malformed token" (inputs: "test", "test", "test", "test", 7.277100288412043)
- Cluster 4: returns "invalid: malformed token" (inputs: "test", "test", "test", "test", 99.99235710677047)
- ... and 99 more clusters

### `checkRateLimit`

- **File:** /tmp/shatter-examples.e644oibi/standalone/ts/09-rate-limiter.ts
- **Coverage:** 77.8%
- **Branches:** 5/6
- **Lines:** 14/18
- **Iterations:** 100
- **Constraints collected:** 300

**Behaviors:**

- Cluster 0: returns {"allowed":false,"newState":{"lastRefillMs":1,"penaltyUnt... (inputs: null, 257.4783342354188, 1.0, 1.0, "test")
- Cluster 1: returns {"allowed":false,"newState":{"lastRefillMs":1,"penaltyUnt... (inputs: null, 100.24696815520778, 1.0, 1.0, "test")
- Cluster 2: returns {"allowed":false,"newState":{"lastRefillMs":1,"penaltyUnt... (inputs: null, 100.32869904718157, 1.0, 1.0, "test")
- Cluster 3: returns {"allowed":false,"newState":{"lastRefillMs":1,"penaltyUnt... (inputs: null, 0.6760837637385672, 1.0, 1.0, "test")
- Cluster 4: throws Error: invalid capacity (inputs: null, -2.6835298186939402, 1.0, 1.0, "test")
- ... and 83 more clusters

### `matchRoute`

- **File:** /tmp/shatter-examples.e644oibi/standalone/ts/10-path-router.ts
- **Coverage:** 12.0%
- **Branches:** 3/19
- **Lines:** 6/50
- **Iterations:** 100
- **Constraints collected:** 136

**Behaviors:**

- Cluster 0: returns {"message":"empty path","status":"error"} (inputs: [], "length", "")
- Cluster 1: returns {"message":"path must start with /","status":"error"} (inputs: [], "", "length")
- Cluster 2: returns {"message":"empty path","status":"error"} (inputs: [], "error", "")
- Cluster 3: returns {"message":"path must start with /","status":"error"} (inputs: [], "", "error")
- Cluster 4: returns {"message":"empty path","status":"error"} (inputs: [], "empty path", "")
- ... and 41 more clusters

### `compoundOr`

- **File:** /tmp/shatter-examples.e644oibi/standalone/ts/13-mcdc-compound.ts
- **Coverage:** 100.0%
- **Branches:** 1/1
- **Lines:** 3/3
- **Iterations:** 100
- **Constraints collected:** 100

**Behaviors:**

- Cluster 0: returns "either" (inputs: true, true)
- Cluster 1: returns "none" (inputs: false, false)
- Cluster 2: returns "either" (inputs: true, false)

### `romanToInt`

- **File:** /tmp/shatter-examples.e644oibi/standalone/ts/13-roman-numerals.ts
- **Coverage:** 82.4%
- **Branches:** 4/5
- **Lines:** 14/17
- **Iterations:** 100
- **Constraints collected:** 112

**Behaviors:**

- Cluster 0: throws Error: invalid roman numeral (inputs: "length")
- Cluster 1: returns 0 (inputs: "")
- Cluster 2: throws Error: invalid roman numeral (inputs: "toUpperCase")
- Cluster 3: throws Error: invalid roman numeral (inputs: "invalid roman numeral")

### `satisfiesRange`

- **File:** /tmp/shatter-examples.e644oibi/standalone/ts/14-semver.ts
- **Coverage:** 63.9%
- **Branches:** 7/16
- **Lines:** 23/36
- **Iterations:** 100
- **Constraints collected:** 456

**Behaviors:**

- Cluster 0: throws Error: invalid semver (inputs: "*", "")
- Cluster 1: returns true (inputs: "*", "*")
- Cluster 2: returns true (inputs: "", "*")
- Cluster 3: throws Error: invalid semver (inputs: "x", "")
- Cluster 4: returns true (inputs: "", "x")
- ... and 65 more clusters

### `validateEmail`

- **File:** /tmp/shatter-examples.e644oibi/standalone/ts/15-email-validator.ts
- **Coverage:** 29.8%
- **Branches:** 6/19
- **Lines:** 14/47
- **Iterations:** 100
- **Constraints collected:** 232

**Behaviors:**

- Cluster 0: returns {"reason":"missing @","valid":false} (inputs: "length")
- Cluster 1: returns {"reason":"empty","valid":false} (inputs: "")
- Cluster 2: returns {"reason":"missing @","valid":false} (inputs: "empty")
- Cluster 3: returns {"reason":"missing @","valid":false} (inputs: "indexOf")
- Cluster 4: returns {"reason":"empty local part","valid":false} (inputs: "@")
- ... and 31 more clusters

### `parseCron`

- **File:** /tmp/shatter-examples.e644oibi/standalone/ts/16-cron-parser.ts
- **Coverage:** 81.2%
- **Branches:** 3/11
- **Lines:** 13/16
- **Iterations:** 100
- **Constraints collected:** 157

**Behaviors:**

- Cluster 0: throws Error: expected 5 fields (inputs: "true")
- Cluster 1: throws Error: empty expression (inputs: "")
- Cluster 2: throws Error: expected 5 fields (inputs: "length")
- Cluster 3: throws Error: expected 5 fields (inputs: "empty expression")
- Cluster 4: throws Error: expected 5 fields (inputs: "startsWith")
- ... and 18 more clusters

### `classifyConfigs`

- **File:** /tmp/shatter-examples.e644oibi/standalone/ts/17-mock-branches.ts
- **Coverage:** 41.7%
- **Branches:** 1/4
- **Lines:** 5/12
- **Iterations:** 100
- **Constraints collected:** 100

**Behaviors:**

- Cluster 0: throws Error: ENOENT: no such file or directory, open 'length' (inputs: ["length"])
- Cluster 1: returns "no-comments" (inputs: {"length":0})
- Cluster 2: throws Error: ENOENT: no such file or directory, open 'no-comments' (inputs: ["no-comments"])
- Cluster 3: throws Error: ENOENT: no such file or directory, open 'utf-8' (inputs: ["utf-8"])
- Cluster 4: throws Error: ENOENT: no such file or directory, open 'startsWith' (inputs: ["startsWith"])
- ... and 4 more clusters

### `negotiateLanguage`

- **File:** /tmp/shatter-examples.e644oibi/standalone/ts/18-accept-language.ts
- **Coverage:** 17.9%
- **Branches:** 2/12
- **Lines:** 5/28
- **Iterations:** 100
- **Constraints collected:** 120

**Behaviors:**

- Cluster 0: returns {"matchedRange":null,"quality":0,"reason":"no-supported",... (inputs: "length", [])
- Cluster 1: throws TypeError: supported.map is not a function (inputs: "length", {"length":1})
- Cluster 2: returns {"matchedRange":null,"quality":1,"reason":"default","sele... (inputs: "", ["length"])
- Cluster 3: returns {"matchedRange":null,"quality":0,"reason":"no-supported",... (inputs: "no-supported", [])
- Cluster 4: returns {"matchedRange":null,"quality":1,"reason":"default","sele... (inputs: "", ["no-supported"])
- ... and 67 more clusters

### `evaluateRobotsPolicy`

- **File:** /tmp/shatter-examples.e644oibi/standalone/ts/19-robots-policy.ts
- **Coverage:** 39.3%
- **Branches:** 3/9
- **Lines:** 11/28
- **Iterations:** 100
- **Constraints collected:** 144

**Behaviors:**

- Cluster 0: returns {"allowed":false,"crawlDelay":null,"matchedDirective":nul... (inputs: "length", "", "")
- Cluster 1: returns {"allowed":false,"crawlDelay":null,"matchedDirective":nul... (inputs: "", "length", "")
- Cluster 2: returns {"allowed":false,"crawlDelay":null,"matchedDirective":nul... (inputs: "", "", "length")
- Cluster 3: returns {"allowed":false,"crawlDelay":null,"matchedDirective":nul... (inputs: "missing-user-agent", "", "")
- Cluster 4: returns {"allowed":false,"crawlDelay":null,"matchedDirective":nul... (inputs: "", "missing-user-agent", "")
- ... and 93 more clusters

### `classifySecret`

- **File:** /tmp/shatter-examples.e644oibi/standalone/ts/21-crypto-boundary.ts
- **Coverage:** 28.6%
- **Branches:** 0/2
- **Lines:** 2/7
- **Iterations:** 100
- **Constraints collected:** 0

**Behaviors:**

- Cluster 0: throws Error: error:1C80006B:Provider routines::wrong final block length (inputs: {"__complex_type":"buffer","encoding":"base64","value":"S...)
- Cluster 1: throws Error: error:1C80006B:Provider routines::wrong final block length (inputs: {"__complex_type":"buffer","encoding":"base64","value":"A...)
- Cluster 2: throws Error: error:1C80006B:Provider routines::wrong final block length (inputs: {"__complex_type":"buffer","encoding":"base64","value":"A...)
- Cluster 3: throws Error: error:1C80006B:Provider routines::wrong final block length (inputs: {"__complex_type":"buffer","encoding":"base64","value":"/...)
- Cluster 4: throws Error: error:1C80006B:Provider routines::wrong final block length (inputs: {"__complex_type":"buffer","encoding":"base64","value":""})

## Uncovered Branches

- `categorizeUser`: 1 uncovered branch(es) (72.7% coverage)
- `computeStats`: 4 uncovered branch(es) (31.2% coverage)
- `routeRequest`: 7 uncovered branch(es) (30.8% coverage)
- `classifyHttpResponse`: 0 uncovered branch(es) (96.3% coverage)
- `validateJwt`: 6 uncovered branch(es) (19.2% coverage)
- `checkRateLimit`: 1 uncovered branch(es) (77.8% coverage)
- `matchRoute`: 16 uncovered branch(es) (12.0% coverage)
- `romanToInt`: 1 uncovered branch(es) (82.4% coverage)
- `satisfiesRange`: 9 uncovered branch(es) (63.9% coverage)
- `validateEmail`: 13 uncovered branch(es) (29.8% coverage)
- `parseCron`: 8 uncovered branch(es) (81.2% coverage)
- `classifyConfigs`: 3 uncovered branch(es) (41.7% coverage)
- `negotiateLanguage`: 10 uncovered branch(es) (17.9% coverage)
- `evaluateRobotsPolicy`: 6 uncovered branch(es) (39.3% coverage)
- `classifySecret`: 2 uncovered branch(es) (28.6% coverage)

## Interesting Inputs

### `classifyNumber`

- 0 -> "zero"
- -1 -> "negative"

### `transformString`

- "upper", "", 0 -> "upper"
- "upper", "upper", 0 -> "UPPER"
- "", "lower", 0 -> ""
- "", "reverse", 0 -> ""
- "", "repeat", 0 -> ""
- "", "repeat", 1 -> ""
- "", "upper", 0 -> ""
- "toUpperCase", "", 0 -> "toUpperCase"
- "", "toUpperCase", 0 -> ""
- "lower", "", 0 -> "lower"
- "toLowerCase", "", 0 -> "toLowerCase"
- "", "toLowerCase", 0 -> ""
- "reverse", "", 0 -> "reverse"
- "join", "", 0 -> "join"
- "", "join", 0 -> ""
- "split", "", 0 -> "split"
- "", "split", 0 -> ""
- "", "", 0 -> ""
- "repeat", "", 0 -> "repeat"
- "upper", "lower", 0 -> "upper"
- "upper", "reverse", 0 -> "reppu"
- "upper", "repeat", 0 -> ""
- "toUpperCase", "upper", 0 -> "TOUPPERCASE"
- "toUpperCase", "lower", 0 -> "touppercase"
- "toUpperCase", "reverse", 0 -> "esaCreppUot"
- "toUpperCase", "repeat", 0 -> ""
- "lower", "upper", 0 -> "LOWER"
- "lower", "lower", 0 -> "lower"
- "lower", "reverse", 0 -> "rewol"
- "lower", "repeat", 0 -> ""
- "toLowerCase", "upper", 0 -> "TOLOWERCASE"
- "toLowerCase", "lower", 0 -> "tolowercase"
- "toLowerCase", "reverse", 0 -> "esaCrewoLot"
- "toLowerCase", "repeat", 0 -> ""
- "reverse", "upper", 0 -> "REVERSE"
- "reverse", "lower", 0 -> "reverse"
- "reverse", "reverse", 0 -> "esrever"
- "reverse", "repeat", 0 -> ""
- "join", "upper", 0 -> "JOIN"
- "join", "lower", 0 -> "join"
- "join", "reverse", 0 -> "nioj"
- "join", "repeat", 0 -> ""
- "split", "upper", 0 -> "SPLIT"
- "split", "lower", 0 -> "split"
- "split", "reverse", 0 -> "tilps"
- "split", "repeat", 0 -> ""
- "repeat", "upper", 0 -> "REPEAT"
- "repeat", "lower", 0 -> "repeat"
- "repeat", "reverse", 0 -> "taeper"
- "repeat", "repeat", 0 -> ""

### `categorizeUser`

- {"age":-1,"isVerified":false,"name":"age","role":""} -> **error:** Error: invalid age
- {"age":-1,"isVerified":false,"name":"","role":"age"} -> **error:** Error: invalid age
- {"age":-1,"isVerified":false,"name":"invalid age","role":""} -> **error:** Error: invalid age
- {"age":-1,"isVerified":false,"name":"","role":"invalid age"} -> **error:** Error: invalid age
- {"age":-1,"isVerified":false,"name":"child","role":""} -> **error:** Error: invalid age
- {"age":-1,"isVerified":false,"name":"","role":"child"} -> **error:** Error: invalid age
- {"age":-1,"isVerified":false,"name":"teen","role":""} -> **error:** Error: invalid age
- {"age":-1,"isVerified":false,"name":"","role":"teen"} -> **error:** Error: invalid age
- {"age":-1,"isVerified":false,"name":"isVerified","role":""} -> **error:** Error: invalid age
- {"age":-1,"isVerified":false,"name":"","role":"isVerified"} -> **error:** Error: invalid age
- {"age":-1,"isVerified":false,"name":"role","role":""} -> **error:** Error: invalid age
- {"age":-1,"isVerified":false,"name":"","role":"role"} -> **error:** Error: invalid age
- {"age":-1,"isVerified":false,"name":"admin","role":""} -> **error:** Error: invalid age
- {"age":-1,"isVerified":false,"name":"","role":"admin"} -> **error:** Error: invalid age
- {"age":-1,"isVerified":false,"name":"verified-user","role... -> **error:** Error: invalid age
- {"age":-1,"isVerified":false,"name":"","role":"verified-u... -> **error:** Error: invalid age
- {"age":-1,"isVerified":false,"name":"unverified-user","ro... -> **error:** Error: invalid age
- {"age":-1,"isVerified":false,"name":"","role":"unverified... -> **error:** Error: invalid age

### `computeStats`

- {"length":1} -> **error:** TypeError: items is not iterable
- {"length":0} -> **error:** Error: empty array

### `routeRequest`

- {"authenticated":false,"body":null,"method":"length","pat... -> **error:** Error: empty path
- {"authenticated":false,"body":"length","method":"GET","pa... -> **error:** Error: empty path
- {"authenticated":false,"body":null,"method":"path","path"... -> **error:** Error: empty path
- {"authenticated":false,"body":"path","method":"GET","path... -> **error:** Error: empty path
- {"authenticated":false,"body":null,"method":"empty path",... -> **error:** Error: empty path
- {"authenticated":false,"body":"empty path","method":"GET"... -> **error:** Error: empty path
- {"authenticated":false,"body":null,"method":"method","pat... -> **error:** Error: empty path
- {"authenticated":false,"body":"method","method":"GET","pa... -> **error:** Error: empty path
- {"authenticated":false,"body":null,"method":"GET","path":""} -> **error:** Error: empty path
- {"authenticated":false,"body":"GET","method":"GET","path"... -> **error:** Error: empty path
- {"authenticated":false,"body":null,"method":"read","path"... -> **error:** Error: empty path
- {"authenticated":false,"body":"read","method":"GET","path... -> **error:** Error: empty path
- {"authenticated":false,"body":null,"method":"DELETE","pat... -> **error:** Error: empty path
- {"authenticated":false,"body":"DELETE","method":"GET","pa... -> **error:** Error: empty path
- {"authenticated":false,"body":null,"method":"authenticate... -> **error:** Error: empty path
- {"authenticated":false,"body":"authenticated","method":"G... -> **error:** Error: empty path
- {"authenticated":false,"body":null,"method":"auth require... -> **error:** Error: empty path
- {"authenticated":false,"body":"auth required","method":"G... -> **error:** Error: empty path
- {"authenticated":false,"body":null,"method":"delete","pat... -> **error:** Error: empty path
- {"authenticated":false,"body":"delete","method":"GET","pa... -> **error:** Error: empty path
- {"authenticated":false,"body":null,"method":"POST","path"... -> **error:** Error: empty path
- {"authenticated":false,"body":"POST","method":"GET","path... -> **error:** Error: empty path
- {"authenticated":false,"body":null,"method":"body","path"... -> **error:** Error: empty path
- {"authenticated":false,"body":"body","method":"GET","path... -> **error:** Error: empty path
- {"authenticated":false,"body":null,"method":"body require... -> **error:** Error: empty path
- {"authenticated":false,"body":"body required","method":"G... -> **error:** Error: empty path
- {"authenticated":false,"body":null,"method":"create","pat... -> **error:** Error: empty path
- {"authenticated":false,"body":"create","method":"GET","pa... -> **error:** Error: empty path
- {"authenticated":false,"body":null,"method":"PUT","path":""} -> **error:** Error: empty path
- {"authenticated":false,"body":"PUT","method":"GET","path"... -> **error:** Error: empty path
- {"authenticated":false,"body":null,"method":"update","pat... -> **error:** Error: empty path
- {"authenticated":false,"body":"update","method":"GET","pa... -> **error:** Error: empty path

### `classifyHttpResponse`

- 100.0, "", null -> "informational"
- 200.0, "", null -> "ok-binary"
- 300.0, "", null -> "redirect-other"
- 201.0, "", null -> "created-empty"
- 204.0, "", null -> "no-content"
- 400.0, "", null -> "client-error"
- 301.0, "", null -> "redirect"
- 500.0, "", null -> "server-error"
- 401.0, "", null -> "auth-error"
- 200, "text/", null -> "ok-text"
- 200, "application/json", null -> "ok-json"
- 264, "", null -> "success-other"
- 1.5750685892076441, "test", null -> **error:** Error: invalid status
- 7.446800205282401, "test", null -> **error:** Error: invalid status
- -0.13232812379019815, "test", null -> **error:** Error: invalid status
- 1.9010826941664558, "test", null -> **error:** Error: invalid status
- -0.3108828033766582, "test", null -> **error:** Error: invalid status
- 0, "", null -> **error:** Error: invalid status
- 600.0, "", null -> **error:** Error: invalid status
- 0.0, "invalid status", null -> **error:** Error: invalid status
- 0.0, "", "invalid status" -> **error:** Error: invalid status
- 0.0, "informational", null -> **error:** Error: invalid status
- 0.0, "", "informational" -> **error:** Error: invalid status
- 0.0, "startsWith", null -> **error:** Error: invalid status
- 0.0, "", "startsWith" -> **error:** Error: invalid status
- 0.0, "text/", null -> **error:** Error: invalid status
- 0.0, "", "text/" -> **error:** Error: invalid status
- 0.0, "ok-text", null -> **error:** Error: invalid status
- 0.0, "", "ok-text" -> **error:** Error: invalid status
- 0.0, "application/json", null -> **error:** Error: invalid status
- 0.0, "", "application/json" -> **error:** Error: invalid status
- 0.0, "ok-json", null -> **error:** Error: invalid status
- 0.0, "", "ok-json" -> **error:** Error: invalid status
- 0.0, "ok-binary", null -> **error:** Error: invalid status
- 0.0, "", "ok-binary" -> **error:** Error: invalid status
- 0.0, "length", null -> **error:** Error: invalid status
- 0.0, "", "length" -> **error:** Error: invalid status
- 0.0, "", null -> **error:** Error: invalid status
- 0.0, "created-with-body", null -> **error:** Error: invalid status
- 0.0, "", "created-with-body" -> **error:** Error: invalid status
- 0.0, "created-empty", null -> **error:** Error: invalid status
- 0.0, "", "created-empty" -> **error:** Error: invalid status
- 0.0, "no-content", null -> **error:** Error: invalid status
- 0.0, "", "no-content" -> **error:** Error: invalid status
- 0.0, "success-other", null -> **error:** Error: invalid status
- 0.0, "", "success-other" -> **error:** Error: invalid status
- 302.0, "", null -> "redirect"
- 0.0, "redirect", null -> **error:** Error: invalid status
- 0.0, "", "redirect" -> **error:** Error: invalid status
- 0.0, "redirect-other", null -> **error:** Error: invalid status
- 0.0, "", "redirect-other" -> **error:** Error: invalid status
- 403.0, "", null -> "auth-error"
- 0.0, "auth-error", null -> **error:** Error: invalid status
- 0.0, "", "auth-error" -> **error:** Error: invalid status
- 0.0, "client-error", null -> **error:** Error: invalid status
- 0.0, "", "client-error" -> **error:** Error: invalid status
- 0.0, "server-error", null -> **error:** Error: invalid status
- 0.0, "", "server-error" -> **error:** Error: invalid status
- 456, "", null -> "client-error"
- 580, "", null -> "server-error"
- 580, "invalid status", null -> "server-error"
- 580, "", "invalid status" -> "server-error"
- 164, "", null -> "informational"
- 556, "", null -> "server-error"
- 201, "", null -> "created-empty"
- 580, "informational", null -> "server-error"
- 580, "", "informational" -> "server-error"
- 528, "", null -> "server-error"
- 301, "", null -> "redirect"
- 580, "startsWith", null -> "server-error"
- 580, "", "startsWith" -> "server-error"
- 580, "text/", null -> "server-error"
- 580, "", "text/" -> "server-error"
- 580, "ok-text", null -> "server-error"
- 580, "", "ok-text" -> "server-error"
- 580, "application/json", null -> "server-error"
- 580, "", "application/json" -> "server-error"
- 580, "ok-json", null -> "server-error"
- 580, "", "ok-json" -> "server-error"
- 580, "ok-binary", null -> "server-error"
- 580, "", "ok-binary" -> "server-error"
- 200, "", null -> "ok-binary"
- 580, "length", null -> "server-error"
- 580, "", "length" -> "server-error"
- 580, "created-with-body", null -> "server-error"
- 580, "", "created-with-body" -> "server-error"
- 580, "created-empty", null -> "server-error"
- 580, "", "created-empty" -> "server-error"
- 202, "", null -> "success-other"
- 580, "no-content", null -> "server-error"
- 580, "", "no-content" -> "server-error"

### `validateJwt`

- "", "", "", "", 0.0 -> "invalid: empty token"
- "length", "", "", "", 0.0 -> "invalid: malformed token"
- "", "length", "", "", 0.0 -> "invalid: empty token"
- "", "", "length", "", 0.0 -> "invalid: empty token"
- "", "", "", "length", 0.0 -> "invalid: empty token"
- "invalid: empty token", "", "", "", 0.0 -> "invalid: malformed token"
- "", "invalid: empty token", "", "", 0.0 -> "invalid: empty token"
- "", "", "invalid: empty token", "", 0.0 -> "invalid: empty token"
- "", "", "", "invalid: empty token", 0.0 -> "invalid: empty token"
- "split", "", "", "", 0.0 -> "invalid: malformed token"
- "", "split", "", "", 0.0 -> "invalid: empty token"
- "", "", "split", "", 0.0 -> "invalid: empty token"
- "", "", "", "split", 0.0 -> "invalid: empty token"
- ".", "", "", "", 0.0 -> "invalid: malformed token"
- "", ".", "", "", 0.0 -> "invalid: empty token"
- "", "", ".", "", 0.0 -> "invalid: empty token"
- "", "", "", ".", 0.0 -> "invalid: empty token"
- "", "", "", "", 3.0 -> "invalid: empty token"
- "invalid: malformed token", "", "", "", 0.0 -> "invalid: malformed token"
- "", "invalid: malformed token", "", "", 0.0 -> "invalid: empty token"
- "", "", "invalid: malformed token", "", 0.0 -> "invalid: empty token"
- "", "", "", "invalid: malformed token", 0.0 -> "invalid: empty token"
- "parse", "", "", "", 0.0 -> "invalid: malformed token"
- "", "parse", "", "", 0.0 -> "invalid: empty token"
- "", "", "parse", "", 0.0 -> "invalid: empty token"
- "", "", "", "parse", 0.0 -> "invalid: empty token"
- "toString", "", "", "", 0.0 -> "invalid: malformed token"
- "", "toString", "", "", 0.0 -> "invalid: empty token"
- "", "", "toString", "", 0.0 -> "invalid: empty token"
- "", "", "", "toString", 0.0 -> "invalid: empty token"
- "from", "", "", "", 0.0 -> "invalid: malformed token"
- "", "from", "", "", 0.0 -> "invalid: empty token"
- "", "", "from", "", 0.0 -> "invalid: empty token"
- "", "", "", "from", 0.0 -> "invalid: empty token"
- "base64", "", "", "", 0.0 -> "invalid: malformed token"
- "", "base64", "", "", 0.0 -> "invalid: empty token"
- "", "", "base64", "", 0.0 -> "invalid: empty token"
- "", "", "", "base64", 0.0 -> "invalid: empty token"
- "invalid: corrupt header", "", "", "", 0.0 -> "invalid: malformed token"
- "", "invalid: corrupt header", "", "", 0.0 -> "invalid: empty token"
- "", "", "invalid: corrupt header", "", 0.0 -> "invalid: empty token"
- "", "", "", "invalid: corrupt header", 0.0 -> "invalid: empty token"
- "alg", "", "", "", 0.0 -> "invalid: malformed token"
- "", "alg", "", "", 0.0 -> "invalid: empty token"
- "", "", "alg", "", 0.0 -> "invalid: empty token"
- "", "", "", "alg", 0.0 -> "invalid: empty token"
- "HS256", "", "", "", 0.0 -> "invalid: malformed token"
- "", "HS256", "", "", 0.0 -> "invalid: empty token"
- "", "", "HS256", "", 0.0 -> "invalid: empty token"
- "", "", "", "HS256", 0.0 -> "invalid: empty token"
- "invalid: unsupported algorithm", "", "", "", 0.0 -> "invalid: malformed token"
- "", "invalid: unsupported algorithm", "", "", 0.0 -> "invalid: empty token"
- "", "", "invalid: unsupported algorithm", "", 0.0 -> "invalid: empty token"
- "", "", "", "invalid: unsupported algorithm", 0.0 -> "invalid: empty token"
- "", "", "", "", 1.0 -> "invalid: empty token"
- "invalid: corrupt payload", "", "", "", 0.0 -> "invalid: malformed token"
- "", "invalid: corrupt payload", "", "", 0.0 -> "invalid: empty token"
- "", "", "invalid: corrupt payload", "", 0.0 -> "invalid: empty token"
- "", "", "", "invalid: corrupt payload", 0.0 -> "invalid: empty token"
- "exp", "", "", "", 0.0 -> "invalid: malformed token"
- "", "exp", "", "", 0.0 -> "invalid: empty token"
- "", "", "exp", "", 0.0 -> "invalid: empty token"
- "", "", "", "exp", 0.0 -> "invalid: empty token"
- "number", "", "", "", 0.0 -> "invalid: malformed token"
- "", "number", "", "", 0.0 -> "invalid: empty token"
- "", "", "number", "", 0.0 -> "invalid: empty token"
- "", "", "", "number", 0.0 -> "invalid: empty token"
- "invalid: token expired", "", "", "", 0.0 -> "invalid: malformed token"
- "", "invalid: token expired", "", "", 0.0 -> "invalid: empty token"
- "", "", "invalid: token expired", "", 0.0 -> "invalid: empty token"
- "", "", "", "invalid: token expired", 0.0 -> "invalid: empty token"
- "iss", "", "", "", 0.0 -> "invalid: malformed token"
- "", "iss", "", "", 0.0 -> "invalid: empty token"
- "", "", "iss", "", 0.0 -> "invalid: empty token"
- "", "", "", "iss", 0.0 -> "invalid: empty token"
- "invalid: wrong issuer", "", "", "", 0.0 -> "invalid: malformed token"
- "", "invalid: wrong issuer", "", "", 0.0 -> "invalid: empty token"
- "", "", "invalid: wrong issuer", "", 0.0 -> "invalid: empty token"
- "", "", "", "invalid: wrong issuer", 0.0 -> "invalid: empty token"
- "isArray", "", "", "", 0.0 -> "invalid: malformed token"
- "", "isArray", "", "", 0.0 -> "invalid: empty token"
- "", "", "isArray", "", 0.0 -> "invalid: empty token"
- "", "", "", "isArray", 0.0 -> "invalid: empty token"
- "aud", "", "", "", 0.0 -> "invalid: malformed token"
- "", "aud", "", "", 0.0 -> "invalid: empty token"
- "", "", "aud", "", 0.0 -> "invalid: empty token"
- "", "", "", "aud", 0.0 -> "invalid: empty token"
- "includes", "", "", "", 0.0 -> "invalid: malformed token"
- "", "includes", "", "", 0.0 -> "invalid: empty token"
- "", "", "includes", "", 0.0 -> "invalid: empty token"
- "", "", "", "includes", 0.0 -> "invalid: empty token"
- "invalid: wrong audience", "", "", "", 0.0 -> "invalid: malformed token"
- "", "invalid: wrong audience", "", "", 0.0 -> "invalid: empty token"
- "", "", "invalid: wrong audience", "", 0.0 -> "invalid: empty token"
- "", "", "", "invalid: wrong audience", 0.0 -> "invalid: empty token"
- "scope", "", "", "", 0.0 -> "invalid: malformed token"
- "", "scope", "", "", 0.0 -> "invalid: empty token"
- "", "", "scope", "", 0.0 -> "invalid: empty token"
- "", "", "", "scope", 0.0 -> "invalid: empty token"

### `checkRateLimit`

- {"lastRefillMs":0,"penaltyUntilMs":1,"tokens":0.0}, 1, 1, 0, "" -> {"allowed":false,"newState":{"lastRefillMs":0,"penaltyUnt...
- null, 257.4783342354188, 1.0, 1.0, "test" -> {"allowed":false,"newState":{"lastRefillMs":1,"penaltyUnt...
- null, 100.24696815520778, 1.0, 1.0, "test" -> {"allowed":false,"newState":{"lastRefillMs":1,"penaltyUnt...
- null, 100.32869904718157, 1.0, 1.0, "test" -> {"allowed":false,"newState":{"lastRefillMs":1,"penaltyUnt...
- null, 0.6760837637385672, 1.0, 1.0, "test" -> {"allowed":false,"newState":{"lastRefillMs":1,"penaltyUnt...
- null, -2.6835298186939402, 1.0, 1.0, "test" -> **error:** Error: invalid capacity
- null, 1.0, 7.384776814187144, 1.0, "test" -> {"allowed":false,"newState":{"lastRefillMs":1,"penaltyUnt...
- null, 1.0, 42.857298773784436, 1.0, "test" -> {"allowed":false,"newState":{"lastRefillMs":1,"penaltyUnt...
- null, 1.0, 257.18291886433855, 1.0, "test" -> {"allowed":false,"newState":{"lastRefillMs":1,"penaltyUnt...
- null, 1.0, 100.31824954850576, 1.0, "test" -> {"allowed":false,"newState":{"lastRefillMs":1,"penaltyUnt...
- null, 1.0, 0.32123375176546765, 1.0, "test" -> {"allowed":false,"newState":{"lastRefillMs":1,"penaltyUnt...
- null, 1.0, 1.0, 3.6451583792899775, "test" -> {"allowed":false,"newState":{"lastRefillMs":3.64515837928...
- null, 1.0, 1.0, -17.287448091446453, "test" -> **error:** Error: clock skew detected
- null, 1.0, 1.0, 257.0949099588629, "test" -> {"allowed":false,"newState":{"lastRefillMs":257.094909958...
- null, 1.0, 1.0, 100.00364023440382, "test" -> {"allowed":false,"newState":{"lastRefillMs":100.003640234...
- null, 1.0, 1.0, 7.173402480313437, "test" -> {"allowed":false,"newState":{"lastRefillMs":7.17340248031...
- {"lastRefillMs":0.0,"penaltyUntilMs":0.0,"tokens":0.0}, 0.0, 0.0, 0.0, "" -> **error:** Error: invalid capacity
- {"lastRefillMs":0.0,"penaltyUntilMs":0.0,"tokens":0.0}, 1, 0.0, 0.0, "" -> **error:** Error: invalid refill rate
- {"lastRefillMs":0.0,"penaltyUntilMs":0.0,"tokens":0.0}, 0.0, 0.0, 0.0, "invalid capacity" -> **error:** Error: invalid capacity
- {"lastRefillMs":0.0,"penaltyUntilMs":0.0,"tokens":0.0}, 0.0, 0.0, 0.0, "invalid refill rate" -> **error:** Error: invalid capacity
- {"lastRefillMs":0.0,"penaltyUntilMs":0.0,"tokens":0.0}, 0.0, 0.0, 0.0, "lastRefillMs" -> **error:** Error: invalid capacity
- {"lastRefillMs":0.0,"penaltyUntilMs":0.0,"tokens":0.0}, 0.0, 0.0, 0.0, "clock skew detected" -> **error:** Error: invalid capacity
- {"lastRefillMs":0.0,"penaltyUntilMs":0.0,"tokens":0.0}, 0.0, 0.0, 0.0, "penaltyUntilMs" -> **error:** Error: invalid capacity
- {"lastRefillMs":0.0,"penaltyUntilMs":0.0,"tokens":0.0}, 0.0, 0.0, 0.0, "denied: penalty active" -> **error:** Error: invalid capacity
- {"lastRefillMs":0.0,"penaltyUntilMs":0.0,"tokens":0.0}, 1000.0, 0.0, 0.0, "" -> **error:** Error: invalid refill rate
- {"lastRefillMs":0.0,"penaltyUntilMs":0.0,"tokens":0.0}, 0.0, 1000.0, 0.0, "" -> **error:** Error: invalid capacity
- {"lastRefillMs":0.0,"penaltyUntilMs":0.0,"tokens":0.0}, 0.0, 0.0, 1000.0, "" -> **error:** Error: invalid capacity
- {"lastRefillMs":0.0,"penaltyUntilMs":0.0,"tokens":0.0}, 0.0, 0.0, 0.0, "min" -> **error:** Error: invalid capacity
- {"lastRefillMs":0.0,"penaltyUntilMs":0.0,"tokens":0.0}, 0.0, 0.0, 0.0, "tokens" -> **error:** Error: invalid capacity
- {"lastRefillMs":0.0,"penaltyUntilMs":0.0,"tokens":0.0}, 0.0, 0.0, 0.0, "denied: unknown priority" -> **error:** Error: invalid capacity
- {"lastRefillMs":0.0,"penaltyUntilMs":0.0,"tokens":0.0}, 0.0, 0.0, 0.0, "denied: insufficient tokens" -> **error:** Error: invalid capacity
- {"lastRefillMs":0.0,"penaltyUntilMs":0.0,"tokens":0.0}, 1.0, 0.0, 0.0, "" -> **error:** Error: invalid refill rate
- {"lastRefillMs":0.0,"penaltyUntilMs":0.0,"tokens":0.0}, 0.0, 1.0, 0.0, "" -> **error:** Error: invalid capacity
- {"lastRefillMs":0.0,"penaltyUntilMs":0.0,"tokens":0.0}, 0.0, 0.0, 1.0, "" -> **error:** Error: invalid capacity
- {"lastRefillMs":0.0,"penaltyUntilMs":0.0,"tokens":0.0}, 2.0, 0.0, 0.0, "" -> **error:** Error: invalid refill rate
- {"lastRefillMs":0.0,"penaltyUntilMs":0.0,"tokens":0.0}, 0.0, 2.0, 0.0, "" -> **error:** Error: invalid capacity
- {"lastRefillMs":0.0,"penaltyUntilMs":0.0,"tokens":0.0}, 0.0, 0.0, 2.0, "" -> **error:** Error: invalid capacity
- {"lastRefillMs":0.0,"penaltyUntilMs":0.0,"tokens":0.0}, 5.0, 0.0, 0.0, "" -> **error:** Error: invalid refill rate
- {"lastRefillMs":0.0,"penaltyUntilMs":0.0,"tokens":0.0}, 0.0, 5.0, 0.0, "" -> **error:** Error: invalid capacity
- {"lastRefillMs":0.0,"penaltyUntilMs":0.0,"tokens":0.0}, 0.0, 0.0, 5.0, "" -> **error:** Error: invalid capacity
- {"lastRefillMs":0.0,"penaltyUntilMs":0.0,"tokens":0.0}, 10.0, 0.0, 0.0, "" -> **error:** Error: invalid refill rate
- {"lastRefillMs":0.0,"penaltyUntilMs":0.0,"tokens":0.0}, 0.0, 10.0, 0.0, "" -> **error:** Error: invalid capacity
- {"lastRefillMs":0.0,"penaltyUntilMs":0.0,"tokens":0.0}, 0.0, 0.0, 10.0, "" -> **error:** Error: invalid capacity
- {"lastRefillMs":0.0,"penaltyUntilMs":0.0,"tokens":0.0}, 0, 0.0, 0.0, "" -> **error:** Error: invalid capacity
- {"lastRefillMs":0.0,"penaltyUntilMs":0.0,"tokens":0.0}, 1, 1, 0.0, "" -> {"allowed":false,"newState":{"lastRefillMs":0,"penaltyUnt...
- {"lastRefillMs":0.0,"penaltyUntilMs":0.0,"tokens":0.0}, 1, 0.0, 0.0, "invalid capacity" -> **error:** Error: invalid refill rate
- {"lastRefillMs":0.0,"penaltyUntilMs":0.0,"tokens":0.0}, 1, 0.0, 0.0, "invalid refill rate" -> **error:** Error: invalid refill rate
- {"lastRefillMs":0.0,"penaltyUntilMs":0.0,"tokens":0.0}, 1, 0.0, 0.0, "lastRefillMs" -> **error:** Error: invalid refill rate
- {"lastRefillMs":0.0,"penaltyUntilMs":0.0,"tokens":0.0}, 1, 0.0, 0.0, "clock skew detected" -> **error:** Error: invalid refill rate
- {"lastRefillMs":0.0,"penaltyUntilMs":0.0,"tokens":0.0}, 1, 0.0, 0.0, "penaltyUntilMs" -> **error:** Error: invalid refill rate
- {"lastRefillMs":0.0,"penaltyUntilMs":0.0,"tokens":0.0}, 1, 0.0, 0.0, "denied: penalty active" -> **error:** Error: invalid refill rate
- {"lastRefillMs":0.0,"penaltyUntilMs":0.0,"tokens":0.0}, 1, 1000.0, 0.0, "" -> {"allowed":false,"newState":{"lastRefillMs":0,"penaltyUnt...
- {"lastRefillMs":0.0,"penaltyUntilMs":0.0,"tokens":0.0}, 1, 0.0, 1000.0, "" -> **error:** Error: invalid refill rate
- {"lastRefillMs":0.0,"penaltyUntilMs":0.0,"tokens":0.0}, 1, 0.0, 0.0, "min" -> **error:** Error: invalid refill rate
- {"lastRefillMs":0.0,"penaltyUntilMs":0.0,"tokens":0.0}, 1, 0.0, 0.0, "tokens" -> **error:** Error: invalid refill rate
- {"lastRefillMs":0.0,"penaltyUntilMs":0.0,"tokens":0.0}, 1, 0.0, 0.0, "denied: unknown priority" -> **error:** Error: invalid refill rate
- {"lastRefillMs":0.0,"penaltyUntilMs":0.0,"tokens":0.0}, 1, 0.0, 0.0, "denied: insufficient tokens" -> **error:** Error: invalid refill rate
- {"lastRefillMs":0.0,"penaltyUntilMs":0.0,"tokens":0.0}, 1, 1.0, 0.0, "" -> {"allowed":false,"newState":{"lastRefillMs":0,"penaltyUnt...
- {"lastRefillMs":0.0,"penaltyUntilMs":0.0,"tokens":0.0}, 1, 0.0, 1.0, "" -> **error:** Error: invalid refill rate
- {"lastRefillMs":0.0,"penaltyUntilMs":0.0,"tokens":0.0}, 1, 2.0, 0.0, "" -> {"allowed":false,"newState":{"lastRefillMs":0,"penaltyUnt...
- {"lastRefillMs":0.0,"penaltyUntilMs":0.0,"tokens":0.0}, 1, 0.0, 2.0, "" -> **error:** Error: invalid refill rate
- {"lastRefillMs":0.0,"penaltyUntilMs":0.0,"tokens":0.0}, 1, 5.0, 0.0, "" -> {"allowed":false,"newState":{"lastRefillMs":0,"penaltyUnt...
- {"lastRefillMs":0.0,"penaltyUntilMs":0.0,"tokens":0.0}, 1, 0.0, 5.0, "" -> **error:** Error: invalid refill rate
- {"lastRefillMs":0.0,"penaltyUntilMs":0.0,"tokens":0.0}, 1, 10.0, 0.0, "" -> {"allowed":false,"newState":{"lastRefillMs":0,"penaltyUnt...
- {"lastRefillMs":0.0,"penaltyUntilMs":0.0,"tokens":0.0}, 1, 0.0, 10.0, "" -> **error:** Error: invalid refill rate
- {"lastRefillMs":0.0,"penaltyUntilMs":0.0,"tokens":0.0}, 0, 1, 0.0, "" -> **error:** Error: invalid capacity
- {"lastRefillMs":0.0,"penaltyUntilMs":0.0,"tokens":0.0}, 1, 0, 0.0, "" -> **error:** Error: invalid refill rate
- {"lastRefillMs":1,"penaltyUntilMs":0.0,"tokens":0.0}, 1, 1, 0, "" -> **error:** Error: clock skew detected
- {"lastRefillMs":0.0,"penaltyUntilMs":0.0,"tokens":0.0}, 0, 0.0, 0.0, "invalid capacity" -> **error:** Error: invalid capacity
- {"lastRefillMs":0.0,"penaltyUntilMs":0.0,"tokens":0.0}, 1, 1, 0.0, "invalid capacity" -> {"allowed":false,"newState":{"lastRefillMs":0,"penaltyUnt...
- {"lastRefillMs":0.0,"penaltyUntilMs":0.0,"tokens":0.0}, 0, 0.0, 0.0, "invalid refill rate" -> **error:** Error: invalid capacity
- {"lastRefillMs":0.0,"penaltyUntilMs":0.0,"tokens":0.0}, 1, 1, 0.0, "invalid refill rate" -> {"allowed":false,"newState":{"lastRefillMs":0,"penaltyUnt...
- {"lastRefillMs":0.0,"penaltyUntilMs":0.0,"tokens":0.0}, 0, 0.0, 0.0, "lastRefillMs" -> **error:** Error: invalid capacity
- {"lastRefillMs":0.0,"penaltyUntilMs":0.0,"tokens":0.0}, 1, 1, 0.0, "lastRefillMs" -> {"allowed":false,"newState":{"lastRefillMs":0,"penaltyUnt...
- {"lastRefillMs":0.0,"penaltyUntilMs":0.0,"tokens":0.0}, 0, 0.0, 0.0, "clock skew detected" -> **error:** Error: invalid capacity
- {"lastRefillMs":0.0,"penaltyUntilMs":0.0,"tokens":0.0}, 1, 1, 0.0, "clock skew detected" -> {"allowed":false,"newState":{"lastRefillMs":0,"penaltyUnt...
- {"lastRefillMs":0.0,"penaltyUntilMs":0.0,"tokens":0.0}, 0, 0.0, 0.0, "penaltyUntilMs" -> **error:** Error: invalid capacity
- {"lastRefillMs":0.0,"penaltyUntilMs":0.0,"tokens":0.0}, 1, 1, 0.0, "penaltyUntilMs" -> {"allowed":false,"newState":{"lastRefillMs":0,"penaltyUnt...
- {"lastRefillMs":0.0,"penaltyUntilMs":0.0,"tokens":0.0}, 0, 0.0, 0.0, "denied: penalty active" -> **error:** Error: invalid capacity
- {"lastRefillMs":0.0,"penaltyUntilMs":0.0,"tokens":0.0}, 1, 1, 0.0, "denied: penalty active" -> {"allowed":false,"newState":{"lastRefillMs":0,"penaltyUnt...
- {"lastRefillMs":0.0,"penaltyUntilMs":0.0,"tokens":0.0}, 0, 1000.0, 0.0, "" -> **error:** Error: invalid capacity
- {"lastRefillMs":0.0,"penaltyUntilMs":0.0,"tokens":0.0}, 0, 0.0, 1000.0, "" -> **error:** Error: invalid capacity
- {"lastRefillMs":0.0,"penaltyUntilMs":0.0,"tokens":0.0}, 1, 1, 1000.0, "" -> {"allowed":false,"newState":{"lastRefillMs":1000,"penalty...
- {"lastRefillMs":0.0,"penaltyUntilMs":0.0,"tokens":0.0}, 0, 0.0, 0.0, "min" -> **error:** Error: invalid capacity
- {"lastRefillMs":0.0,"penaltyUntilMs":0.0,"tokens":0.0}, 1, 1, 0.0, "min" -> {"allowed":false,"newState":{"lastRefillMs":0,"penaltyUnt...
- {"lastRefillMs":0.0,"penaltyUntilMs":0.0,"tokens":0.0}, 0, 0.0, 0.0, "tokens" -> **error:** Error: invalid capacity
- {"lastRefillMs":0.0,"penaltyUntilMs":0.0,"tokens":0.0}, 1, 1, 0.0, "tokens" -> {"allowed":false,"newState":{"lastRefillMs":0,"penaltyUnt...
- {"lastRefillMs":0.0,"penaltyUntilMs":0.0,"tokens":0.0}, 0, 0.0, 0.0, "denied: unknown priority" -> **error:** Error: invalid capacity

### `matchRoute`

- [], "length", "" -> {"message":"empty path","status":"error"}
- [], "", "length" -> {"message":"path must start with /","status":"error"}
- [], "", "/" -> {"message":"empty method","status":"error"}
- [], "error", "" -> {"message":"empty path","status":"error"}
- [], "", "error" -> {"message":"path must start with /","status":"error"}
- [], "empty path", "" -> {"message":"empty path","status":"error"}
- [], "", "empty path" -> {"message":"path must start with /","status":"error"}
- [], "startsWith", "" -> {"message":"empty path","status":"error"}
- [], "", "startsWith" -> {"message":"path must start with /","status":"error"}
- [], "/", "" -> {"message":"empty path","status":"error"}
- [], "path must start with /", "" -> {"message":"empty path","status":"error"}
- [], "", "path must start with /" -> {"message":"path must start with /","status":"error"}
- [], "empty method", "" -> {"message":"empty path","status":"error"}
- [], "", "empty method" -> {"message":"path must start with /","status":"error"}
- [], "not-found", "" -> {"message":"empty path","status":"error"}
- [], "", "not-found" -> {"message":"path must start with /","status":"error"}
- [], "endsWith", "" -> {"message":"empty path","status":"error"}
- [], "", "endsWith" -> {"message":"path must start with /","status":"error"}
- [], "slice", "" -> {"message":"empty path","status":"error"}
- [], "", "slice" -> {"message":"path must start with /","status":"error"}
- [], "filter", "" -> {"message":"empty path","status":"error"}
- [], "", "filter" -> {"message":"path must start with /","status":"error"}
- [], "split", "" -> {"message":"empty path","status":"error"}
- [], "", "split" -> {"message":"path must start with /","status":"error"}
- [], "toUpperCase", "" -> {"message":"empty path","status":"error"}
- [], "", "toUpperCase" -> {"message":"path must start with /","status":"error"}
- [], "pattern", "" -> {"message":"empty path","status":"error"}
- [], "", "pattern" -> {"message":"path must start with /","status":"error"}
- [], "*", "" -> {"message":"empty path","status":"error"}
- [], "", "*" -> {"message":"path must start with /","status":"error"}
- [], ":", "" -> {"message":"empty path","status":"error"}
- [], "", ":" -> {"message":"path must start with /","status":"error"}
- [], "method", "" -> {"message":"empty path","status":"error"}
- [], "", "method" -> {"message":"path must start with /","status":"error"}
- [], "wildcard", "" -> {"message":"empty path","status":"error"}
- [], "", "wildcard" -> {"message":"path must start with /","status":"error"}
- [], "join", "" -> {"message":"empty path","status":"error"}
- [], "", "join" -> {"message":"path must start with /","status":"error"}
- [], "matched", "" -> {"message":"empty path","status":"error"}
- [], "", "matched" -> {"message":"path must start with /","status":"error"}
- [], "handler", "" -> {"message":"empty path","status":"error"}
- [], "", "handler" -> {"message":"path must start with /","status":"error"}
- [], "method-not-allowed", "" -> {"message":"empty path","status":"error"}
- [], "", "method-not-allowed" -> {"message":"path must start with /","status":"error"}
- [], "", "" -> {"message":"empty path","status":"error"}
- [], "", "A" -> {"message":"path must start with /","status":"error"}

### `romanToInt`

- "length" -> **error:** Error: invalid roman numeral
- "" -> 0
- "toUpperCase" -> **error:** Error: invalid roman numeral
- "invalid roman numeral" -> **error:** Error: invalid roman numeral

### `satisfiesRange`

- "*", "" -> **error:** Error: invalid semver
- "", ">=" -> **error:** Error: invalid semver
- "", ">" -> **error:** Error: invalid semver
- "", "<=" -> **error:** Error: invalid semver
- "", "<" -> **error:** Error: invalid semver
- "", "^" -> **error:** Error: invalid semver
- "", "~" -> **error:** Error: invalid semver
- "", "*" -> true
- "x", "" -> **error:** Error: invalid semver
- "", "x" -> true
- "", "" -> **error:** Error: invalid semver
- "startsWith", "" -> **error:** Error: invalid semver
- "", "startsWith" -> **error:** Error: invalid semver
- ">=", "" -> **error:** Error: invalid semver
- "slice", "" -> **error:** Error: invalid semver
- "", "slice" -> **error:** Error: invalid semver
- ">", "" -> **error:** Error: invalid semver
- "<=", "" -> **error:** Error: invalid semver
- "<", "" -> **error:** Error: invalid semver
- "^", "" -> **error:** Error: invalid semver
- "~", "" -> **error:** Error: invalid semver
- "major", "" -> **error:** Error: invalid semver
- "", "major" -> **error:** Error: invalid semver
- "minor", "" -> **error:** Error: invalid semver
- "", "minor" -> **error:** Error: invalid semver
- "unknown range operator", "" -> **error:** Error: invalid semver
- "", "unknown range operator" -> **error:** Error: invalid semver
- "*", ">=" -> **error:** Error: invalid semver
- "*", ">A" -> **error:** Error: invalid semver
- "*", "<=" -> **error:** Error: invalid semver
- "*", "<A" -> **error:** Error: invalid semver
- "*", "^A" -> **error:** Error: invalid semver
- "*", "~A" -> **error:** Error: invalid semver
- "x", ">=" -> **error:** Error: invalid semver
- "x", ">A" -> **error:** Error: invalid semver
- "x", "<=" -> **error:** Error: invalid semver
- "x", "<A" -> **error:** Error: invalid semver
- "x", "^A" -> **error:** Error: invalid semver
- "x", "~A" -> **error:** Error: invalid semver
- "", ">A" -> **error:** Error: invalid semver
- "", "<A" -> **error:** Error: invalid semver
- "", "^A" -> **error:** Error: invalid semver
- "", "~A" -> **error:** Error: invalid semver
- "startsWith", ">=" -> **error:** Error: invalid semver
- "startsWith", ">A" -> **error:** Error: invalid semver
- "startsWith", "<=" -> **error:** Error: invalid semver
- "startsWith", "<A" -> **error:** Error: invalid semver
- "startsWith", "^A" -> **error:** Error: invalid semver
- "startsWith", "~A" -> **error:** Error: invalid semver
- ">=", ">=" -> **error:** Error: invalid semver
- ">=", ">A" -> **error:** Error: invalid semver
- ">=", "<=" -> **error:** Error: invalid semver
- ">=", "<A" -> **error:** Error: invalid semver
- ">=", "^A" -> **error:** Error: invalid semver
- ">=", "~A" -> **error:** Error: invalid semver
- "slice", ">=" -> **error:** Error: invalid semver
- "slice", ">A" -> **error:** Error: invalid semver
- "slice", "<=" -> **error:** Error: invalid semver
- "slice", "<A" -> **error:** Error: invalid semver
- "slice", "^A" -> **error:** Error: invalid semver
- "slice", "~A" -> **error:** Error: invalid semver
- ">", ">=" -> **error:** Error: invalid semver
- ">", ">A" -> **error:** Error: invalid semver
- ">", "<=" -> **error:** Error: invalid semver

### `validateEmail`

- "" -> {"reason":"empty","valid":false}

### `parseCron`

- "true" -> **error:** Error: expected 5 fields
- "" -> **error:** Error: empty expression
- "@" -> **error:** Error: unknown special
- "length" -> **error:** Error: expected 5 fields
- "empty expression" -> **error:** Error: expected 5 fields
- "startsWith" -> **error:** Error: expected 5 fields
- "toLowerCase" -> **error:** Error: expected 5 fields
- "unknown special" -> **error:** Error: expected 5 fields
- "split" -> **error:** Error: expected 5 fields
- "trim" -> **error:** Error: expected 5 fields
- "\\s+" -> **error:** Error: expected 5 fields
- "expected 5 fields" -> **error:** Error: expected 5 fields
- "values" -> **error:** Error: expected 5 fields
- "weekday" -> **error:** Error: expected 5 fields
- "map" -> **error:** Error: expected 5 fields
- "A" -> **error:** Error: expected 5 fields

### `classifyConfigs`

- ["length"] -> **error:** Error: ENOENT: no such file or directory, open 'length'
- {"length":1} -> **error:** TypeError: paths is not iterable
- ["no-comments"] -> **error:** Error: ENOENT: no such file or directory, open 'no-comments'
- ["utf-8"] -> **error:** Error: ENOENT: no such file or directory, open 'utf-8'
- ["startsWith"] -> **error:** Error: ENOENT: no such file or directory, open 'startsWith'
- ["#"] -> **error:** Error: ENOENT: no such file or directory, open '#'
- ["all-comments"] -> **error:** Error: ENOENT: no such file or directory, open 'all-comments'
- ["mixed"] -> **error:** Error: ENOENT: no such file or directory, open 'mixed'

### `negotiateLanguage`

- "length", [] -> {"matchedRange":null,"quality":0,"reason":"no-supported",...
- "length", {"length":1} -> **error:** TypeError: supported.map is not a function
- "", ["length"] -> {"matchedRange":null,"quality":1,"reason":"default","sele...
- "no-supported", [] -> {"matchedRange":null,"quality":0,"reason":"no-supported",...
- "", ["no-supported"] -> {"matchedRange":null,"quality":1,"reason":"default","sele...
- "map", [] -> {"matchedRange":null,"quality":0,"reason":"no-supported",...
- "", ["map"] -> {"matchedRange":null,"quality":1,"reason":"default","sele...
- "toLowerCase", [] -> {"matchedRange":null,"quality":0,"reason":"no-supported",...
- "", ["toLowerCase"] -> {"matchedRange":null,"quality":1,"reason":"default","sele...
- "trim", [] -> {"matchedRange":null,"quality":0,"reason":"no-supported",...
- "", ["trim"] -> {"matchedRange":null,"quality":1,"reason":"default","sele...
- "default", [] -> {"matchedRange":null,"quality":0,"reason":"no-supported",...
- "", ["default"] -> {"matchedRange":null,"quality":1,"reason":"default","sele...
- "filter", [] -> {"matchedRange":null,"quality":0,"reason":"no-supported",...
- "", ["filter"] -> {"matchedRange":null,"quality":1,"reason":"default","sele...
- "split", [] -> {"matchedRange":null,"quality":0,"reason":"no-supported",...
- "", ["split"] -> {"matchedRange":null,"quality":1,"reason":"default","sele...
- ",", [] -> {"matchedRange":null,"quality":0,"reason":"no-supported",...
- "", [","] -> {"matchedRange":null,"quality":1,"reason":"default","sele...
- "q", [] -> {"matchedRange":null,"quality":0,"reason":"no-supported",...
- "", ["q"] -> {"matchedRange":null,"quality":1,"reason":"default","sele...
- "tag", [] -> {"matchedRange":null,"quality":0,"reason":"no-supported",...
- "", ["tag"] -> {"matchedRange":null,"quality":1,"reason":"default","sele...
- "*", [] -> {"matchedRange":null,"quality":0,"reason":"no-supported",...
- "", ["*"] -> {"matchedRange":null,"quality":1,"reason":"default","sele...
- "wildcard", [] -> {"matchedRange":null,"quality":0,"reason":"no-supported",...
- "", ["wildcard"] -> {"matchedRange":null,"quality":1,"reason":"default","sele...
- "exact", [] -> {"matchedRange":null,"quality":0,"reason":"no-supported",...
- "", ["exact"] -> {"matchedRange":null,"quality":1,"reason":"default","sele...
- "slice", [] -> {"matchedRange":null,"quality":0,"reason":"no-supported",...
- "", ["slice"] -> {"matchedRange":null,"quality":1,"reason":"default","sele...
- "primary", [] -> {"matchedRange":null,"quality":0,"reason":"no-supported",...
- "", ["primary"] -> {"matchedRange":null,"quality":1,"reason":"default","sele...
- "prefix", [] -> {"matchedRange":null,"quality":0,"reason":"no-supported",...
- "", ["prefix"] -> {"matchedRange":null,"quality":1,"reason":"default","sele...
- "region", [] -> {"matchedRange":null,"quality":0,"reason":"no-supported",...
- "", ["region"] -> {"matchedRange":null,"quality":1,"reason":"default","sele...
- "fallback", [] -> {"matchedRange":null,"quality":0,"reason":"no-supported",...
- "", ["fallback"] -> {"matchedRange":null,"quality":1,"reason":"default","sele...
- "no-match", [] -> {"matchedRange":null,"quality":0,"reason":"no-supported",...
- "", ["no-match"] -> {"matchedRange":null,"quality":1,"reason":"default","sele...
- "", {"length":0} -> {"matchedRange":null,"quality":0,"reason":"no-supported",...
- "no-supported", {"length":1} -> **error:** TypeError: supported.map is not a function
- "map", {"length":1} -> **error:** TypeError: supported.map is not a function
- "toLowerCase", {"length":1} -> **error:** TypeError: supported.map is not a function
- "trim", {"length":1} -> **error:** TypeError: supported.map is not a function
- "default", {"length":1} -> **error:** TypeError: supported.map is not a function
- "filter", {"length":1} -> **error:** TypeError: supported.map is not a function
- "split", {"length":1} -> **error:** TypeError: supported.map is not a function
- ",", {"length":1} -> **error:** TypeError: supported.map is not a function
- "q", {"length":1} -> **error:** TypeError: supported.map is not a function
- "tag", {"length":1} -> **error:** TypeError: supported.map is not a function
- "*", {"length":1} -> **error:** TypeError: supported.map is not a function
- "wildcard", {"length":1} -> **error:** TypeError: supported.map is not a function
- "exact", {"length":1} -> **error:** TypeError: supported.map is not a function
- "slice", {"length":1} -> **error:** TypeError: supported.map is not a function
- "primary", {"length":1} -> **error:** TypeError: supported.map is not a function
- "prefix", {"length":1} -> **error:** TypeError: supported.map is not a function
- "region", {"length":1} -> **error:** TypeError: supported.map is not a function
- "fallback", {"length":1} -> **error:** TypeError: supported.map is not a function
- "no-match", {"length":1} -> **error:** TypeError: supported.map is not a function
- "", {"length":1} -> **error:** TypeError: supported.map is not a function

### `evaluateRobotsPolicy`

- "length", "", "" -> {"allowed":false,"crawlDelay":null,"matchedDirective":nul...
- "", "length", "" -> {"allowed":false,"crawlDelay":null,"matchedDirective":nul...
- "", "", "length" -> {"allowed":false,"crawlDelay":null,"matchedDirective":nul...
- "missing-user-agent", "", "" -> {"allowed":false,"crawlDelay":null,"matchedDirective":nul...
- "", "missing-user-agent", "" -> {"allowed":false,"crawlDelay":null,"matchedDirective":nul...
- "", "", "missing-user-agent" -> {"allowed":false,"crawlDelay":null,"matchedDirective":nul...
- "charAt", "", "" -> {"allowed":false,"crawlDelay":null,"matchedDirective":nul...
- "", "charAt", "" -> {"allowed":false,"crawlDelay":null,"matchedDirective":nul...
- "", "", "charAt" -> {"allowed":false,"crawlDelay":null,"matchedDirective":nul...
- "/", "", "" -> {"allowed":false,"crawlDelay":null,"matchedDirective":nul...
- "", "/", "" -> {"allowed":false,"crawlDelay":null,"matchedDirective":nul...
- "", "", "/" -> {"allowed":false,"crawlDelay":null,"matchedDirective":nul...
- "invalid-path", "", "" -> {"allowed":false,"crawlDelay":null,"matchedDirective":nul...
- "", "invalid-path", "" -> {"allowed":false,"crawlDelay":null,"matchedDirective":nul...
- "", "", "invalid-path" -> {"allowed":false,"crawlDelay":null,"matchedDirective":nul...
- "filter", "", "" -> {"allowed":false,"crawlDelay":null,"matchedDirective":nul...
- "", "filter", "" -> {"allowed":false,"crawlDelay":null,"matchedDirective":nul...
- "", "", "filter" -> {"allowed":false,"crawlDelay":null,"matchedDirective":nul...
- "indexOf", "", "" -> {"allowed":false,"crawlDelay":null,"matchedDirective":nul...
- "", "indexOf", "" -> {"allowed":false,"crawlDelay":null,"matchedDirective":nul...
- "", "", "indexOf" -> {"allowed":false,"crawlDelay":null,"matchedDirective":nul...
- "agents", "", "" -> {"allowed":false,"crawlDelay":null,"matchedDirective":nul...
- "", "agents", "" -> {"allowed":false,"crawlDelay":null,"matchedDirective":nul...
- "", "", "agents" -> {"allowed":false,"crawlDelay":null,"matchedDirective":nul...
- "*", "", "" -> {"allowed":false,"crawlDelay":null,"matchedDirective":nul...
- "", "*", "" -> {"allowed":false,"crawlDelay":null,"matchedDirective":nul...
- "", "", "*" -> {"allowed":false,"crawlDelay":null,"matchedDirective":nul...
- "no-group", "", "" -> {"allowed":false,"crawlDelay":null,"matchedDirective":nul...
- "", "no-group", "" -> {"allowed":false,"crawlDelay":null,"matchedDirective":nul...
- "", "", "no-group" -> {"allowed":false,"crawlDelay":null,"matchedDirective":nul...
- "crawlDelay", "", "" -> {"allowed":false,"crawlDelay":null,"matchedDirective":nul...
- "", "crawlDelay", "" -> {"allowed":false,"crawlDelay":null,"matchedDirective":nul...
- "", "", "crawlDelay" -> {"allowed":false,"crawlDelay":null,"matchedDirective":nul...
- "rules", "", "" -> {"allowed":false,"crawlDelay":null,"matchedDirective":nul...
- "", "rules", "" -> {"allowed":false,"crawlDelay":null,"matchedDirective":nul...
- "", "", "rules" -> {"allowed":false,"crawlDelay":null,"matchedDirective":nul...
- "pattern", "", "" -> {"allowed":false,"crawlDelay":null,"matchedDirective":nul...
- "", "pattern", "" -> {"allowed":false,"crawlDelay":null,"matchedDirective":nul...
- "", "", "pattern" -> {"allowed":false,"crawlDelay":null,"matchedDirective":nul...
- "directive", "", "" -> {"allowed":false,"crawlDelay":null,"matchedDirective":nul...
- "", "directive", "" -> {"allowed":false,"crawlDelay":null,"matchedDirective":nul...
- "", "", "directive" -> {"allowed":false,"crawlDelay":null,"matchedDirective":nul...
- "allow", "", "" -> {"allowed":false,"crawlDelay":null,"matchedDirective":nul...
- "", "allow", "" -> {"allowed":false,"crawlDelay":null,"matchedDirective":nul...
- "", "", "allow" -> {"allowed":false,"crawlDelay":null,"matchedDirective":nul...
- "disallow", "", "" -> {"allowed":false,"crawlDelay":null,"matchedDirective":nul...
- "", "disallow", "" -> {"allowed":false,"crawlDelay":null,"matchedDirective":nul...
- "", "", "disallow" -> {"allowed":false,"crawlDelay":null,"matchedDirective":nul...
- "no-rule", "", "" -> {"allowed":false,"crawlDelay":null,"matchedDirective":nul...
- "", "no-rule", "" -> {"allowed":false,"crawlDelay":null,"matchedDirective":nul...
- "", "", "no-rule" -> {"allowed":false,"crawlDelay":null,"matchedDirective":nul...
- "http", "", "" -> {"allowed":false,"crawlDelay":null,"matchedDirective":nul...
- "", "", "" -> {"allowed":false,"crawlDelay":null,"matchedDirective":nul...
- " ", "", "" -> {"allowed":false,"crawlDelay":null,"matchedDirective":nul...
- "a", "", "" -> {"allowed":false,"crawlDelay":null,"matchedDirective":nul...
- "@", "", "" -> {"allowed":false,"crawlDelay":null,"matchedDirective":nul...
- "trim", "", "" -> {"allowed":false,"crawlDelay":null,"matchedDirective":nul...
- "text/", "", "" -> {"allowed":false,"crawlDelay":null,"matchedDirective":nul...
- "ab", "", "" -> {"allowed":false,"crawlDelay":null,"matchedDirective":nul...
- "aaaaaaaaaaaaaaaaaaaaaaaaaaaaaaaaaaaaaaaaaaaaaaaaaaaaaaaa..., "", "" -> {"allowed":false,"crawlDelay":null,"matchedDirective":nul...
- "empty", "", "" -> {"allowed":false,"crawlDelay":null,"matchedDirective":nul...
- "\t", "", "" -> {"allowed":false,"crawlDelay":null,"matchedDirective":nul...
- "\n", "", "" -> {"allowed":false,"crawlDelay":null,"matchedDirective":nul...
- "application/json", "", "" -> {"allowed":false,"crawlDelay":null,"matchedDirective":nul...
- "A", "", "" -> {"allowed":false,"crawlDelay":null,"matchedDirective":nul...
- "\r\n", "", "" -> {"allowed":false,"crawlDelay":null,"matchedDirective":nul...
- "\u0000", "", "" -> {"allowed":false,"crawlDelay":null,"matchedDirective":nul...
- "a\u0000b", "", "" -> {"allowed":false,"crawlDelay":null,"matchedDirective":nul...
- "\u001b[31m", "", "" -> {"allowed":false,"crawlDelay":null,"matchedDirective":nul...
- "é", "", "" -> {"allowed":false,"crawlDelay":null,"matchedDirective":nul...
- "日本語", "", "" -> {"allowed":false,"crawlDelay":null,"matchedDirective":nul...
- "izjpjhmpjobknji", "", "/tmp/data/report.csv" -> {"allowed":false,"crawlDelay":null,"matchedDirective":nul...
- "🎉", "", "" -> {"allowed":false,"crawlDelay":null,"matchedDirective":nul...
- "true", "", "" -> {"allowed":false,"crawlDelay":null,"matchedDirective":nul...
- "", " ", "/tmp/data/report.csv" -> {"allowed":false,"crawlDelay":null,"matchedDirective":nul...
- "single-char", "", "" -> {"allowed":false,"crawlDelay":null,"matchedDirective":nul...
- "false", "", "" -> {"allowed":false,"crawlDelay":null,"matchedDirective":nul...
- "null", "", "" -> {"allowed":false,"crawlDelay":null,"matchedDirective":nul...
- "-", "", "" -> {"allowed":false,"crawlDelay":null,"matchedDirective":nul...
- "", "nnvhzmly", "/tmp/data/report.csv" -> {"allowed":true,"crawlDelay":null,"matchedDirective":null...
- "0", "", "" -> {"allowed":false,"crawlDelay":null,"matchedDirective":nul...
- "-1", "", "" -> {"allowed":false,"crawlDelay":null,"matchedDirective":nul...
- "", "null", "/tmp/data/report.csv" -> {"allowed":true,"crawlDelay":null,"matchedDirective":null...
- "<script>", "", "" -> {"allowed":false,"crawlDelay":null,"matchedDirective":nul...
- "'; DROP TABLE", "", "" -> {"allowed":false,"crawlDelay":null,"matchedDirective":nul...

### `classifySecret`

- {"__complex_type":"buffer","encoding":"base64","value":"S... -> **error:** Error: error:1C80006B:Provider routines::wrong final block length
- {"__complex_type":"buffer","encoding":"base64","value":"A... -> **error:** Error: error:1C80006B:Provider routines::wrong final block length
- {"__complex_type":"buffer","encoding":"base64","value":"A... -> **error:** Error: error:1C80006B:Provider routines::wrong final block length
- {"__complex_type":"buffer","encoding":"base64","value":"/... -> **error:** Error: error:1C80006B:Provider routines::wrong final block length
- {"__complex_type":"buffer","encoding":"base64","value":""} -> **error:** Error: error:1C80006B:Provider routines::wrong final block length

## Failed Functions

- `compareMagnitudes` (/tmp/shatter-examples.e644oibi/standalone/ts/01-arithmetic.ts): timed out during task after 65s
- `classifyString` (/tmp/shatter-examples.e644oibi/standalone/ts/02-strings.ts): timed out during task after 65s
- `describeRectangle` (/tmp/shatter-examples.e644oibi/standalone/ts/03-objects.ts): timed out during task after 65s
- `safeDivide` (/tmp/shatter-examples.e644oibi/standalone/ts/04-errors.ts): timed out during task after 65s
- `computeArea` (/tmp/shatter-examples.e644oibi/standalone/ts/05-unions.ts): timed out during task after 65s
- `processStateMachine` (/tmp/shatter-examples.e644oibi/standalone/ts/06-nested-control-flow.ts): timed out during task after 65s
- `authorizeRequest` (/tmp/shatter-examples.e644oibi/standalone/ts/07-auth-validation.ts): timed out during task after 65s
- `resolveMiddleware` (/tmp/shatter-examples.e644oibi/standalone/ts/10-path-router.ts): timed out during task after 65s
- `compoundAnd` (/tmp/shatter-examples.e644oibi/standalone/ts/13-mcdc-compound.ts): timed out during task after 65s
- `threeWayAnd` (/tmp/shatter-examples.e644oibi/standalone/ts/13-mcdc-compound.ts): timed out during task after 65s
- `intToRoman` (/tmp/shatter-examples.e644oibi/standalone/ts/13-roman-numerals.ts): timed out during task after 65s
- `parseSemver` (/tmp/shatter-examples.e644oibi/standalone/ts/14-semver.ts): timed out during task after 65s
- `classifyStatus` (/tmp/shatter-examples.e644oibi/standalone/ts/17-mock-branches.ts): timed out during task after 65s
- `loadOrDefault` (/tmp/shatter-examples.e644oibi/standalone/ts/17-mock-branches.ts): timed out during task after 65s
- `parseDotenv` (/tmp/shatter-examples.e644oibi/standalone/ts/20-dotenv-parser.ts): timed out during task after 65s
- `encrypt` (/tmp/shatter-examples.e644oibi/standalone/ts/21-crypto-boundary.ts): timed out during task after 65s
- `classifyWithChecksum` (/tmp/shatter-examples.e644oibi/standalone/ts/22-opaque-predicate.ts): timed out during task after 65s

## Skipped (Unsupported)

- `mergeConfig`: param "base" → ConfigObject (interface with no implementors — no concrete implementation visible in scope); param "override" → ConfigObject (interface with no implementors — no concrete implementation visible in scope)
- `transformRecord`: param "record" → RawRecord (interface with no implementors — no concrete implementation visible in scope)


  Wall time: 1m 10.02s



━━━━━━━━━━━━━━━━━━━━━━━━━━━━━━━━━━━━━━━━━━━━━━━━━━
  Step 20/60 · Parallel Explore
  Explore multiple functions in parallel using --workers (limits concurrency)
━━━━━━━━━━━━━━━━━━━━━━━━━━━━━━━━━━━━━━━━━━━━━━━━━━

$ /home/ketan/.local/share/worktrees/shatter/audit-2026-09-22/target/debug/shatter explore --max-iterations 20 --timeout-explore 15 --workers 2 /tmp/shatter-examples.e644oibi/standalone/ts/01-arithmetic.ts:classifyNumber /tmp/shatter-examples.e644oibi/standalone/ts/02-strings.ts:classifyString /tmp/shatter-examples.e644oibi/standalone/ts/03-objects.ts:categorizeUser /tmp/shatter-examples.e644oibi/standalone/ts/04-errors.ts:safeDivide /tmp/shatter-examples.e644oibi/standalone/ts/18-accept-language.ts:negotiateLanguage

[info] Spawned 1 frontend session(s) for 5 target(s) (2 parallel worker(s))
# Shatter Explore

[info] Found prior explore summary for /tmp/shatter-examples.e644oibi/standalone/ts/01-arithmetic.ts (1 completed, 0 failed)
[info] [resumed] classifyNumber: 3 branches, 1.7s (prior run)
[info] Resumed 1/1 function(s) from prior artifacts for /tmp/shatter-examples.e644oibi/standalone/ts/01-arithmetic.ts
[info] Found prior explore summary for /tmp/shatter-examples.e644oibi/standalone/ts/02-strings.ts (1 completed, 0 failed)
[info] [resumed] classifyString: 5 branches, 2.0s (prior run)
[info] Resumed 1/1 function(s) from prior artifacts for /tmp/shatter-examples.e644oibi/standalone/ts/02-strings.ts
[info] Found prior explore summary for /tmp/shatter-examples.e644oibi/standalone/ts/03-objects.ts (1 completed, 0 failed)
[info] [resumed] categorizeUser: 3 branches, 1.9s (prior run)
[info] Resumed 1/1 function(s) from prior artifacts for /tmp/shatter-examples.e644oibi/standalone/ts/03-objects.ts
[info] Found prior explore summary for /tmp/shatter-examples.e644oibi/standalone/ts/04-errors.ts (1 completed, 0 failed)
[info] [resumed] safeDivide: 3 branches, 1.6s (prior run)
[info] Resumed 1/1 function(s) from prior artifacts for /tmp/shatter-examples.e644oibi/standalone/ts/04-errors.ts
[info] Found prior explore summary for /tmp/shatter-examples.e644oibi/standalone/ts/18-accept-language.ts (1 completed, 0 failed)
[info] [resumed] negotiateLanguage: 2 branches, 1.7s (prior run)
[info] Resumed 1/1 function(s) from prior artifacts for /tmp/shatter-examples.e644oibi/standalone/ts/18-accept-language.ts
[info] Resumed 5 function(s) from prior explore artifacts
[info] Wrote explore artifact for classifyNumber -> /tmp/shatter-demo-artifacts.lLIgEc/explore-results/tmp_shatter-examples.e644oibi_standalone_ts_01-arithmetic.ts/00010_classifyNumber.json
## `classifyNumber` *(/tmp/shatter-examples.e644oibi/standalone/ts/01-arithmetic.ts:10-21)*

**4 path(s)** · **100%** coverage (7/7 lines)

| # | Call | Outcome |
|---|---|---|
| 1 | `classifyNumber(0)` | returns `"zero"` |
| 2 | `classifyNumber(-1)` | returns `"negative"` |
| 3 | `classifyNumber(2)` | returns `"positive-even"` |
| 4 | `classifyNumber(1)` | returns `"positive-odd"` |

[info] Wrote explore artifact for classifyString -> /tmp/shatter-demo-artifacts.lLIgEc/explore-results/tmp_shatter-examples.e644oibi_standalone_ts_02-strings.ts/00012_classifyString.json
## `classifyString` *(/tmp/shatter-examples.e644oibi/standalone/ts/02-strings.ts:12-29)*

**4 path(s)** · **82%** coverage (9/11 lines)

| # | Call | Outcome |
|---|---|---|
| 1 | `classifyString("length")` | returns `"text"` |
| 2 | `classifyString("")` | returns `"empty"` |
| 3 | `classifyString("http")` | returns `"url"` |
| 4 | `classifyString("@")` | returns `"single-char"` |

[info] Wrote explore artifact for categorizeUser -> /tmp/shatter-demo-artifacts.lLIgEc/explore-results/tmp_shatter-examples.e644oibi_standalone_ts_03-objects.ts/00019_categorizeUser.json
## `categorizeUser` *(/tmp/shatter-examples.e644oibi/standalone/ts/03-objects.ts:19-36)*

**3 path(s)** · **55%** coverage (6/11 lines)

| # | Call | Outcome |
|---|---|---|
| 1 | `categorizeUser({"age":0.0,"isVerified":false,"name":...)` | returns `"child"` |
| 2 | `categorizeUser({"age":-1,"isVerified":false,"name":"...)` | throws `Error: invalid age` |
| 3 | `categorizeUser({"age":13,"isVerified":false,"name":"...)` | returns `"teen"` |

[info] Wrote explore artifact for safeDivide -> /tmp/shatter-demo-artifacts.lLIgEc/explore-results/tmp_shatter-examples.e644oibi_standalone_ts_04-errors.ts/00010_safeDivide.json
## `safeDivide` *(/tmp/shatter-examples.e644oibi/standalone/ts/04-errors.ts:10-22)*

**2 path(s)** · **75%** coverage (6/8 lines)

| # | Call | Outcome |
|---|---|---|
| 1 | `safeDivide(0.0, 0.0)` | throws `Error: division by zero` |
| 2 | `safeDivide(0.0, 1)` | returns `0` |

[info] Wrote explore artifact for negotiateLanguage -> /tmp/shatter-demo-artifacts.lLIgEc/explore-results/tmp_shatter-examples.e644oibi_standalone_ts_18-accept-language.ts/00095_negotiateLanguage.json
## `negotiateLanguage` *(/tmp/shatter-examples.e644oibi/standalone/ts/18-accept-language.ts:95-180)*

**3 path(s)** · **18%** coverage (5/28 lines)

| # | Call | Outcome |
|---|---|---|
| 1 | `negotiateLanguage("length", [])` | returns `{"matchedRange":null,"quality":0,"rea...` |
| 2 | `negotiateLanguage("length", {"length":1})` | throws `TypeError: supported.map is not a function` |
| 3 | `negotiateLanguage("", ["length"])` | returns `{"matchedRange":null,"quality":1,"rea...` |


---

**Summary:** 16 path(s) across 5 function(s) · **51%** coverage (33/65 lines)

  Wall time: 1.34s



━━━━━━━━━━━━━━━━━━━━━━━━━━━━━━━━━━━━━━━━━━━━━━━━━━
  Step 21/60 · Execution Timeout
  Configure per-execution timeout passed to frontends
━━━━━━━━━━━━━━━━━━━━━━━━━━━━━━━━━━━━━━━━━━━━━━━━━━

$ /home/ketan/.local/share/worktrees/shatter/audit-2026-09-22/target/debug/shatter explore --max-iterations 20 --timeout-explore 15 --exec-timeout 5 --build-timeout 20 /tmp/shatter-examples.e644oibi/standalone/ts/01-arithmetic.ts:classifyNumber

[info] Spawned 1 frontend session(s) for 1 target(s) (16 parallel worker(s))
# Shatter Explore

[info] Found prior explore summary for /tmp/shatter-examples.e644oibi/standalone/ts/01-arithmetic.ts (1 completed, 0 failed)
[info] [resumed] classifyNumber: 3 branches, 1.7s (prior run)
[info] Resumed 1/1 function(s) from prior artifacts for /tmp/shatter-examples.e644oibi/standalone/ts/01-arithmetic.ts
[info] Resumed 1 function(s) from prior explore artifacts
[info] Wrote explore artifact for classifyNumber -> /tmp/shatter-demo-artifacts.lLIgEc/explore-results/tmp_shatter-examples.e644oibi_standalone_ts_01-arithmetic.ts/00010_classifyNumber.json
## `classifyNumber` *(/tmp/shatter-examples.e644oibi/standalone/ts/01-arithmetic.ts:10-21)*

**4 path(s)** · **100%** coverage (7/7 lines)

| # | Call | Outcome |
|---|---|---|
| 1 | `classifyNumber(0)` | returns `"zero"` |
| 2 | `classifyNumber(-1)` | returns `"negative"` |
| 3 | `classifyNumber(2)` | returns `"positive-even"` |
| 4 | `classifyNumber(1)` | returns `"positive-odd"` |


---

**Summary:** 4 path(s) across 1 function(s) · **100%** coverage (7/7 lines)

  Wall time: 0.81s



━━━━━━━━━━━━━━━━━━━━━━━━━━━━━━━━━━━━━━━━━━━━━━━━━━
  Step 22/60 · Go Execution Timeout
  Configurable timeouts also apply to the Go frontend
━━━━━━━━━━━━━━━━━━━━━━━━━━━━━━━━━━━━━━━━━━━━━━━━━━

$ /home/ketan/.local/share/worktrees/shatter/audit-2026-09-22/target/debug/shatter explore --max-iterations 3 --timeout-explore 25 --exec-timeout 8 /tmp/shatter-examples.e644oibi/standalone/go/01-arithmetic.go:ClassifyNumber

[info] Spawned 1 frontend session(s) for 1 target(s) (16 parallel worker(s))
# Shatter Explore

[info] Found prior explore summary for /tmp/shatter-examples.e644oibi/standalone/go/01-arithmetic.go (1 completed, 0 failed)
[info] [resumed] ClassifyNumber: 3 branches, 0.8s (prior run)
[info] Resumed 1/1 function(s) from prior artifacts for /tmp/shatter-examples.e644oibi/standalone/go/01-arithmetic.go
[info] Resumed 1 function(s) from prior explore artifacts
[info] Wrote explore artifact for ClassifyNumber -> /tmp/shatter-demo-artifacts.lLIgEc/explore-results/tmp_shatter-examples.e644oibi_standalone_go_01-arithmetic.go/00019_ClassifyNumber.json
## `ClassifyNumber` *(/tmp/shatter-examples.e644oibi/standalone/go/01-arithmetic.go:19-30)*

**3 path(s)** · **86%** coverage (6/7 lines)

| # | Call | Outcome |
|---|---|---|
| 1 | `ClassifyNumber(0)` | returns `"zero"` |
| 2 | `ClassifyNumber(-1)` | returns `"negative"` |
| 3 | `ClassifyNumber(1)` | returns `"positive-odd"` |


---

**Summary:** 3 path(s) across 1 function(s) · **86%** coverage (6/7 lines)

  Wall time: 0.32s



━━━━━━━━━━━━━━━━━━━━━━━━━━━━━━━━━━━━━━━━━━━━━━━━━━
  Step 23/60 · Scan Total Timeout
  Bound overall scan wall-clock time with --timeout-total
━━━━━━━━━━━━━━━━━━━━━━━━━━━━━━━━━━━━━━━━━━━━━━━━━━

$ /home/ketan/.local/share/worktrees/shatter/audit-2026-09-22/target/debug/shatter scan --timeout-total 120 --timeout-per-fn 30 /tmp/shatter-examples.e644oibi/standalone/ts

[info] Discovered 26 source file(s) in /tmp/shatter-examples.e644oibi/standalone/ts
[info] Omitting 21 unexported function(s) by default; re-run with --all to include them
[info] Skipped 2 function(s) (unexecutable parameter types):
[info]   mergeConfig: param "base" → ConfigObject (interface with no implementors — no concrete implementation visible in scope); param "override" → ConfigObject (interface with no implementors — no concrete implementation visible in scope)
[info]   transformRecord: param "record" → RawRecord (interface with no implementors — no concrete implementation visible in scope)
[info] Scanning 35 function(s) in dependency order...
[info] Wrote scan artifact for /tmp/shatter-examples.e644oibi/standalone/ts/01-arithmetic.ts::classifyNumber -> /tmp/shatter-demo-artifacts.lLIgEc/scan-results/1440be0e6582b99c6a8bdbcae7b65d2f0bd411ba16360737a742453c63672b62/functions/00001_tmp_shatter-examples.e644oibi_standalone_ts_01-arithmetic.ts__classifyNumber.json
[info] Wrote scan artifact for /tmp/shatter-examples.e644oibi/standalone/ts/17-mock-branches.ts::classifyConfigs -> /tmp/shatter-demo-artifacts.lLIgEc/scan-results/1440be0e6582b99c6a8bdbcae7b65d2f0bd411ba16360737a742453c63672b62/functions/00027_tmp_shatter-examples.e644oibi_standalone_ts_17-mock-branches.ts__classifyConfigs.json
[info] Wrote scan artifact for /tmp/shatter-examples.e644oibi/standalone/ts/13-roman-numerals.ts::romanToInt -> /tmp/shatter-demo-artifacts.lLIgEc/scan-results/1440be0e6582b99c6a8bdbcae7b65d2f0bd411ba16360737a742453c63672b62/functions/00022_tmp_shatter-examples.e644oibi_standalone_ts_13-roman-numerals.ts__romanToInt.json
[info] Wrote scan artifact for /tmp/shatter-examples.e644oibi/standalone/ts/13-mcdc-compound.ts::compoundAnd -> /tmp/shatter-demo-artifacts.lLIgEc/scan-results/1440be0e6582b99c6a8bdbcae7b65d2f0bd411ba16360737a742453c63672b62/functions/00018_tmp_shatter-examples.e644oibi_standalone_ts_13-mcdc-compound.ts__compoundAnd.json
[info] Wrote scan artifact for /tmp/shatter-examples.e644oibi/standalone/ts/14-semver.ts::parseSemver -> /tmp/shatter-demo-artifacts.lLIgEc/scan-results/1440be0e6582b99c6a8bdbcae7b65d2f0bd411ba16360737a742453c63672b62/functions/00023_tmp_shatter-examples.e644oibi_standalone_ts_14-semver.ts__parseSemver.json
[info] Wrote scan artifact for /tmp/shatter-examples.e644oibi/standalone/ts/19-robots-policy.ts::evaluateRobotsPolicy -> /tmp/shatter-demo-artifacts.lLIgEc/scan-results/1440be0e6582b99c6a8bdbcae7b65d2f0bd411ba16360737a742453c63672b62/functions/00031_tmp_shatter-examples.e644oibi_standalone_ts_19-robots-policy.ts__evaluateRobotsPolicy.json
[info] Wrote scan artifact for /tmp/shatter-examples.e644oibi/standalone/ts/21-crypto-boundary.ts::classifySecret -> /tmp/shatter-demo-artifacts.lLIgEc/scan-results/1440be0e6582b99c6a8bdbcae7b65d2f0bd411ba16360737a742453c63672b62/functions/00033_tmp_shatter-examples.e644oibi_standalone_ts_21-crypto-boundary.ts__classifySecret.json
[info] Wrote scan artifact for /tmp/shatter-examples.e644oibi/standalone/ts/05-unions.ts::computeArea -> /tmp/shatter-demo-artifacts.lLIgEc/scan-results/1440be0e6582b99c6a8bdbcae7b65d2f0bd411ba16360737a742453c63672b62/functions/00009_tmp_shatter-examples.e644oibi_standalone_ts_05-unions.ts__computeArea.json
[info] Wrote scan artifact for /tmp/shatter-examples.e644oibi/standalone/ts/20-dotenv-parser.ts::parseDotenv -> /tmp/shatter-demo-artifacts.lLIgEc/scan-results/1440be0e6582b99c6a8bdbcae7b65d2f0bd411ba16360737a742453c63672b62/functions/00032_tmp_shatter-examples.e644oibi_standalone_ts_20-dotenv-parser.ts__parseDotenv.json
[info] Wrote scan artifact for /tmp/shatter-examples.e644oibi/standalone/ts/18-accept-language.ts::negotiateLanguage -> /tmp/shatter-demo-artifacts.lLIgEc/scan-results/1440be0e6582b99c6a8bdbcae7b65d2f0bd411ba16360737a742453c63672b62/functions/00030_tmp_shatter-examples.e644oibi_standalone_ts_18-accept-language.ts__negotiateLanguage.json
[info] Wrote scan artifact for /tmp/shatter-examples.e644oibi/standalone/ts/15-email-validator.ts::validateEmail -> /tmp/shatter-demo-artifacts.lLIgEc/scan-results/1440be0e6582b99c6a8bdbcae7b65d2f0bd411ba16360737a742453c63672b62/functions/00025_tmp_shatter-examples.e644oibi_standalone_ts_15-email-validator.ts__validateEmail.json
[info] Wrote scan artifact for /tmp/shatter-examples.e644oibi/standalone/ts/16-cron-parser.ts::parseCron -> /tmp/shatter-demo-artifacts.lLIgEc/scan-results/1440be0e6582b99c6a8bdbcae7b65d2f0bd411ba16360737a742453c63672b62/functions/00026_tmp_shatter-examples.e644oibi_standalone_ts_16-cron-parser.ts__parseCron.json
[info] Wrote scan artifact for /tmp/shatter-examples.e644oibi/standalone/ts/17-mock-branches.ts::classifyStatus -> /tmp/shatter-demo-artifacts.lLIgEc/scan-results/1440be0e6582b99c6a8bdbcae7b65d2f0bd411ba16360737a742453c63672b62/functions/00028_tmp_shatter-examples.e644oibi_standalone_ts_17-mock-branches.ts__classifyStatus.json
[info] Wrote scan artifact for /tmp/shatter-examples.e644oibi/standalone/ts/04-errors.ts::computeStats -> /tmp/shatter-demo-artifacts.lLIgEc/scan-results/1440be0e6582b99c6a8bdbcae7b65d2f0bd411ba16360737a742453c63672b62/functions/00007_tmp_shatter-examples.e644oibi_standalone_ts_04-errors.ts__computeStats.json
[info] Wrote scan artifact for /tmp/shatter-examples.e644oibi/standalone/ts/07-auth-validation.ts::authorizeRequest -> /tmp/shatter-demo-artifacts.lLIgEc/scan-results/1440be0e6582b99c6a8bdbcae7b65d2f0bd411ba16360737a742453c63672b62/functions/00013_tmp_shatter-examples.e644oibi_standalone_ts_07-auth-validation.ts__authorizeRequest.json
[info] Wrote scan artifact for /tmp/shatter-examples.e644oibi/standalone/ts/02-strings.ts::classifyString -> /tmp/shatter-demo-artifacts.lLIgEc/scan-results/1440be0e6582b99c6a8bdbcae7b65d2f0bd411ba16360737a742453c63672b62/functions/00003_tmp_shatter-examples.e644oibi_standalone_ts_02-strings.ts__classifyString.json
[info] Wrote scan artifact for /tmp/shatter-examples.e644oibi/standalone/ts/22-opaque-predicate.ts::classifyWithChecksum -> /tmp/shatter-demo-artifacts.lLIgEc/scan-results/1440be0e6582b99c6a8bdbcae7b65d2f0bd411ba16360737a742453c63672b62/functions/00035_tmp_shatter-examples.e644oibi_standalone_ts_22-opaque-predicate.ts__classifyWithChecksum.json
[info] Wrote scan artifact for /tmp/shatter-examples.e644oibi/standalone/ts/03-objects.ts::categorizeUser -> /tmp/shatter-demo-artifacts.lLIgEc/scan-results/1440be0e6582b99c6a8bdbcae7b65d2f0bd411ba16360737a742453c63672b62/functions/00005_tmp_shatter-examples.e644oibi_standalone_ts_03-objects.ts__categorizeUser.json
[info] Wrote scan artifact for /tmp/shatter-examples.e644oibi/standalone/ts/09-rate-limiter.ts::checkRateLimit -> /tmp/shatter-demo-artifacts.lLIgEc/scan-results/1440be0e6582b99c6a8bdbcae7b65d2f0bd411ba16360737a742453c63672b62/functions/00015_tmp_shatter-examples.e644oibi_standalone_ts_09-rate-limiter.ts__checkRateLimit.json
[info] Wrote scan artifact for /tmp/shatter-examples.e644oibi/standalone/ts/01-arithmetic.ts::compareMagnitudes -> /tmp/shatter-demo-artifacts.lLIgEc/scan-results/1440be0e6582b99c6a8bdbcae7b65d2f0bd411ba16360737a742453c63672b62/functions/00002_tmp_shatter-examples.e644oibi_standalone_ts_01-arithmetic.ts__compareMagnitudes.json
[info] Wrote scan artifact for /tmp/shatter-examples.e644oibi/standalone/ts/21-crypto-boundary.ts::encrypt -> /tmp/shatter-demo-artifacts.lLIgEc/scan-results/1440be0e6582b99c6a8bdbcae7b65d2f0bd411ba16360737a742453c63672b62/functions/00034_tmp_shatter-examples.e644oibi_standalone_ts_21-crypto-boundary.ts__encrypt.json
[info] Wrote scan artifact for /tmp/shatter-examples.e644oibi/standalone/ts/06-nested-control-flow.ts::classifyHttpResponse -> /tmp/shatter-demo-artifacts.lLIgEc/scan-results/1440be0e6582b99c6a8bdbcae7b65d2f0bd411ba16360737a742453c63672b62/functions/00011_tmp_shatter-examples.e644oibi_standalone_ts_06-nested-control-flow.ts__classifyHttpResponse.json
[info] Wrote scan artifact for /tmp/shatter-examples.e644oibi/standalone/ts/13-mcdc-compound.ts::compoundOr -> /tmp/shatter-demo-artifacts.lLIgEc/scan-results/1440be0e6582b99c6a8bdbcae7b65d2f0bd411ba16360737a742453c63672b62/functions/00019_tmp_shatter-examples.e644oibi_standalone_ts_13-mcdc-compound.ts__compoundOr.json
[info] Wrote scan artifact for /tmp/shatter-examples.e644oibi/standalone/ts/10-path-router.ts::resolveMiddleware -> /tmp/shatter-demo-artifacts.lLIgEc/scan-results/1440be0e6582b99c6a8bdbcae7b65d2f0bd411ba16360737a742453c63672b62/functions/00017_tmp_shatter-examples.e644oibi_standalone_ts_10-path-router.ts__resolveMiddleware.json
[info] Wrote scan artifact for /tmp/shatter-examples.e644oibi/standalone/ts/05-unions.ts::routeRequest -> /tmp/shatter-demo-artifacts.lLIgEc/scan-results/1440be0e6582b99c6a8bdbcae7b65d2f0bd411ba16360737a742453c63672b62/functions/00010_tmp_shatter-examples.e644oibi_standalone_ts_05-unions.ts__routeRequest.json
[info] Wrote scan artifact for /tmp/shatter-examples.e644oibi/standalone/ts/13-roman-numerals.ts::intToRoman -> /tmp/shatter-demo-artifacts.lLIgEc/scan-results/1440be0e6582b99c6a8bdbcae7b65d2f0bd411ba16360737a742453c63672b62/functions/00021_tmp_shatter-examples.e644oibi_standalone_ts_13-roman-numerals.ts__intToRoman.json
[info] Wrote scan artifact for /tmp/shatter-examples.e644oibi/standalone/ts/14-semver.ts::satisfiesRange -> /tmp/shatter-demo-artifacts.lLIgEc/scan-results/1440be0e6582b99c6a8bdbcae7b65d2f0bd411ba16360737a742453c63672b62/functions/00024_tmp_shatter-examples.e644oibi_standalone_ts_14-semver.ts__satisfiesRange.json
[info] Wrote scan artifact for /tmp/shatter-examples.e644oibi/standalone/ts/17-mock-branches.ts::loadOrDefault -> /tmp/shatter-demo-artifacts.lLIgEc/scan-results/1440be0e6582b99c6a8bdbcae7b65d2f0bd411ba16360737a742453c63672b62/functions/00029_tmp_shatter-examples.e644oibi_standalone_ts_17-mock-branches.ts__loadOrDefault.json
[info] Wrote scan artifact for /tmp/shatter-examples.e644oibi/standalone/ts/07-auth-validation.ts::validateJwt -> /tmp/shatter-demo-artifacts.lLIgEc/scan-results/1440be0e6582b99c6a8bdbcae7b65d2f0bd411ba16360737a742453c63672b62/functions/00014_tmp_shatter-examples.e644oibi_standalone_ts_07-auth-validation.ts__validateJwt.json
[info] Wrote scan artifact for /tmp/shatter-examples.e644oibi/standalone/ts/04-errors.ts::safeDivide -> /tmp/shatter-demo-artifacts.lLIgEc/scan-results/1440be0e6582b99c6a8bdbcae7b65d2f0bd411ba16360737a742453c63672b62/functions/00008_tmp_shatter-examples.e644oibi_standalone_ts_04-errors.ts__safeDivide.json
[info] Wrote scan artifact for /tmp/shatter-examples.e644oibi/standalone/ts/03-objects.ts::describeRectangle -> /tmp/shatter-demo-artifacts.lLIgEc/scan-results/1440be0e6582b99c6a8bdbcae7b65d2f0bd411ba16360737a742453c63672b62/functions/00006_tmp_shatter-examples.e644oibi_standalone_ts_03-objects.ts__describeRectangle.json
[info] Wrote scan artifact for /tmp/shatter-examples.e644oibi/standalone/ts/02-strings.ts::transformString -> /tmp/shatter-demo-artifacts.lLIgEc/scan-results/1440be0e6582b99c6a8bdbcae7b65d2f0bd411ba16360737a742453c63672b62/functions/00004_tmp_shatter-examples.e644oibi_standalone_ts_02-strings.ts__transformString.json
[info] Wrote scan artifact for /tmp/shatter-examples.e644oibi/standalone/ts/06-nested-control-flow.ts::processStateMachine -> /tmp/shatter-demo-artifacts.lLIgEc/scan-results/1440be0e6582b99c6a8bdbcae7b65d2f0bd411ba16360737a742453c63672b62/functions/00012_tmp_shatter-examples.e644oibi_standalone_ts_06-nested-control-flow.ts__processStateMachine.json
[info] Wrote scan artifact for /tmp/shatter-examples.e644oibi/standalone/ts/13-mcdc-compound.ts::threeWayAnd -> /tmp/shatter-demo-artifacts.lLIgEc/scan-results/1440be0e6582b99c6a8bdbcae7b65d2f0bd411ba16360737a742453c63672b62/functions/00020_tmp_shatter-examples.e644oibi_standalone_ts_13-mcdc-compound.ts__threeWayAnd.json
[info] Wrote scan artifact for /tmp/shatter-examples.e644oibi/standalone/ts/10-path-router.ts::matchRoute -> /tmp/shatter-demo-artifacts.lLIgEc/scan-results/1440be0e6582b99c6a8bdbcae7b65d2f0bd411ba16360737a742453c63672b62/functions/00016_tmp_shatter-examples.e644oibi_standalone_ts_10-path-router.ts__matchRoute.json
[info] [1/35] /tmp/shatter-examples.e644oibi/standalone/ts/01-arithmetic.ts::classifyNumber (33.0s elapsed)
[info] [2/35] /tmp/shatter-examples.e644oibi/standalone/ts/01-arithmetic.ts::compareMagnitudes (33.0s elapsed)
[info] [3/35] /tmp/shatter-examples.e644oibi/standalone/ts/02-strings.ts::classifyString (33.0s elapsed)
[info] [4/35] /tmp/shatter-examples.e644oibi/standalone/ts/02-strings.ts::transformString (33.0s elapsed)
[info] [5/35] /tmp/shatter-examples.e644oibi/standalone/ts/03-objects.ts::categorizeUser (33.0s elapsed)
[info] [6/35] /tmp/shatter-examples.e644oibi/standalone/ts/03-objects.ts::describeRectangle (33.0s elapsed)
[info] [7/35] /tmp/shatter-examples.e644oibi/standalone/ts/04-errors.ts::computeStats (33.0s elapsed)
[info] [8/35] /tmp/shatter-examples.e644oibi/standalone/ts/04-errors.ts::safeDivide (33.0s elapsed)
[info] [9/35] /tmp/shatter-examples.e644oibi/standalone/ts/05-unions.ts::computeArea (33.0s elapsed)
[info] [10/35] /tmp/shatter-examples.e644oibi/standalone/ts/05-unions.ts::routeRequest (33.0s elapsed)
[info] [11/35] /tmp/shatter-examples.e644oibi/standalone/ts/06-nested-control-flow.ts::classifyHttpResponse (33.0s elapsed)
[info] [12/35] /tmp/shatter-examples.e644oibi/standalone/ts/06-nested-control-flow.ts::processStateMachine (33.0s elapsed)
[info] [13/35] /tmp/shatter-examples.e644oibi/standalone/ts/07-auth-validation.ts::authorizeRequest (33.0s elapsed)
[info] [14/35] /tmp/shatter-examples.e644oibi/standalone/ts/07-auth-validation.ts::validateJwt (33.0s elapsed)
[info] [15/35] /tmp/shatter-examples.e644oibi/standalone/ts/09-rate-limiter.ts::checkRateLimit (33.0s elapsed)
[info] [16/35] /tmp/shatter-examples.e644oibi/standalone/ts/10-path-router.ts::matchRoute (33.0s elapsed)
[info] [17/35] /tmp/shatter-examples.e644oibi/standalone/ts/10-path-router.ts::resolveMiddleware (33.0s elapsed)
[info] [18/35] /tmp/shatter-examples.e644oibi/standalone/ts/13-mcdc-compound.ts::compoundAnd (33.0s elapsed)
[info] [19/35] /tmp/shatter-examples.e644oibi/standalone/ts/13-mcdc-compound.ts::compoundOr (33.0s elapsed)
[info] [20/35] /tmp/shatter-examples.e644oibi/standalone/ts/13-mcdc-compound.ts::threeWayAnd (33.0s elapsed)
[info] [21/35] /tmp/shatter-examples.e644oibi/standalone/ts/13-roman-numerals.ts::intToRoman (33.0s elapsed)
[info] [22/35] /tmp/shatter-examples.e644oibi/standalone/ts/13-roman-numerals.ts::romanToInt (33.0s elapsed)
[info] [23/35] /tmp/shatter-examples.e644oibi/standalone/ts/14-semver.ts::parseSemver (33.0s elapsed)
[info] [24/35] /tmp/shatter-examples.e644oibi/standalone/ts/14-semver.ts::satisfiesRange (33.0s elapsed)
[info] [25/35] /tmp/shatter-examples.e644oibi/standalone/ts/15-email-validator.ts::validateEmail (33.0s elapsed)
[info] [26/35] /tmp/shatter-examples.e644oibi/standalone/ts/16-cron-parser.ts::parseCron (33.0s elapsed)
[info] [27/35] /tmp/shatter-examples.e644oibi/standalone/ts/17-mock-branches.ts::classifyConfigs (33.0s elapsed)
[info] [28/35] /tmp/shatter-examples.e644oibi/standalone/ts/17-mock-branches.ts::classifyStatus (33.0s elapsed)
[info] [29/35] /tmp/shatter-examples.e644oibi/standalone/ts/17-mock-branches.ts::loadOrDefault (33.0s elapsed)
[info] [30/35] /tmp/shatter-examples.e644oibi/standalone/ts/18-accept-language.ts::negotiateLanguage (33.0s elapsed)
[info] [31/35] /tmp/shatter-examples.e644oibi/standalone/ts/19-robots-policy.ts::evaluateRobotsPolicy (33.0s elapsed)
[info] [32/35] /tmp/shatter-examples.e644oibi/standalone/ts/20-dotenv-parser.ts::parseDotenv (33.0s elapsed)
[info] [33/35] /tmp/shatter-examples.e644oibi/standalone/ts/21-crypto-boundary.ts::classifySecret (33.0s elapsed)
[info] [34/35] /tmp/shatter-examples.e644oibi/standalone/ts/21-crypto-boundary.ts::encrypt (33.0s elapsed)
[info] [35/35] /tmp/shatter-examples.e644oibi/standalone/ts/22-opaque-predicate.ts::classifyWithChecksum (33.0s elapsed)
# Scan Results

| Function | Paths | Coverage |
|---|---|---|
| `/tmp/shatter-examples.e644oibi/standalone/ts/01-arithmetic.ts::classifyNumber` | 4 | 100% |
| `/tmp/shatter-examples.e644oibi/standalone/ts/01-arithmetic.ts::compareMagnitudes` | 4 | 100% |
| `/tmp/shatter-examples.e644oibi/standalone/ts/02-strings.ts::classifyString` | 5 | 91% |
| `/tmp/shatter-examples.e644oibi/standalone/ts/02-strings.ts::transformString` | 6 | 100% |
| `/tmp/shatter-examples.e644oibi/standalone/ts/03-objects.ts::categorizeUser` | 4 | 73% |
| `/tmp/shatter-examples.e644oibi/standalone/ts/03-objects.ts::describeRectangle` | 4 | 100% |
| `/tmp/shatter-examples.e644oibi/standalone/ts/04-errors.ts::computeStats` | 2 | 31% |
| `/tmp/shatter-examples.e644oibi/standalone/ts/04-errors.ts::safeDivide` | 3 | 88% |
| `/tmp/shatter-examples.e644oibi/standalone/ts/05-unions.ts::computeArea` | 1 | 10% |
| `/tmp/shatter-examples.e644oibi/standalone/ts/05-unions.ts::routeRequest` | 2 | 31% |
| `/tmp/shatter-examples.e644oibi/standalone/ts/06-nested-control-flow.ts::classifyHttpResponse` | 13 | 96% |
| `/tmp/shatter-examples.e644oibi/standalone/ts/06-nested-control-flow.ts::processStateMachine` | 5 | 38% |
| `/tmp/shatter-examples.e644oibi/standalone/ts/07-auth-validation.ts::authorizeRequest` | 2 | 14% |
| `/tmp/shatter-examples.e644oibi/standalone/ts/07-auth-validation.ts::validateJwt` | 2 | 19% |
| `/tmp/shatter-examples.e644oibi/standalone/ts/09-rate-limiter.ts::checkRateLimit` | 5 | 78% |
| `/tmp/shatter-examples.e644oibi/standalone/ts/10-path-router.ts::matchRoute` | 3 | 12% |
| `/tmp/shatter-examples.e644oibi/standalone/ts/10-path-router.ts::resolveMiddleware` | 9 | 94% |
| `/tmp/shatter-examples.e644oibi/standalone/ts/13-mcdc-compound.ts::compoundAnd` | 2 | 100% |
| `/tmp/shatter-examples.e644oibi/standalone/ts/13-mcdc-compound.ts::compoundOr` | 2 | 100% |
| `/tmp/shatter-examples.e644oibi/standalone/ts/13-mcdc-compound.ts::threeWayAnd` | 2 | 100% |
| `/tmp/shatter-examples.e644oibi/standalone/ts/13-roman-numerals.ts::intToRoman` | 5 | 100% |
| `/tmp/shatter-examples.e644oibi/standalone/ts/13-roman-numerals.ts::romanToInt` | 3 | 82% |
| `/tmp/shatter-examples.e644oibi/standalone/ts/14-semver.ts::parseSemver` | 3 | 36% |
| `/tmp/shatter-examples.e644oibi/standalone/ts/14-semver.ts::satisfiesRange` | 8 | 64% |
| `/tmp/shatter-examples.e644oibi/standalone/ts/15-email-validator.ts::validateEmail` | 5 | 30% |
| `/tmp/shatter-examples.e644oibi/standalone/ts/16-cron-parser.ts::parseCron` | 3 | 81% |
| `/tmp/shatter-examples.e644oibi/standalone/ts/17-mock-branches.ts::classifyConfigs` | 3 | 42% |
| `/tmp/shatter-examples.e644oibi/standalone/ts/17-mock-branches.ts::classifyStatus` | 1 | 13% |
| `/tmp/shatter-examples.e644oibi/standalone/ts/17-mock-branches.ts::loadOrDefault` | 1 | 33% |
| `/tmp/shatter-examples.e644oibi/standalone/ts/18-accept-language.ts::negotiateLanguage` | 3 | 18% |
| `/tmp/shatter-examples.e644oibi/standalone/ts/19-robots-policy.ts::evaluateRobotsPolicy` | 3 | 39% |
| `/tmp/shatter-examples.e644oibi/standalone/ts/20-dotenv-parser.ts::parseDotenv` | 3 | 29% |
| `/tmp/shatter-examples.e644oibi/standalone/ts/21-crypto-boundary.ts::classifySecret` | 1 | 29% |
| `/tmp/shatter-examples.e644oibi/standalone/ts/21-crypto-boundary.ts::encrypt` | 1 | 100% |
| `/tmp/shatter-examples.e644oibi/standalone/ts/22-opaque-predicate.ts::classifyWithChecksum` | 4 | 90% |

---

Scan complete: **35 completed**, **0 failed**, **2 unsupported**, **0 interrupted**, **0 expected skipped** (16 worker(s))
# Shatter Scan Report

- **Functions discovered:** 37
- **Functions attempted:** 35
- **Functions completed:** 35
  - **with observed behavior:** 31
  - **error-only (all discovered inputs threw):** 4
- **Functions skipped:** 2
  - **unsupported (target shape not representable):** 2

## Source Set Summary

| Bucket | Files | Lines |
|--------|-------|-------|
| `production_ish` | 21 | 2495 |
| `test_spec` | 0 | 0 |
| `generated` | 0 | 0 |
| `declaration_only` | 0 | 0 |
| `fixture_sample` | 0 | 0 |
| `policy_excluded` | 0 | 0 |
| `unsupported` | 0 | 0 |

- **Production-ish source lines:** 2495 (whole-source denominator; see Coverage section below)

## Coverage

- **Attempted-function span:** 35 of 37 discovered functions attempted
- **Total branches:** 235 (across completed functions)
- **Branches covered:** 105
- **Overall coverage (completed-functions subset):** 44.7%

## Low-Coverage Buckets

*Completing a function (running it without a crash) is not the same as achieving high source or branch coverage. These buckets classify why coverage stays shallow so the low numbers can be acted on directly.*

Low-coverage cutoff: completed functions with coverage ≤ 10%.

| Bucket | Count |
|--------|-------|
| Failed (attempted, did not complete) | 0 |
| Skipped / unsupported | 2 |
| Zero coverage with branches (needs setup/mocks) | 0 |
| Zero coverage, no branches (accessors/getters) | 0 |
| Positive but low coverage | 1 |

### Top branch-heavy low-coverage functions

These have the most branch logic left unexplored — the highest-value targets for better setup or mocks.

| Function | File | Coverage | Branches | Lines |
|----------|------|----------|----------|-------|
| `computeArea` | /tmp/shatter-examples.e644oibi/standalone/ts/05-unions.ts | 10.0% | 0/6 | 1/10 |

### Low coverage by area

Grouped by file-path directory (derived from the scan's own paths).

| Area | Low-coverage functions | Zero-cov w/ branches | Uncovered branches |
|------|------------------------|----------------------|--------------------|
| `/tmp/shatter-examples.e644oibi/standalone/ts` | 1 | 0 | 6 |

## Function Summary

| Status | Outcome | Function | File | Coverage | Branches | Lines | Iterations |
|--------|---------|----------|------|----------|----------|-------|------------|
| PASS | behavioral | `classifyNumber` | /tmp/shatter-examples.e644oibi/standalone/ts/01-arithmetic.ts | 100.0% | 3/3 | 7/7 | 100 |
| PASS | behavioral | `compareMagnitudes` | /tmp/shatter-examples.e644oibi/standalone/ts/01-arithmetic.ts | 100.0% | 3/3 | 9/9 | 100 |
| WARN | behavioral | `classifyString` | /tmp/shatter-examples.e644oibi/standalone/ts/02-strings.ts | 90.9% | 5/5 | 10/11 | 100 |
| PASS | behavioral | `transformString` | /tmp/shatter-examples.e644oibi/standalone/ts/02-strings.ts | 100.0% | 5/5 | 11/11 | 100 |
| WARN | behavioral | `categorizeUser` | /tmp/shatter-examples.e644oibi/standalone/ts/03-objects.ts | 72.7% | 4/5 | 8/11 | 100 |
| PASS | behavioral | `describeRectangle` | /tmp/shatter-examples.e644oibi/standalone/ts/03-objects.ts | 100.0% | 3/3 | 8/8 | 100 |
| LOW | error_only | `computeStats` | /tmp/shatter-examples.e644oibi/standalone/ts/04-errors.ts | 31.2% | 1/5 | 5/16 | 100 |
| WARN | behavioral | `safeDivide` | /tmp/shatter-examples.e644oibi/standalone/ts/04-errors.ts | 87.5% | 3/3 | 7/8 | 100 |
| LOW | behavioral | `computeArea` | /tmp/shatter-examples.e644oibi/standalone/ts/05-unions.ts | 10.0% | 0/6 | 1/10 | 100 |
| LOW | behavioral | `routeRequest` | /tmp/shatter-examples.e644oibi/standalone/ts/05-unions.ts | 30.8% | 1/8 | 4/13 | 100 |
| WARN | behavioral | `classifyHttpResponse` | /tmp/shatter-examples.e644oibi/standalone/ts/06-nested-control-flow.ts | 96.3% | 13/13 | 26/27 | 100 |
| LOW | behavioral | `processStateMachine` | /tmp/shatter-examples.e644oibi/standalone/ts/06-nested-control-flow.ts | 37.9% | 2/12 | 11/29 | 100 |
| LOW | behavioral | `authorizeRequest` | /tmp/shatter-examples.e644oibi/standalone/ts/07-auth-validation.ts | 13.8% | 2/14 | 4/29 | 100 |
| LOW | behavioral | `validateJwt` | /tmp/shatter-examples.e644oibi/standalone/ts/07-auth-validation.ts | 19.2% | 2/8 | 5/26 | 100 |
| WARN | behavioral | `checkRateLimit` | /tmp/shatter-examples.e644oibi/standalone/ts/09-rate-limiter.ts | 77.8% | 5/6 | 14/18 | 100 |
| LOW | behavioral | `matchRoute` | /tmp/shatter-examples.e644oibi/standalone/ts/10-path-router.ts | 12.0% | 3/19 | 6/50 | 100 |
| WARN | behavioral | `resolveMiddleware` | /tmp/shatter-examples.e644oibi/standalone/ts/10-path-router.ts | 93.8% | 7/7 | 15/16 | 100 |
| PASS | behavioral | `compoundAnd` | /tmp/shatter-examples.e644oibi/standalone/ts/13-mcdc-compound.ts | 100.0% | 1/1 | 3/3 | 100 |
| PASS | behavioral | `compoundOr` | /tmp/shatter-examples.e644oibi/standalone/ts/13-mcdc-compound.ts | 100.0% | 1/1 | 3/3 | 100 |
| PASS | behavioral | `threeWayAnd` | /tmp/shatter-examples.e644oibi/standalone/ts/13-mcdc-compound.ts | 100.0% | 1/1 | 3/3 | 100 |
| PASS | behavioral | `intToRoman` | /tmp/shatter-examples.e644oibi/standalone/ts/13-roman-numerals.ts | 100.0% | 2/2 | 9/9 | 100 |
| WARN | behavioral | `romanToInt` | /tmp/shatter-examples.e644oibi/standalone/ts/13-roman-numerals.ts | 82.4% | 4/5 | 14/17 | 100 |
| LOW | error_only | `parseSemver` | /tmp/shatter-examples.e644oibi/standalone/ts/14-semver.ts | 36.4% | 3/6 | 8/22 | 100 |
| WARN | behavioral | `satisfiesRange` | /tmp/shatter-examples.e644oibi/standalone/ts/14-semver.ts | 63.9% | 7/16 | 23/36 | 100 |
| LOW | behavioral | `validateEmail` | /tmp/shatter-examples.e644oibi/standalone/ts/15-email-validator.ts | 29.8% | 6/19 | 14/47 | 100 |
| WARN | behavioral | `parseCron` | /tmp/shatter-examples.e644oibi/standalone/ts/16-cron-parser.ts | 81.2% | 3/11 | 13/16 | 100 |
| LOW | behavioral | `classifyConfigs` | /tmp/shatter-examples.e644oibi/standalone/ts/17-mock-branches.ts | 41.7% | 1/4 | 5/12 | 100 |
| LOW | error_only | `classifyStatus` | /tmp/shatter-examples.e644oibi/standalone/ts/17-mock-branches.ts | 12.5% | 0/3 | 1/8 | 100 |
| LOW | behavioral | `loadOrDefault` | /tmp/shatter-examples.e644oibi/standalone/ts/17-mock-branches.ts | 33.3% | 1/2 | 2/6 | 100 |
| LOW | behavioral | `negotiateLanguage` | /tmp/shatter-examples.e644oibi/standalone/ts/18-accept-language.ts | 17.9% | 2/12 | 5/28 | 100 |
| LOW | behavioral | `evaluateRobotsPolicy` | /tmp/shatter-examples.e644oibi/standalone/ts/19-robots-policy.ts | 39.3% | 3/9 | 11/28 | 100 |
| LOW | behavioral | `parseDotenv` | /tmp/shatter-examples.e644oibi/standalone/ts/20-dotenv-parser.ts | 28.9% | 4/12 | 13/45 | 100 |
| LOW | error_only | `classifySecret` | /tmp/shatter-examples.e644oibi/standalone/ts/21-crypto-boundary.ts | 28.6% | 0/2 | 2/7 | 100 |
| PASS | behavioral | `encrypt` | /tmp/shatter-examples.e644oibi/standalone/ts/21-crypto-boundary.ts | 100.0% | 0/0 | 2/2 | 100 |
| WARN | behavioral | `classifyWithChecksum` | /tmp/shatter-examples.e644oibi/standalone/ts/22-opaque-predicate.ts | 90.0% | 4/4 | 9/10 | 100 |

## Function Details

### `classifyNumber`

- **File:** /tmp/shatter-examples.e644oibi/standalone/ts/01-arithmetic.ts
- **Coverage:** 100.0%
- **Branches:** 3/3
- **Lines:** 7/7
- **Iterations:** 100
- **Constraints collected:** 201

**Behaviors:**

- Cluster 0: returns "zero" (inputs: 0)
- Cluster 1: returns "negative" (inputs: -1)
- Cluster 2: returns "positive-even" (inputs: 2)
- Cluster 3: returns "positive-odd" (inputs: 1)

### `compareMagnitudes`

- **File:** /tmp/shatter-examples.e644oibi/standalone/ts/01-arithmetic.ts
- **Coverage:** 100.0%
- **Branches:** 3/3
- **Lines:** 9/9
- **Iterations:** 100
- **Constraints collected:** 220

**Behaviors:**

- Cluster 0: returns "both-small" (inputs: 7.22316789653107, 1.0)
- Cluster 1: returns "both-small" (inputs: 1.7216263802440677, 1.0)
- Cluster 2: returns "both-small" (inputs: 42.56536695376044, 1.0)
- Cluster 3: returns "both-small" (inputs: -17.054310787447736, 1.0)
- Cluster 4: returns "both-small" (inputs: -17.067366350800807, 1.0)
- ... and 15 more clusters

### `classifyString`

- **File:** /tmp/shatter-examples.e644oibi/standalone/ts/02-strings.ts
- **Coverage:** 90.9%
- **Branches:** 5/5
- **Lines:** 10/11
- **Iterations:** 100
- **Constraints collected:** 195

**Behaviors:**

- Cluster 0: returns "text" (inputs: "length")
- Cluster 1: returns "empty" (inputs: "")
- Cluster 2: returns "text" (inputs: "empty")
- Cluster 3: returns "text" (inputs: "single-char")
- Cluster 4: returns "text" (inputs: "startsWith")
- ... and 11 more clusters

### `transformString`

- **File:** /tmp/shatter-examples.e644oibi/standalone/ts/02-strings.ts
- **Coverage:** 100.0%
- **Branches:** 5/5
- **Lines:** 11/11
- **Iterations:** 100
- **Constraints collected:** 293

**Behaviors:**

- Cluster 0: returns "upper" (inputs: "upper", "", 0)
- Cluster 1: returns "UPPER" (inputs: "upper", "upper", 0)
- Cluster 2: returns "" (inputs: "", "upper", 0)
- Cluster 3: returns "toUpperCase" (inputs: "toUpperCase", "", 0)
- Cluster 4: returns "" (inputs: "", "toUpperCase", 0)
- ... and 45 more clusters

### `categorizeUser`

- **File:** /tmp/shatter-examples.e644oibi/standalone/ts/03-objects.ts
- **Coverage:** 72.7%
- **Branches:** 4/5
- **Lines:** 8/11
- **Iterations:** 100
- **Constraints collected:** 211

**Behaviors:**

- Cluster 0: returns "child" (inputs: {"age":0.0,"isVerified":false,"name":"age","role":""})
- Cluster 1: throws Error: invalid age (inputs: {"age":-1,"isVerified":false,"name":"age","role":""})
- Cluster 2: returns "child" (inputs: {"age":0.0,"isVerified":false,"name":"","role":"age"})
- Cluster 3: returns "child" (inputs: {"age":0.0,"isVerified":false,"name":"invalid age","role"...)
- Cluster 4: returns "child" (inputs: {"age":0.0,"isVerified":false,"name":"","role":"invalid a...)
- ... and 71 more clusters

### `describeRectangle`

- **File:** /tmp/shatter-examples.e644oibi/standalone/ts/03-objects.ts
- **Coverage:** 100.0%
- **Branches:** 3/3
- **Lines:** 8/8
- **Iterations:** 100
- **Constraints collected:** 198

**Behaviors:**

- Cluster 0: throws Error: non-positive dimension (inputs: {"height":-44.61208451543894,"width":-2.0})
- Cluster 1: returns "square" (inputs: {"height":1,"width":1})
- Cluster 2: throws Error: non-positive dimension (inputs: {"height":1,"width":0})
- Cluster 3: returns "small-rectangle" (inputs: {"height":2,"width":1})
- Cluster 4: returns "large-rectangle" (inputs: {"height":846,"width":845})

### `computeStats`

- **File:** /tmp/shatter-examples.e644oibi/standalone/ts/04-errors.ts
- **Coverage:** 31.2%
- **Branches:** 1/5
- **Lines:** 5/16
- **Iterations:** 100
- **Constraints collected:** 100

**Behaviors:**

- Cluster 0: throws TypeError: items is not iterable (inputs: {"length":1})
- Cluster 1: throws Error: empty array (inputs: {"length":0})

### `safeDivide`

- **File:** /tmp/shatter-examples.e644oibi/standalone/ts/04-errors.ts
- **Coverage:** 87.5%
- **Branches:** 3/3
- **Lines:** 7/8
- **Iterations:** 100
- **Constraints collected:** 228

**Behaviors:**

- Cluster 0: returns -2.5117141273738515 (inputs: -2.5117141273738515, 1.0)
- Cluster 1: returns -16.881366851828307 (inputs: -16.881366851828307, 1.0)
- Cluster 2: returns -0.32072300168283807 (inputs: -0.32072300168283807, 1.0)
- Cluster 3: returns 3.194425247515024 (inputs: 3.194425247515024, 1.0)
- Cluster 4: returns 7.579402647031234 (inputs: 7.579402647031234, 1.0)
- ... and 8 more clusters

### `computeArea`

- **File:** /tmp/shatter-examples.e644oibi/standalone/ts/05-unions.ts
- **Coverage:** 10.0%
- **Branches:** 0/6
- **Lines:** 1/10
- **Iterations:** 100
- **Constraints collected:** 0

**Behaviors:**

- Cluster 0: returns void (inputs: {"base":-1.0,"height":0.0,"kind":"iauqke"})
- Cluster 1: returns void (inputs: {})
- Cluster 2: returns void (inputs: {"base":0.0,"height":-1.0,"kind":"null"})
- Cluster 3: returns void (inputs: {"height":0.0,"kind":"0","width":1.0})
- Cluster 4: returns void (inputs: {"base":-2.0,"height":-0.5,"kind":"null"})
- ... and 88 more clusters

### `routeRequest`

- **File:** /tmp/shatter-examples.e644oibi/standalone/ts/05-unions.ts
- **Coverage:** 30.8%
- **Branches:** 1/8
- **Lines:** 4/13
- **Iterations:** 100
- **Constraints collected:** 100

**Behaviors:**

- Cluster 0: throws Error: empty path (inputs: {"authenticated":false,"body":null,"method":"length","pat...)
- Cluster 1: returns "read" (inputs: {"authenticated":false,"body":null,"method":"GET","path":...)
- Cluster 2: throws Error: empty path (inputs: {"authenticated":false,"body":"length","method":"GET","pa...)
- Cluster 3: throws Error: empty path (inputs: {"authenticated":false,"body":null,"method":"path","path"...)
- Cluster 4: returns "read" (inputs: {"authenticated":false,"body":null,"method":"GET","path":...)
- ... and 43 more clusters

### `classifyHttpResponse`

- **File:** /tmp/shatter-examples.e644oibi/standalone/ts/06-nested-control-flow.ts
- **Coverage:** 96.3%
- **Branches:** 13/13
- **Lines:** 26/27
- **Iterations:** 100
- **Constraints collected:** 338

**Behaviors:**

- Cluster 0: throws Error: invalid status (inputs: 7.427253979798078, "test", null)
- Cluster 1: throws Error: invalid status (inputs: 7.160266314699853, "test", null)
- Cluster 2: returns "success-other" (inputs: 257.14193695405197, "test", null)
- Cluster 3: throws Error: invalid status (inputs: 3.4351707950164707, "test", null)
- Cluster 4: throws Error: invalid status (inputs: 0.4211047059971159, "test", null)
- ... and 86 more clusters

### `processStateMachine`

- **File:** /tmp/shatter-examples.e644oibi/standalone/ts/06-nested-control-flow.ts
- **Coverage:** 37.9%
- **Branches:** 2/12
- **Lines:** 11/29
- **Iterations:** 100
- **Constraints collected:** 109

**Behaviors:**

- Cluster 0: throws TypeError: Cannot read properties of null (reading 'length') (inputs: null, 1.5130523194240273)
- Cluster 1: throws TypeError: Cannot read properties of null (reading 'length') (inputs: null, 100.19660639556798)
- Cluster 2: throws TypeError: Cannot read properties of null (reading 'length') (inputs: null, 0.7432965641846407)
- Cluster 3: throws TypeError: Cannot read properties of null (reading 'length') (inputs: null, 3.4829018345321012)
- Cluster 4: throws TypeError: Cannot read properties of null (reading 'length') (inputs: null, 99.9221807114412)
- ... and 12 more clusters

### `authorizeRequest`

- **File:** /tmp/shatter-examples.e644oibi/standalone/ts/07-auth-validation.ts
- **Coverage:** 13.8%
- **Branches:** 2/14
- **Lines:** 4/29
- **Iterations:** 100
- **Constraints collected:** 101

**Behaviors:**

- Cluster 0: returns "denied: no roles" (inputs: {"active":false,"id":"length","roles":[]}, "", "", "")
- Cluster 1: returns "denied: inactive user" (inputs: {"active":false,"id":"length","roles":{"length":1}}, "", "", "")
- Cluster 2: returns "denied: no roles" (inputs: {"active":false,"id":"","roles":[]}, "length", "", "")
- Cluster 3: returns "denied: no roles" (inputs: {"active":false,"id":"","roles":[]}, "", "length", "")
- Cluster 4: returns "denied: no roles" (inputs: {"active":false,"id":"","roles":[]}, "", "", "length")
- ... and 95 more clusters

### `validateJwt`

- **File:** /tmp/shatter-examples.e644oibi/standalone/ts/07-auth-validation.ts
- **Coverage:** 19.2%
- **Branches:** 2/8
- **Lines:** 5/26
- **Iterations:** 100
- **Constraints collected:** 134

**Behaviors:**

- Cluster 0: returns "invalid: malformed token" (inputs: "test", "test", "test", "test", -0.42684038507175154)
- Cluster 1: returns "invalid: malformed token" (inputs: "test", "test", "test", "test", 3.329015299748884)
- Cluster 2: returns "invalid: malformed token" (inputs: "test", "test", "test", "test", 257.0536398615127)
- Cluster 3: returns "invalid: malformed token" (inputs: "test", "test", "test", "test", 7.339253068638353)
- Cluster 4: returns "invalid: malformed token" (inputs: "test", "test", "test", "test", 42.682868361769486)
- ... and 99 more clusters

### `checkRateLimit`

- **File:** /tmp/shatter-examples.e644oibi/standalone/ts/09-rate-limiter.ts
- **Coverage:** 77.8%
- **Branches:** 5/6
- **Lines:** 14/18
- **Iterations:** 100
- **Constraints collected:** 296

**Behaviors:**

- Cluster 0: returns {"allowed":false,"newState":{"lastRefillMs":1,"penaltyUnt... (inputs: null, 257.3789762065867, 1.0, 1.0, "test")
- Cluster 1: returns {"allowed":false,"newState":{"lastRefillMs":1,"penaltyUnt... (inputs: null, 0.5496127862724617, 1.0, 1.0, "test")
- Cluster 2: returns {"allowed":false,"newState":{"lastRefillMs":1,"penaltyUnt... (inputs: null, 42.53007955817542, 1.0, 1.0, "test")
- Cluster 3: returns {"allowed":false,"newState":{"lastRefillMs":1,"penaltyUnt... (inputs: null, 257.4263710341899, 1.0, 1.0, "test")
- Cluster 4: returns {"allowed":false,"newState":{"lastRefillMs":1,"penaltyUnt... (inputs: null, 3.183980424188469, 1.0, 1.0, "test")
- ... and 83 more clusters

### `matchRoute`

- **File:** /tmp/shatter-examples.e644oibi/standalone/ts/10-path-router.ts
- **Coverage:** 12.0%
- **Branches:** 3/19
- **Lines:** 6/50
- **Iterations:** 100
- **Constraints collected:** 150

**Behaviors:**

- Cluster 0: returns {"message":"empty path","status":"error"} (inputs: [], "length", "")
- Cluster 1: returns {"message":"path must start with /","status":"error"} (inputs: [], "", "length")
- Cluster 2: returns {"message":"empty path","status":"error"} (inputs: [], "error", "")
- Cluster 3: returns {"message":"path must start with /","status":"error"} (inputs: [], "", "error")
- Cluster 4: returns {"message":"empty path","status":"error"} (inputs: [], "empty path", "")
- ... and 41 more clusters

### `resolveMiddleware`

- **File:** /tmp/shatter-examples.e644oibi/standalone/ts/10-path-router.ts
- **Coverage:** 93.8%
- **Branches:** 7/7
- **Lines:** 15/16
- **Iterations:** 100
- **Constraints collected:** 415

**Behaviors:**

- Cluster 0: returns {"middleware":["logging","error-handler"],"status":"ok"} (inputs: {"allowedOrigins":[],"contentType":"logging","corsOrigin"..., null)
- Cluster 1: returns {"middleware":[],"reason":"missing auth","status":"reject... (inputs: {"allowedOrigins":[],"contentType":"logging","corsOrigin"..., null)
- Cluster 2: returns {"middleware":[],"reason":"origin not allowed","status":"... (inputs: {"allowedOrigins":[],"contentType":"","corsOrigin":"loggi..., null)
- Cluster 3: returns {"middleware":["logging","error-handler"],"status":"ok"} (inputs: {"allowedOrigins":[],"contentType":"","corsOrigin":null,"..., "logging")
- Cluster 4: returns {"middleware":["logging","error-handler"],"status":"ok"} (inputs: {"allowedOrigins":[],"contentType":"error-handler","corsO..., null)
- ... and 83 more clusters

### `compoundAnd`

- **File:** /tmp/shatter-examples.e644oibi/standalone/ts/13-mcdc-compound.ts
- **Coverage:** 100.0%
- **Branches:** 1/1
- **Lines:** 3/3
- **Iterations:** 100
- **Constraints collected:** 110

**Behaviors:**

- Cluster 0: returns "both" (inputs: 1.8494734191494147, 1.0)
- Cluster 1: returns "both" (inputs: 42.61191705768216, 1.0)
- Cluster 2: returns "neither" (inputs: -0.4609923644793024, 1.0)
- Cluster 3: returns "both" (inputs: 42.93146203918106, 1.0)
- Cluster 4: returns "both" (inputs: 1.5595892167708696, 1.0)
- ... and 10 more clusters

### `compoundOr`

- **File:** /tmp/shatter-examples.e644oibi/standalone/ts/13-mcdc-compound.ts
- **Coverage:** 100.0%
- **Branches:** 1/1
- **Lines:** 3/3
- **Iterations:** 100
- **Constraints collected:** 100

**Behaviors:**

- Cluster 0: returns "either" (inputs: false, true)
- Cluster 1: returns "none" (inputs: false, false)
- Cluster 2: returns "either" (inputs: true, false)

### `threeWayAnd`

- **File:** /tmp/shatter-examples.e644oibi/standalone/ts/13-mcdc-compound.ts
- **Coverage:** 100.0%
- **Branches:** 1/1
- **Lines:** 3/3
- **Iterations:** 100
- **Constraints collected:** 115

**Behaviors:**

- Cluster 0: returns "not all positive" (inputs: -17.052628866275494, 1.0, 1.0)
- Cluster 1: returns "not all positive" (inputs: -0.34666637368270115, 1.0, 1.0)
- Cluster 2: returns "all positive" (inputs: 3.4879673687506094, 1.0, 1.0)
- Cluster 3: returns "not all positive" (inputs: -0.23430608815932952, 1.0, 1.0)
- Cluster 4: returns "all positive" (inputs: 1.8905289671236813, 1.0, 1.0)
- ... and 13 more clusters

### `intToRoman`

- **File:** /tmp/shatter-examples.e644oibi/standalone/ts/13-roman-numerals.ts
- **Coverage:** 100.0%
- **Branches:** 2/2
- **Lines:** 9/9
- **Iterations:** 100
- **Constraints collected:** 1128

**Behaviors:**

- Cluster 0: returns "C" (inputs: 100.03179962758202)
- Cluster 1: returns "VII" (inputs: 7.43978825136166)
- Cluster 2: returns "III" (inputs: 3.339450677849343)
- Cluster 3: returns "VII" (inputs: 7.363004052262543)
- Cluster 4: throws Error: out of range (inputs: -0.33181419783962046)
- ... and 17 more clusters

### `romanToInt`

- **File:** /tmp/shatter-examples.e644oibi/standalone/ts/13-roman-numerals.ts
- **Coverage:** 82.4%
- **Branches:** 4/5
- **Lines:** 14/17
- **Iterations:** 100
- **Constraints collected:** 112

**Behaviors:**

- Cluster 0: throws Error: invalid roman numeral (inputs: "length")
- Cluster 1: returns 0 (inputs: "")
- Cluster 2: throws Error: invalid roman numeral (inputs: "toUpperCase")
- Cluster 3: throws Error: invalid roman numeral (inputs: "invalid roman numeral")

### `parseSemver`

- **File:** /tmp/shatter-examples.e644oibi/standalone/ts/14-semver.ts
- **Coverage:** 36.4%
- **Branches:** 3/6
- **Lines:** 8/22
- **Iterations:** 100
- **Constraints collected:** 130

**Behaviors:**

- Cluster 0: throws Error: invalid semver (inputs: "length")
- Cluster 1: throws Error: invalid semver (inputs: "")
- Cluster 2: throws Error: invalid semver (inputs: "invalid semver")
- Cluster 3: throws Error: invalid semver (inputs: "startsWith")
- Cluster 4: throws Error: invalid semver (inputs: "v")
- ... and 7 more clusters

### `satisfiesRange`

- **File:** /tmp/shatter-examples.e644oibi/standalone/ts/14-semver.ts
- **Coverage:** 63.9%
- **Branches:** 7/16
- **Lines:** 23/36
- **Iterations:** 100
- **Constraints collected:** 456

**Behaviors:**

- Cluster 0: throws Error: invalid semver (inputs: "*", "")
- Cluster 1: returns true (inputs: "*", "*")
- Cluster 2: returns true (inputs: "", "*")
- Cluster 3: throws Error: invalid semver (inputs: "x", "")
- Cluster 4: returns true (inputs: "", "x")
- ... and 65 more clusters

### `validateEmail`

- **File:** /tmp/shatter-examples.e644oibi/standalone/ts/15-email-validator.ts
- **Coverage:** 29.8%
- **Branches:** 6/19
- **Lines:** 14/47
- **Iterations:** 100
- **Constraints collected:** 237

**Behaviors:**

- Cluster 0: returns {"reason":"missing @","valid":false} (inputs: "length")
- Cluster 1: returns {"reason":"empty","valid":false} (inputs: "")
- Cluster 2: returns {"reason":"missing @","valid":false} (inputs: "empty")
- Cluster 3: returns {"reason":"missing @","valid":false} (inputs: "indexOf")
- Cluster 4: returns {"reason":"empty local part","valid":false} (inputs: "@")
- ... and 31 more clusters

### `parseCron`

- **File:** /tmp/shatter-examples.e644oibi/standalone/ts/16-cron-parser.ts
- **Coverage:** 81.2%
- **Branches:** 3/11
- **Lines:** 13/16
- **Iterations:** 100
- **Constraints collected:** 155

**Behaviors:**

- Cluster 0: throws Error: expected 5 fields (inputs: "true")
- Cluster 1: throws Error: empty expression (inputs: "")
- Cluster 2: throws Error: expected 5 fields (inputs: "length")
- Cluster 3: throws Error: expected 5 fields (inputs: "empty expression")
- Cluster 4: throws Error: expected 5 fields (inputs: "startsWith")
- ... and 18 more clusters

### `classifyConfigs`

- **File:** /tmp/shatter-examples.e644oibi/standalone/ts/17-mock-branches.ts
- **Coverage:** 41.7%
- **Branches:** 1/4
- **Lines:** 5/12
- **Iterations:** 100
- **Constraints collected:** 100

**Behaviors:**

- Cluster 0: throws Error: ENOENT: no such file or directory, open 'length' (inputs: ["length"])
- Cluster 1: returns "no-comments" (inputs: {"length":0})
- Cluster 2: throws Error: ENOENT: no such file or directory, open 'no-comments' (inputs: ["no-comments"])
- Cluster 3: throws Error: ENOENT: no such file or directory, open 'utf-8' (inputs: ["utf-8"])
- Cluster 4: throws Error: ENOENT: no such file or directory, open 'startsWith' (inputs: ["startsWith"])
- ... and 4 more clusters

### `classifyStatus`

- **File:** /tmp/shatter-examples.e644oibi/standalone/ts/17-mock-branches.ts
- **Coverage:** 12.5%
- **Branches:** 0/3
- **Lines:** 1/8
- **Iterations:** 100
- **Constraints collected:** 0

**Behaviors:**

- Cluster 0: throws Error: ENOENT: no such file or directory, open 'trim' (inputs: "trim")
- Cluster 1: throws Error: ENOENT: no such file or directory, open 'utf-8' (inputs: "utf-8")
- Cluster 2: throws Error: ENOENT: no such file or directory, open 'length' (inputs: "length")
- Cluster 3: throws Error: ENOENT: no such file or directory, open 'empty' (inputs: "empty")
- Cluster 4: throws Error: ENOENT: no such file or directory, open 'short' (inputs: "short")
- ... and 31 more clusters

### `loadOrDefault`

- **File:** /tmp/shatter-examples.e644oibi/standalone/ts/17-mock-branches.ts
- **Coverage:** 33.3%
- **Branches:** 1/2
- **Lines:** 2/6
- **Iterations:** 100
- **Constraints collected:** 100

**Behaviors:**

- Cluster 0: returns "missing" (inputs: "missing")
- Cluster 1: returns "missing" (inputs: "utf-8")
- Cluster 2: returns "missing" (inputs: "loaded")
- Cluster 3: returns "missing" (inputs: "empty-config")
- Cluster 4: returns "missing" (inputs: "http")
- ... and 31 more clusters

### `negotiateLanguage`

- **File:** /tmp/shatter-examples.e644oibi/standalone/ts/18-accept-language.ts
- **Coverage:** 17.9%
- **Branches:** 2/12
- **Lines:** 5/28
- **Iterations:** 100
- **Constraints collected:** 120

**Behaviors:**

- Cluster 0: returns {"matchedRange":null,"quality":0,"reason":"no-supported",... (inputs: "length", [])
- Cluster 1: throws TypeError: supported.map is not a function (inputs: "length", {"length":1})
- Cluster 2: returns {"matchedRange":null,"quality":1,"reason":"default","sele... (inputs: "", ["length"])
- Cluster 3: returns {"matchedRange":null,"quality":0,"reason":"no-supported",... (inputs: "no-supported", [])
- Cluster 4: returns {"matchedRange":null,"quality":1,"reason":"default","sele... (inputs: "", ["no-supported"])
- ... and 67 more clusters

### `evaluateRobotsPolicy`

- **File:** /tmp/shatter-examples.e644oibi/standalone/ts/19-robots-policy.ts
- **Coverage:** 39.3%
- **Branches:** 3/9
- **Lines:** 11/28
- **Iterations:** 100
- **Constraints collected:** 137

**Behaviors:**

- Cluster 0: returns {"allowed":false,"crawlDelay":null,"matchedDirective":nul... (inputs: "length", "", "")
- Cluster 1: returns {"allowed":false,"crawlDelay":null,"matchedDirective":nul... (inputs: "", "length", "")
- Cluster 2: returns {"allowed":false,"crawlDelay":null,"matchedDirective":nul... (inputs: "", "", "length")
- Cluster 3: returns {"allowed":false,"crawlDelay":null,"matchedDirective":nul... (inputs: "missing-user-agent", "", "")
- Cluster 4: returns {"allowed":false,"crawlDelay":null,"matchedDirective":nul... (inputs: "", "missing-user-agent", "")
- ... and 93 more clusters

### `parseDotenv`

- **File:** /tmp/shatter-examples.e644oibi/standalone/ts/20-dotenv-parser.ts
- **Coverage:** 28.9%
- **Branches:** 4/12
- **Lines:** 13/45
- **Iterations:** 100
- **Constraints collected:** 468

**Behaviors:**

- Cluster 0: returns {"values":{},"warnings":["line 1: missing separator"]} (inputs: "split")
- Cluster 1: returns {"values":{},"warnings":["line 1: missing separator"]} (inputs: "replace")
- Cluster 2: returns {"values":{},"warnings":["line 1: missing separator"]} (inputs: "\\r\\n?")
- Cluster 3: returns {"values":{},"warnings":[]} (inputs: "\n")
- Cluster 4: returns {"values":{},"warnings":["line 1: missing separator"]} (inputs: "length")
- ... and 61 more clusters

### `classifySecret`

- **File:** /tmp/shatter-examples.e644oibi/standalone/ts/21-crypto-boundary.ts
- **Coverage:** 28.6%
- **Branches:** 0/2
- **Lines:** 2/7
- **Iterations:** 100
- **Constraints collected:** 0

**Behaviors:**

- Cluster 0: throws Error: error:1C80006B:Provider routines::wrong final block length (inputs: {"__complex_type":"buffer","encoding":"base64","value":""})
- Cluster 1: throws Error: error:1C80006B:Provider routines::wrong final block length (inputs: {"__complex_type":"buffer","encoding":"base64","value":"/...)
- Cluster 2: throws Error: error:1C80006B:Provider routines::wrong final block length (inputs: {"__complex_type":"buffer","encoding":"base64","value":"A...)
- Cluster 3: throws Error: error:1C80006B:Provider routines::wrong final block length (inputs: {"__complex_type":"buffer","encoding":"base64","value":"S...)
- Cluster 4: throws Error: error:1C80006B:Provider routines::wrong final block length (inputs: {"__complex_type":"buffer","encoding":"base64","value":"A...)

### `encrypt`

- **File:** /tmp/shatter-examples.e644oibi/standalone/ts/21-crypto-boundary.ts
- **Coverage:** 100.0%
- **Branches:** 0/0
- **Lines:** 2/2
- **Iterations:** 100
- **Constraints collected:** 0

**Behaviors:**

- Cluster 0: returns {"data":[86,249,108,251,56,85,251,68,141,47,62,120,107,11... (inputs: "createCipheriv")
- Cluster 1: returns {"data":[81,151,130,15,43,241,122,102,170,221,110,71,109,... (inputs: "aes-256-cbc")
- Cluster 2: returns {"data":[192,30,155,104,180,162,112,41,225,98,44,61,106,1... (inputs: "concat")
- Cluster 3: returns {"data":[49,179,220,174,138,131,65,225,242,205,202,29,178... (inputs: "update")
- Cluster 4: returns {"data":[109,221,35,30,169,157,230,150,55,149,85,178,8,15... (inputs: "utf8")
- ... and 59 more clusters

### `classifyWithChecksum`

- **File:** /tmp/shatter-examples.e644oibi/standalone/ts/22-opaque-predicate.ts
- **Coverage:** 90.0%
- **Branches:** 4/4
- **Lines:** 9/10
- **Iterations:** 100
- **Constraints collected:** 143

**Behaviors:**

- Cluster 0: returns "checksum-miss" (inputs: "length")
- Cluster 1: returns "empty" (inputs: "")
- Cluster 2: returns "checksum-miss" (inputs: "empty")
- Cluster 3: returns "checksum-miss" (inputs: "too-long")
- Cluster 4: returns "checksum-miss" (inputs: "charCodeAt")
- ... and 2 more clusters

## Uncovered Branches

- `classifyString`: 0 uncovered branch(es) (90.9% coverage)
- `categorizeUser`: 1 uncovered branch(es) (72.7% coverage)
- `computeStats`: 4 uncovered branch(es) (31.2% coverage)
- `safeDivide`: 0 uncovered branch(es) (87.5% coverage)
- `computeArea`: 6 uncovered branch(es) (10.0% coverage)
- `routeRequest`: 7 uncovered branch(es) (30.8% coverage)
- `classifyHttpResponse`: 0 uncovered branch(es) (96.3% coverage)
- `processStateMachine`: 10 uncovered branch(es) (37.9% coverage)
- `authorizeRequest`: 12 uncovered branch(es) (13.8% coverage)
- `validateJwt`: 6 uncovered branch(es) (19.2% coverage)
- `checkRateLimit`: 1 uncovered branch(es) (77.8% coverage)
- `matchRoute`: 16 uncovered branch(es) (12.0% coverage)
- `resolveMiddleware`: 0 uncovered branch(es) (93.8% coverage)
- `romanToInt`: 1 uncovered branch(es) (82.4% coverage)
- `parseSemver`: 3 uncovered branch(es) (36.4% coverage)
- `satisfiesRange`: 9 uncovered branch(es) (63.9% coverage)
- `validateEmail`: 13 uncovered branch(es) (29.8% coverage)
- `parseCron`: 8 uncovered branch(es) (81.2% coverage)
- `classifyConfigs`: 3 uncovered branch(es) (41.7% coverage)
- `classifyStatus`: 3 uncovered branch(es) (12.5% coverage)
- `loadOrDefault`: 1 uncovered branch(es) (33.3% coverage)
- `negotiateLanguage`: 10 uncovered branch(es) (17.9% coverage)
- `evaluateRobotsPolicy`: 6 uncovered branch(es) (39.3% coverage)
- `parseDotenv`: 8 uncovered branch(es) (28.9% coverage)
- `classifySecret`: 2 uncovered branch(es) (28.6% coverage)
- `classifyWithChecksum`: 0 uncovered branch(es) (90.0% coverage)

## Interesting Inputs

### `classifyNumber`

- 0 -> "zero"
- -1 -> "negative"

### `compareMagnitudes`

- 100.0, 0.0 -> "both-small"
- 101, 0 -> "sum-large"
- 0.0, 100.0 -> "both-small"
- 1000.0, 0.0 -> "sum-large"
- 0.0, 1000.0 -> "sum-large"
- 100, 0 -> "both-small"
- 0, 0 -> "both-small"
- 0, 101 -> "sum-large"

### `classifyString`

- "" -> "empty"

### `transformString`

- "upper", "", 0 -> "upper"
- "upper", "upper", 0 -> "UPPER"
- "", "lower", 0 -> ""
- "", "reverse", 0 -> ""
- "", "repeat", 0 -> ""
- "", "repeat", 1 -> ""
- "", "upper", 0 -> ""
- "toUpperCase", "", 0 -> "toUpperCase"
- "", "toUpperCase", 0 -> ""
- "lower", "", 0 -> "lower"
- "toLowerCase", "", 0 -> "toLowerCase"
- "", "toLowerCase", 0 -> ""
- "reverse", "", 0 -> "reverse"
- "join", "", 0 -> "join"
- "", "join", 0 -> ""
- "split", "", 0 -> "split"
- "", "split", 0 -> ""
- "", "", 0 -> ""
- "repeat", "", 0 -> "repeat"
- "upper", "lower", 0 -> "upper"
- "upper", "reverse", 0 -> "reppu"
- "upper", "repeat", 0 -> ""
- "toUpperCase", "upper", 0 -> "TOUPPERCASE"
- "toUpperCase", "lower", 0 -> "touppercase"
- "toUpperCase", "reverse", 0 -> "esaCreppUot"
- "toUpperCase", "repeat", 0 -> ""
- "lower", "upper", 0 -> "LOWER"
- "lower", "lower", 0 -> "lower"
- "lower", "reverse", 0 -> "rewol"
- "lower", "repeat", 0 -> ""
- "toLowerCase", "upper", 0 -> "TOLOWERCASE"
- "toLowerCase", "lower", 0 -> "tolowercase"
- "toLowerCase", "reverse", 0 -> "esaCrewoLot"
- "toLowerCase", "repeat", 0 -> ""
- "reverse", "upper", 0 -> "REVERSE"
- "reverse", "lower", 0 -> "reverse"
- "reverse", "reverse", 0 -> "esrever"
- "reverse", "repeat", 0 -> ""
- "join", "upper", 0 -> "JOIN"
- "join", "lower", 0 -> "join"
- "join", "reverse", 0 -> "nioj"
- "join", "repeat", 0 -> ""
- "split", "upper", 0 -> "SPLIT"
- "split", "lower", 0 -> "split"
- "split", "reverse", 0 -> "tilps"
- "split", "repeat", 0 -> ""
- "repeat", "upper", 0 -> "REPEAT"
- "repeat", "lower", 0 -> "repeat"
- "repeat", "reverse", 0 -> "taeper"
- "repeat", "repeat", 0 -> ""

### `categorizeUser`

- {"age":-1,"isVerified":false,"name":"age","role":""} -> **error:** Error: invalid age
- {"age":-1,"isVerified":false,"name":"","role":"age"} -> **error:** Error: invalid age
- {"age":-1,"isVerified":false,"name":"invalid age","role":""} -> **error:** Error: invalid age
- {"age":-1,"isVerified":false,"name":"","role":"invalid age"} -> **error:** Error: invalid age
- {"age":-1,"isVerified":false,"name":"child","role":""} -> **error:** Error: invalid age
- {"age":-1,"isVerified":false,"name":"","role":"child"} -> **error:** Error: invalid age
- {"age":-1,"isVerified":false,"name":"teen","role":""} -> **error:** Error: invalid age
- {"age":-1,"isVerified":false,"name":"","role":"teen"} -> **error:** Error: invalid age
- {"age":-1,"isVerified":false,"name":"isVerified","role":""} -> **error:** Error: invalid age
- {"age":-1,"isVerified":false,"name":"","role":"isVerified"} -> **error:** Error: invalid age
- {"age":-1,"isVerified":false,"name":"role","role":""} -> **error:** Error: invalid age
- {"age":-1,"isVerified":false,"name":"","role":"role"} -> **error:** Error: invalid age
- {"age":-1,"isVerified":false,"name":"admin","role":""} -> **error:** Error: invalid age
- {"age":-1,"isVerified":false,"name":"","role":"admin"} -> **error:** Error: invalid age
- {"age":-1,"isVerified":false,"name":"verified-user","role... -> **error:** Error: invalid age
- {"age":-1,"isVerified":false,"name":"","role":"verified-u... -> **error:** Error: invalid age
- {"age":-1,"isVerified":false,"name":"unverified-user","ro... -> **error:** Error: invalid age
- {"age":-1,"isVerified":false,"name":"","role":"unverified... -> **error:** Error: invalid age

### `describeRectangle`

- {"height":-44.61208451543894,"width":-2.0} -> **error:** Error: non-positive dimension
- {"height":1,"width":0} -> **error:** Error: non-positive dimension

### `computeStats`

- {"length":1} -> **error:** TypeError: items is not iterable
- {"length":0} -> **error:** Error: empty array

### `safeDivide`

- 0.0, 0.0 -> **error:** Error: division by zero
- 0.0, 1 -> 0
- 0.0, 0 -> **error:** Error: division by zero

### `computeArea`

- null -> **error:** TypeError: Cannot read properties of null (reading 'kind')

### `routeRequest`

- {"authenticated":false,"body":null,"method":"length","pat... -> **error:** Error: empty path
- {"authenticated":false,"body":"length","method":"GET","pa... -> **error:** Error: empty path
- {"authenticated":false,"body":null,"method":"path","path"... -> **error:** Error: empty path
- {"authenticated":false,"body":"path","method":"GET","path... -> **error:** Error: empty path
- {"authenticated":false,"body":null,"method":"empty path",... -> **error:** Error: empty path
- {"authenticated":false,"body":"empty path","method":"GET"... -> **error:** Error: empty path
- {"authenticated":false,"body":null,"method":"method","pat... -> **error:** Error: empty path
- {"authenticated":false,"body":"method","method":"GET","pa... -> **error:** Error: empty path
- {"authenticated":false,"body":null,"method":"GET","path":""} -> **error:** Error: empty path
- {"authenticated":false,"body":"GET","method":"GET","path"... -> **error:** Error: empty path
- {"authenticated":false,"body":null,"method":"read","path"... -> **error:** Error: empty path
- {"authenticated":false,"body":"read","method":"GET","path... -> **error:** Error: empty path
- {"authenticated":false,"body":null,"method":"DELETE","pat... -> **error:** Error: empty path
- {"authenticated":false,"body":"DELETE","method":"GET","pa... -> **error:** Error: empty path
- {"authenticated":false,"body":null,"method":"authenticate... -> **error:** Error: empty path
- {"authenticated":false,"body":"authenticated","method":"G... -> **error:** Error: empty path
- {"authenticated":false,"body":null,"method":"auth require... -> **error:** Error: empty path
- {"authenticated":false,"body":"auth required","method":"G... -> **error:** Error: empty path
- {"authenticated":false,"body":null,"method":"delete","pat... -> **error:** Error: empty path
- {"authenticated":false,"body":"delete","method":"GET","pa... -> **error:** Error: empty path
- {"authenticated":false,"body":null,"method":"POST","path"... -> **error:** Error: empty path
- {"authenticated":false,"body":"POST","method":"GET","path... -> **error:** Error: empty path
- {"authenticated":false,"body":null,"method":"body","path"... -> **error:** Error: empty path
- {"authenticated":false,"body":"body","method":"GET","path... -> **error:** Error: empty path
- {"authenticated":false,"body":null,"method":"body require... -> **error:** Error: empty path
- {"authenticated":false,"body":"body required","method":"G... -> **error:** Error: empty path
- {"authenticated":false,"body":null,"method":"create","pat... -> **error:** Error: empty path
- {"authenticated":false,"body":"create","method":"GET","pa... -> **error:** Error: empty path
- {"authenticated":false,"body":null,"method":"PUT","path":""} -> **error:** Error: empty path
- {"authenticated":false,"body":"PUT","method":"GET","path"... -> **error:** Error: empty path
- {"authenticated":false,"body":null,"method":"update","pat... -> **error:** Error: empty path
- {"authenticated":false,"body":"update","method":"GET","pa... -> **error:** Error: empty path

### `classifyHttpResponse`

- 100.0, "", null -> "informational"
- 200.0, "", null -> "ok-binary"
- 300.0, "", null -> "redirect-other"
- 201.0, "", null -> "created-empty"
- 204.0, "", null -> "no-content"
- 400.0, "", null -> "client-error"
- 301.0, "", null -> "redirect"
- 500.0, "", null -> "server-error"
- 401.0, "", null -> "auth-error"
- 200, "text/", null -> "ok-text"
- 200, "application/json", null -> "ok-json"
- 7.427253979798078, "test", null -> **error:** Error: invalid status
- 7.160266314699853, "test", null -> **error:** Error: invalid status
- 257.14193695405197, "test", null -> "success-other"
- 3.4351707950164707, "test", null -> **error:** Error: invalid status
- 0.4211047059971159, "test", null -> **error:** Error: invalid status
- 0, "", null -> **error:** Error: invalid status
- 600.0, "", null -> **error:** Error: invalid status
- 0.0, "invalid status", null -> **error:** Error: invalid status
- 0.0, "", "invalid status" -> **error:** Error: invalid status
- 0.0, "informational", null -> **error:** Error: invalid status
- 0.0, "", "informational" -> **error:** Error: invalid status
- 0.0, "startsWith", null -> **error:** Error: invalid status
- 0.0, "", "startsWith" -> **error:** Error: invalid status
- 0.0, "text/", null -> **error:** Error: invalid status
- 0.0, "", "text/" -> **error:** Error: invalid status
- 0.0, "ok-text", null -> **error:** Error: invalid status
- 0.0, "", "ok-text" -> **error:** Error: invalid status
- 0.0, "application/json", null -> **error:** Error: invalid status
- 0.0, "", "application/json" -> **error:** Error: invalid status
- 0.0, "ok-json", null -> **error:** Error: invalid status
- 0.0, "", "ok-json" -> **error:** Error: invalid status
- 0.0, "ok-binary", null -> **error:** Error: invalid status
- 0.0, "", "ok-binary" -> **error:** Error: invalid status
- 0.0, "length", null -> **error:** Error: invalid status
- 0.0, "", "length" -> **error:** Error: invalid status
- 0.0, "", null -> **error:** Error: invalid status
- 0.0, "created-with-body", null -> **error:** Error: invalid status
- 0.0, "", "created-with-body" -> **error:** Error: invalid status
- 0.0, "created-empty", null -> **error:** Error: invalid status
- 0.0, "", "created-empty" -> **error:** Error: invalid status
- 0.0, "no-content", null -> **error:** Error: invalid status
- 0.0, "", "no-content" -> **error:** Error: invalid status
- 0.0, "success-other", null -> **error:** Error: invalid status
- 0.0, "", "success-other" -> **error:** Error: invalid status
- 302.0, "", null -> "redirect"
- 0.0, "redirect", null -> **error:** Error: invalid status
- 0.0, "", "redirect" -> **error:** Error: invalid status
- 0.0, "redirect-other", null -> **error:** Error: invalid status
- 0.0, "", "redirect-other" -> **error:** Error: invalid status
- 403.0, "", null -> "auth-error"
- 0.0, "auth-error", null -> **error:** Error: invalid status
- 0.0, "", "auth-error" -> **error:** Error: invalid status
- 0.0, "client-error", null -> **error:** Error: invalid status
- 0.0, "", "client-error" -> **error:** Error: invalid status
- 0.0, "server-error", null -> **error:** Error: invalid status
- 0.0, "", "server-error" -> **error:** Error: invalid status
- 456, "", null -> "client-error"
- 580, "", null -> "server-error"
- 580, "invalid status", null -> "server-error"
- 580, "", "invalid status" -> "server-error"
- 164, "", null -> "informational"
- 556, "", null -> "server-error"
- 201, "", null -> "created-empty"
- 580, "informational", null -> "server-error"
- 580, "", "informational" -> "server-error"
- 264, "", null -> "success-other"
- 528, "", null -> "server-error"
- 301, "", null -> "redirect"
- 580, "startsWith", null -> "server-error"
- 580, "", "startsWith" -> "server-error"
- 580, "text/", null -> "server-error"
- 580, "", "text/" -> "server-error"
- 580, "ok-text", null -> "server-error"
- 580, "", "ok-text" -> "server-error"
- 580, "application/json", null -> "server-error"
- 580, "", "application/json" -> "server-error"
- 580, "ok-json", null -> "server-error"
- 580, "", "ok-json" -> "server-error"
- 580, "ok-binary", null -> "server-error"
- 580, "", "ok-binary" -> "server-error"
- 200, "", null -> "ok-binary"
- 580, "length", null -> "server-error"
- 580, "", "length" -> "server-error"
- 580, "created-with-body", null -> "server-error"
- 580, "", "created-with-body" -> "server-error"
- 580, "created-empty", null -> "server-error"
- 580, "", "created-empty" -> "server-error"
- 202, "", null -> "success-other"
- 580, "no-content", null -> "server-error"
- 580, "", "no-content" -> "server-error"

### `processStateMachine`

- ["idle"], 0.0 -> "invalid-transition"
- {"length":0}, 0.0 -> "idle"
- ["start"], 0.0 -> "loading"
- {"length":1}, 0.0 -> **error:** TypeError: events is not iterable
- null, 1.5130523194240273 -> **error:** TypeError: Cannot read properties of null (reading 'length')
- null, 100.19660639556798 -> **error:** TypeError: Cannot read properties of null (reading 'length')
- null, 0.7432965641846407 -> **error:** TypeError: Cannot read properties of null (reading 'length')
- null, 3.4829018345321012 -> **error:** TypeError: Cannot read properties of null (reading 'length')
- null, 99.9221807114412 -> **error:** TypeError: Cannot read properties of null (reading 'length')
- [], 0.0 -> "idle"
- ["length"], 0.0 -> "invalid-transition"
- ["loading"], 0.0 -> "invalid-transition"
- ["invalid-transition"], 0.0 -> "invalid-transition"
- ["success"], 0.0 -> "invalid-transition"
- ["error"], 0.0 -> "invalid-transition"
- ["reset"], 0.0 -> "invalid-transition"
- ["done"], 0.0 -> "invalid-transition"

### `authorizeRequest`

- {"active":false,"id":"length","roles":[]}, "", "", "" -> "denied: no roles"
- {"active":false,"id":"length","roles":{"length":1}}, "", "", "" -> "denied: inactive user"
- {"active":false,"id":"","roles":[]}, "length", "", "" -> "denied: no roles"
- {"active":false,"id":"","roles":[]}, "", "length", "" -> "denied: no roles"
- {"active":false,"id":"","roles":[]}, "", "", "length" -> "denied: no roles"
- {"active":false,"id":"roles","roles":[]}, "", "", "" -> "denied: no roles"
- {"active":false,"id":"","roles":[]}, "roles", "", "" -> "denied: no roles"
- {"active":false,"id":"","roles":[]}, "", "roles", "" -> "denied: no roles"
- {"active":false,"id":"","roles":[]}, "", "", "roles" -> "denied: no roles"
- {"active":false,"id":"denied: no roles","roles":[]}, "", "", "" -> "denied: no roles"
- {"active":false,"id":"","roles":[]}, "denied: no roles", "", "" -> "denied: no roles"
- {"active":false,"id":"","roles":[]}, "", "denied: no roles", "" -> "denied: no roles"
- {"active":false,"id":"","roles":[]}, "", "", "denied: no roles" -> "denied: no roles"
- {"active":false,"id":"active","roles":[]}, "", "", "" -> "denied: no roles"
- {"active":false,"id":"","roles":[]}, "active", "", "" -> "denied: no roles"
- {"active":false,"id":"","roles":[]}, "", "active", "" -> "denied: no roles"
- {"active":false,"id":"","roles":[]}, "", "", "active" -> "denied: no roles"
- {"active":false,"id":"denied: inactive user","roles":[]}, "", "", "" -> "denied: no roles"
- {"active":false,"id":"","roles":[]}, "denied: inactive user", "", "" -> "denied: no roles"
- {"active":false,"id":"","roles":[]}, "", "denied: inactive user", "" -> "denied: no roles"
- {"active":false,"id":"","roles":[]}, "", "", "denied: inactive user" -> "denied: no roles"
- {"active":false,"id":"denied: invalid resource","roles":[]}, "", "", "" -> "denied: no roles"
- {"active":false,"id":"","roles":[]}, "denied: invalid resource", "", "" -> "denied: no roles"
- {"active":false,"id":"","roles":[]}, "", "denied: invalid resource", "" -> "denied: no roles"
- {"active":false,"id":"","roles":[]}, "", "", "denied: invalid resource" -> "denied: no roles"
- {"active":false,"id":"includes","roles":[]}, "", "", "" -> "denied: no roles"
- {"active":false,"id":"","roles":[]}, "includes", "", "" -> "denied: no roles"
- {"active":false,"id":"","roles":[]}, "", "includes", "" -> "denied: no roles"
- {"active":false,"id":"","roles":[]}, "", "", "includes" -> "denied: no roles"
- {"active":false,"id":"denied: invalid action","roles":[]}, "", "", "" -> "denied: no roles"
- {"active":false,"id":"","roles":[]}, "denied: invalid action", "", "" -> "denied: no roles"
- {"active":false,"id":"","roles":[]}, "", "denied: invalid action", "" -> "denied: no roles"
- {"active":false,"id":"","roles":[]}, "", "", "denied: invalid action" -> "denied: no roles"
- {"active":false,"id":"superadmin","roles":[]}, "", "", "" -> "denied: no roles"
- {"active":false,"id":"","roles":[]}, "superadmin", "", "" -> "denied: no roles"
- {"active":false,"id":"","roles":[]}, "", "superadmin", "" -> "denied: no roles"
- {"active":false,"id":"","roles":[]}, "", "", "superadmin" -> "denied: no roles"
- {"active":false,"id":"granted: superadmin","roles":[]}, "", "", "" -> "denied: no roles"
- {"active":false,"id":"","roles":[]}, "granted: superadmin", "", "" -> "denied: no roles"
- {"active":false,"id":"","roles":[]}, "", "granted: superadmin", "" -> "denied: no roles"
- {"active":false,"id":"","roles":[]}, "", "", "granted: superadmin" -> "denied: no roles"
- {"active":false,"id":"id","roles":[]}, "", "", "" -> "denied: no roles"
- {"active":false,"id":"","roles":[]}, "id", "", "" -> "denied: no roles"
- {"active":false,"id":"","roles":[]}, "", "id", "" -> "denied: no roles"
- {"active":false,"id":"","roles":[]}, "", "", "id" -> "denied: no roles"
- {"active":false,"id":"read","roles":[]}, "", "", "" -> "denied: no roles"
- {"active":false,"id":"","roles":[]}, "read", "", "" -> "denied: no roles"
- {"active":false,"id":"","roles":[]}, "", "read", "" -> "denied: no roles"
- {"active":false,"id":"","roles":[]}, "", "", "read" -> "denied: no roles"
- {"active":false,"id":"granted: owner-read","roles":[]}, "", "", "" -> "denied: no roles"
- {"active":false,"id":"","roles":[]}, "granted: owner-read", "", "" -> "denied: no roles"
- {"active":false,"id":"","roles":[]}, "", "granted: owner-read", "" -> "denied: no roles"
- {"active":false,"id":"","roles":[]}, "", "", "granted: owner-read" -> "denied: no roles"
- {"active":false,"id":"write","roles":[]}, "", "", "" -> "denied: no roles"
- {"active":false,"id":"","roles":[]}, "write", "", "" -> "denied: no roles"
- {"active":false,"id":"","roles":[]}, "", "write", "" -> "denied: no roles"
- {"active":false,"id":"","roles":[]}, "", "", "write" -> "denied: no roles"
- {"active":false,"id":"granted: owner-write","roles":[]}, "", "", "" -> "denied: no roles"
- {"active":false,"id":"","roles":[]}, "granted: owner-write", "", "" -> "denied: no roles"
- {"active":false,"id":"","roles":[]}, "", "granted: owner-write", "" -> "denied: no roles"
- {"active":false,"id":"","roles":[]}, "", "", "granted: owner-write" -> "denied: no roles"
- {"active":false,"id":"delete","roles":[]}, "", "", "" -> "denied: no roles"
- {"active":false,"id":"","roles":[]}, "delete", "", "" -> "denied: no roles"
- {"active":false,"id":"","roles":[]}, "", "delete", "" -> "denied: no roles"
- {"active":false,"id":"","roles":[]}, "", "", "delete" -> "denied: no roles"
- {"active":false,"id":"granted: owner-delete","roles":[]}, "", "", "" -> "denied: no roles"
- {"active":false,"id":"","roles":[]}, "granted: owner-delete", "", "" -> "denied: no roles"
- {"active":false,"id":"","roles":[]}, "", "granted: owner-delete", "" -> "denied: no roles"
- {"active":false,"id":"","roles":[]}, "", "", "granted: owner-delete" -> "denied: no roles"
- {"active":false,"id":"admin","roles":[]}, "", "", "" -> "denied: no roles"
- {"active":false,"id":"","roles":[]}, "admin", "", "" -> "denied: no roles"
- {"active":false,"id":"","roles":[]}, "", "admin", "" -> "denied: no roles"
- {"active":false,"id":"","roles":[]}, "", "", "admin" -> "denied: no roles"
- {"active":false,"id":"granted: admin-read","roles":[]}, "", "", "" -> "denied: no roles"
- {"active":false,"id":"","roles":[]}, "granted: admin-read", "", "" -> "denied: no roles"
- {"active":false,"id":"","roles":[]}, "", "granted: admin-read", "" -> "denied: no roles"
- {"active":false,"id":"","roles":[]}, "", "", "granted: admin-read" -> "denied: no roles"
- {"active":false,"id":"granted: admin-write","roles":[]}, "", "", "" -> "denied: no roles"
- {"active":false,"id":"","roles":[]}, "granted: admin-write", "", "" -> "denied: no roles"
- {"active":false,"id":"","roles":[]}, "", "granted: admin-write", "" -> "denied: no roles"
- {"active":false,"id":"","roles":[]}, "", "", "granted: admin-write" -> "denied: no roles"
- {"active":false,"id":"denied: admin-no-delete","roles":[]}, "", "", "" -> "denied: no roles"
- {"active":false,"id":"","roles":[]}, "denied: admin-no-delete", "", "" -> "denied: no roles"
- {"active":false,"id":"","roles":[]}, "", "denied: admin-no-delete", "" -> "denied: no roles"
- {"active":false,"id":"","roles":[]}, "", "", "denied: admin-no-delete" -> "denied: no roles"
- {"active":false,"id":"viewer","roles":[]}, "", "", "" -> "denied: no roles"
- {"active":false,"id":"","roles":[]}, "viewer", "", "" -> "denied: no roles"
- {"active":false,"id":"","roles":[]}, "", "viewer", "" -> "denied: no roles"
- {"active":false,"id":"","roles":[]}, "", "", "viewer" -> "denied: no roles"
- {"active":false,"id":"granted: viewer","roles":[]}, "", "", "" -> "denied: no roles"
- {"active":false,"id":"","roles":[]}, "granted: viewer", "", "" -> "denied: no roles"
- {"active":false,"id":"","roles":[]}, "", "granted: viewer", "" -> "denied: no roles"
- {"active":false,"id":"","roles":[]}, "", "", "granted: viewer" -> "denied: no roles"
- {"active":false,"id":"denied: viewer-readonly","roles":[]}, "", "", "" -> "denied: no roles"
- {"active":false,"id":"","roles":[]}, "denied: viewer-readonly", "", "" -> "denied: no roles"
- {"active":false,"id":"","roles":[]}, "", "denied: viewer-readonly", "" -> "denied: no roles"
- {"active":false,"id":"","roles":[]}, "", "", "denied: viewer-readonly" -> "denied: no roles"
- {"active":false,"id":"denied: no matching role","roles":[]}, "", "", "" -> "denied: no roles"
- {"active":false,"id":"","roles":[]}, "denied: no matching role", "", "" -> "denied: no roles"
- {"active":false,"id":"","roles":[]}, "", "denied: no matching role", "" -> "denied: no roles"

### `validateJwt`

- "", "", "", "", 0.0 -> "invalid: empty token"
- "length", "", "", "", 0.0 -> "invalid: malformed token"
- "", "length", "", "", 0.0 -> "invalid: empty token"
- "", "", "length", "", 0.0 -> "invalid: empty token"
- "", "", "", "length", 0.0 -> "invalid: empty token"
- "invalid: empty token", "", "", "", 0.0 -> "invalid: malformed token"
- "", "invalid: empty token", "", "", 0.0 -> "invalid: empty token"
- "", "", "invalid: empty token", "", 0.0 -> "invalid: empty token"
- "", "", "", "invalid: empty token", 0.0 -> "invalid: empty token"
- "split", "", "", "", 0.0 -> "invalid: malformed token"
- "", "split", "", "", 0.0 -> "invalid: empty token"
- "", "", "split", "", 0.0 -> "invalid: empty token"
- "", "", "", "split", 0.0 -> "invalid: empty token"
- ".", "", "", "", 0.0 -> "invalid: malformed token"
- "", ".", "", "", 0.0 -> "invalid: empty token"
- "", "", ".", "", 0.0 -> "invalid: empty token"
- "", "", "", ".", 0.0 -> "invalid: empty token"
- "", "", "", "", 3.0 -> "invalid: empty token"
- "invalid: malformed token", "", "", "", 0.0 -> "invalid: malformed token"
- "", "invalid: malformed token", "", "", 0.0 -> "invalid: empty token"
- "", "", "invalid: malformed token", "", 0.0 -> "invalid: empty token"
- "", "", "", "invalid: malformed token", 0.0 -> "invalid: empty token"
- "parse", "", "", "", 0.0 -> "invalid: malformed token"
- "", "parse", "", "", 0.0 -> "invalid: empty token"
- "", "", "parse", "", 0.0 -> "invalid: empty token"
- "", "", "", "parse", 0.0 -> "invalid: empty token"
- "toString", "", "", "", 0.0 -> "invalid: malformed token"
- "", "toString", "", "", 0.0 -> "invalid: empty token"
- "", "", "toString", "", 0.0 -> "invalid: empty token"
- "", "", "", "toString", 0.0 -> "invalid: empty token"
- "from", "", "", "", 0.0 -> "invalid: malformed token"
- "", "from", "", "", 0.0 -> "invalid: empty token"
- "", "", "from", "", 0.0 -> "invalid: empty token"
- "", "", "", "from", 0.0 -> "invalid: empty token"
- "base64", "", "", "", 0.0 -> "invalid: malformed token"
- "", "base64", "", "", 0.0 -> "invalid: empty token"
- "", "", "base64", "", 0.0 -> "invalid: empty token"
- "", "", "", "base64", 0.0 -> "invalid: empty token"
- "invalid: corrupt header", "", "", "", 0.0 -> "invalid: malformed token"
- "", "invalid: corrupt header", "", "", 0.0 -> "invalid: empty token"
- "", "", "invalid: corrupt header", "", 0.0 -> "invalid: empty token"
- "", "", "", "invalid: corrupt header", 0.0 -> "invalid: empty token"
- "alg", "", "", "", 0.0 -> "invalid: malformed token"
- "", "alg", "", "", 0.0 -> "invalid: empty token"
- "", "", "alg", "", 0.0 -> "invalid: empty token"
- "", "", "", "alg", 0.0 -> "invalid: empty token"
- "HS256", "", "", "", 0.0 -> "invalid: malformed token"
- "", "HS256", "", "", 0.0 -> "invalid: empty token"
- "", "", "HS256", "", 0.0 -> "invalid: empty token"
- "", "", "", "HS256", 0.0 -> "invalid: empty token"
- "invalid: unsupported algorithm", "", "", "", 0.0 -> "invalid: malformed token"
- "", "invalid: unsupported algorithm", "", "", 0.0 -> "invalid: empty token"
- "", "", "invalid: unsupported algorithm", "", 0.0 -> "invalid: empty token"
- "", "", "", "invalid: unsupported algorithm", 0.0 -> "invalid: empty token"
- "", "", "", "", 1.0 -> "invalid: empty token"
- "invalid: corrupt payload", "", "", "", 0.0 -> "invalid: malformed token"
- "", "invalid: corrupt payload", "", "", 0.0 -> "invalid: empty token"
- "", "", "invalid: corrupt payload", "", 0.0 -> "invalid: empty token"
- "", "", "", "invalid: corrupt payload", 0.0 -> "invalid: empty token"
- "exp", "", "", "", 0.0 -> "invalid: malformed token"
- "", "exp", "", "", 0.0 -> "invalid: empty token"
- "", "", "exp", "", 0.0 -> "invalid: empty token"
- "", "", "", "exp", 0.0 -> "invalid: empty token"
- "number", "", "", "", 0.0 -> "invalid: malformed token"
- "", "number", "", "", 0.0 -> "invalid: empty token"
- "", "", "number", "", 0.0 -> "invalid: empty token"
- "", "", "", "number", 0.0 -> "invalid: empty token"
- "invalid: token expired", "", "", "", 0.0 -> "invalid: malformed token"
- "", "invalid: token expired", "", "", 0.0 -> "invalid: empty token"
- "", "", "invalid: token expired", "", 0.0 -> "invalid: empty token"
- "", "", "", "invalid: token expired", 0.0 -> "invalid: empty token"
- "iss", "", "", "", 0.0 -> "invalid: malformed token"
- "", "iss", "", "", 0.0 -> "invalid: empty token"
- "", "", "iss", "", 0.0 -> "invalid: empty token"
- "", "", "", "iss", 0.0 -> "invalid: empty token"
- "invalid: wrong issuer", "", "", "", 0.0 -> "invalid: malformed token"
- "", "invalid: wrong issuer", "", "", 0.0 -> "invalid: empty token"
- "", "", "invalid: wrong issuer", "", 0.0 -> "invalid: empty token"
- "", "", "", "invalid: wrong issuer", 0.0 -> "invalid: empty token"
- "isArray", "", "", "", 0.0 -> "invalid: malformed token"
- "", "isArray", "", "", 0.0 -> "invalid: empty token"
- "", "", "isArray", "", 0.0 -> "invalid: empty token"
- "", "", "", "isArray", 0.0 -> "invalid: empty token"
- "aud", "", "", "", 0.0 -> "invalid: malformed token"
- "", "aud", "", "", 0.0 -> "invalid: empty token"
- "", "", "aud", "", 0.0 -> "invalid: empty token"
- "", "", "", "aud", 0.0 -> "invalid: empty token"
- "includes", "", "", "", 0.0 -> "invalid: malformed token"
- "", "includes", "", "", 0.0 -> "invalid: empty token"
- "", "", "includes", "", 0.0 -> "invalid: empty token"
- "", "", "", "includes", 0.0 -> "invalid: empty token"
- "invalid: wrong audience", "", "", "", 0.0 -> "invalid: malformed token"
- "", "invalid: wrong audience", "", "", 0.0 -> "invalid: empty token"
- "", "", "invalid: wrong audience", "", 0.0 -> "invalid: empty token"
- "", "", "", "invalid: wrong audience", 0.0 -> "invalid: empty token"
- "scope", "", "", "", 0.0 -> "invalid: malformed token"
- "", "scope", "", "", 0.0 -> "invalid: empty token"
- "", "", "scope", "", 0.0 -> "invalid: empty token"
- "", "", "", "scope", 0.0 -> "invalid: empty token"

### `checkRateLimit`

- {"lastRefillMs":0,"penaltyUntilMs":1,"tokens":0.0}, 1, 1, 0, "" -> {"allowed":false,"newState":{"lastRefillMs":0,"penaltyUnt...
- null, 257.3789762065867, 1.0, 1.0, "test" -> {"allowed":false,"newState":{"lastRefillMs":1,"penaltyUnt...
- null, 0.5496127862724617, 1.0, 1.0, "test" -> {"allowed":false,"newState":{"lastRefillMs":1,"penaltyUnt...
- null, 42.53007955817542, 1.0, 1.0, "test" -> {"allowed":false,"newState":{"lastRefillMs":1,"penaltyUnt...
- null, 257.4263710341899, 1.0, 1.0, "test" -> {"allowed":false,"newState":{"lastRefillMs":1,"penaltyUnt...
- null, 3.183980424188469, 1.0, 1.0, "test" -> {"allowed":false,"newState":{"lastRefillMs":1,"penaltyUnt...
- null, 1.0, -16.92457253701905, 1.0, "test" -> **error:** Error: invalid refill rate
- null, 1.0, 257.3011889539741, 1.0, "test" -> {"allowed":false,"newState":{"lastRefillMs":1,"penaltyUnt...
- null, 1.0, 7.214977255705294, 1.0, "test" -> {"allowed":false,"newState":{"lastRefillMs":1,"penaltyUnt...
- null, 1.0, 7.302593501219555, 1.0, "test" -> {"allowed":false,"newState":{"lastRefillMs":1,"penaltyUnt...
- null, 1.0, -17.02342779870571, 1.0, "test" -> **error:** Error: invalid refill rate
- null, 1.0, 1.0, 7.561494149978281, "test" -> {"allowed":false,"newState":{"lastRefillMs":7.56149414997...
- null, 1.0, 1.0, -2.656701216726015, "test" -> **error:** Error: clock skew detected
- null, 1.0, 1.0, 0.4379533904866665, "test" -> {"allowed":false,"newState":{"lastRefillMs":0.43795339048...
- null, 1.0, 1.0, -2.4796955416361914, "test" -> **error:** Error: clock skew detected
- null, 1.0, 1.0, 1.7755068987404705, "test" -> {"allowed":false,"newState":{"lastRefillMs":1.77550689874...
- {"lastRefillMs":0.0,"penaltyUntilMs":0.0,"tokens":0.0}, 0.0, 0.0, 0.0, "" -> **error:** Error: invalid capacity
- {"lastRefillMs":0.0,"penaltyUntilMs":0.0,"tokens":0.0}, 1, 0.0, 0.0, "" -> **error:** Error: invalid refill rate
- {"lastRefillMs":0.0,"penaltyUntilMs":0.0,"tokens":0.0}, 0.0, 0.0, 0.0, "invalid capacity" -> **error:** Error: invalid capacity
- {"lastRefillMs":0.0,"penaltyUntilMs":0.0,"tokens":0.0}, 0.0, 0.0, 0.0, "invalid refill rate" -> **error:** Error: invalid capacity
- {"lastRefillMs":0.0,"penaltyUntilMs":0.0,"tokens":0.0}, 0.0, 0.0, 0.0, "lastRefillMs" -> **error:** Error: invalid capacity
- {"lastRefillMs":0.0,"penaltyUntilMs":0.0,"tokens":0.0}, 0.0, 0.0, 0.0, "clock skew detected" -> **error:** Error: invalid capacity
- {"lastRefillMs":0.0,"penaltyUntilMs":0.0,"tokens":0.0}, 0.0, 0.0, 0.0, "penaltyUntilMs" -> **error:** Error: invalid capacity
- {"lastRefillMs":0.0,"penaltyUntilMs":0.0,"tokens":0.0}, 0.0, 0.0, 0.0, "denied: penalty active" -> **error:** Error: invalid capacity
- {"lastRefillMs":0.0,"penaltyUntilMs":0.0,"tokens":0.0}, 1000.0, 0.0, 0.0, "" -> **error:** Error: invalid refill rate
- {"lastRefillMs":0.0,"penaltyUntilMs":0.0,"tokens":0.0}, 0.0, 1000.0, 0.0, "" -> **error:** Error: invalid capacity
- {"lastRefillMs":0.0,"penaltyUntilMs":0.0,"tokens":0.0}, 0.0, 0.0, 1000.0, "" -> **error:** Error: invalid capacity
- {"lastRefillMs":0.0,"penaltyUntilMs":0.0,"tokens":0.0}, 0.0, 0.0, 0.0, "min" -> **error:** Error: invalid capacity
- {"lastRefillMs":0.0,"penaltyUntilMs":0.0,"tokens":0.0}, 0.0, 0.0, 0.0, "tokens" -> **error:** Error: invalid capacity
- {"lastRefillMs":0.0,"penaltyUntilMs":0.0,"tokens":0.0}, 0.0, 0.0, 0.0, "denied: unknown priority" -> **error:** Error: invalid capacity
- {"lastRefillMs":0.0,"penaltyUntilMs":0.0,"tokens":0.0}, 0.0, 0.0, 0.0, "denied: insufficient tokens" -> **error:** Error: invalid capacity
- {"lastRefillMs":0.0,"penaltyUntilMs":0.0,"tokens":0.0}, 1.0, 0.0, 0.0, "" -> **error:** Error: invalid refill rate
- {"lastRefillMs":0.0,"penaltyUntilMs":0.0,"tokens":0.0}, 0.0, 1.0, 0.0, "" -> **error:** Error: invalid capacity
- {"lastRefillMs":0.0,"penaltyUntilMs":0.0,"tokens":0.0}, 0.0, 0.0, 1.0, "" -> **error:** Error: invalid capacity
- {"lastRefillMs":0.0,"penaltyUntilMs":0.0,"tokens":0.0}, 2.0, 0.0, 0.0, "" -> **error:** Error: invalid refill rate
- {"lastRefillMs":0.0,"penaltyUntilMs":0.0,"tokens":0.0}, 0.0, 2.0, 0.0, "" -> **error:** Error: invalid capacity
- {"lastRefillMs":0.0,"penaltyUntilMs":0.0,"tokens":0.0}, 0.0, 0.0, 2.0, "" -> **error:** Error: invalid capacity
- {"lastRefillMs":0.0,"penaltyUntilMs":0.0,"tokens":0.0}, 5.0, 0.0, 0.0, "" -> **error:** Error: invalid refill rate
- {"lastRefillMs":0.0,"penaltyUntilMs":0.0,"tokens":0.0}, 0.0, 5.0, 0.0, "" -> **error:** Error: invalid capacity
- {"lastRefillMs":0.0,"penaltyUntilMs":0.0,"tokens":0.0}, 0.0, 0.0, 5.0, "" -> **error:** Error: invalid capacity
- {"lastRefillMs":0.0,"penaltyUntilMs":0.0,"tokens":0.0}, 10.0, 0.0, 0.0, "" -> **error:** Error: invalid refill rate
- {"lastRefillMs":0.0,"penaltyUntilMs":0.0,"tokens":0.0}, 0.0, 10.0, 0.0, "" -> **error:** Error: invalid capacity
- {"lastRefillMs":0.0,"penaltyUntilMs":0.0,"tokens":0.0}, 0.0, 0.0, 10.0, "" -> **error:** Error: invalid capacity
- {"lastRefillMs":0.0,"penaltyUntilMs":0.0,"tokens":0.0}, 0, 0.0, 0.0, "" -> **error:** Error: invalid capacity
- {"lastRefillMs":0.0,"penaltyUntilMs":0.0,"tokens":0.0}, 1, 1, 0.0, "" -> {"allowed":false,"newState":{"lastRefillMs":0,"penaltyUnt...
- {"lastRefillMs":0.0,"penaltyUntilMs":0.0,"tokens":0.0}, 1, 0.0, 0.0, "invalid capacity" -> **error:** Error: invalid refill rate
- {"lastRefillMs":0.0,"penaltyUntilMs":0.0,"tokens":0.0}, 1, 0.0, 0.0, "invalid refill rate" -> **error:** Error: invalid refill rate
- {"lastRefillMs":0.0,"penaltyUntilMs":0.0,"tokens":0.0}, 1, 0.0, 0.0, "lastRefillMs" -> **error:** Error: invalid refill rate
- {"lastRefillMs":0.0,"penaltyUntilMs":0.0,"tokens":0.0}, 1, 0.0, 0.0, "clock skew detected" -> **error:** Error: invalid refill rate
- {"lastRefillMs":0.0,"penaltyUntilMs":0.0,"tokens":0.0}, 1, 0.0, 0.0, "penaltyUntilMs" -> **error:** Error: invalid refill rate
- {"lastRefillMs":0.0,"penaltyUntilMs":0.0,"tokens":0.0}, 1, 0.0, 0.0, "denied: penalty active" -> **error:** Error: invalid refill rate
- {"lastRefillMs":0.0,"penaltyUntilMs":0.0,"tokens":0.0}, 1, 1000.0, 0.0, "" -> {"allowed":false,"newState":{"lastRefillMs":0,"penaltyUnt...
- {"lastRefillMs":0.0,"penaltyUntilMs":0.0,"tokens":0.0}, 1, 0.0, 1000.0, "" -> **error:** Error: invalid refill rate
- {"lastRefillMs":0.0,"penaltyUntilMs":0.0,"tokens":0.0}, 1, 0.0, 0.0, "min" -> **error:** Error: invalid refill rate
- {"lastRefillMs":0.0,"penaltyUntilMs":0.0,"tokens":0.0}, 1, 0.0, 0.0, "tokens" -> **error:** Error: invalid refill rate
- {"lastRefillMs":0.0,"penaltyUntilMs":0.0,"tokens":0.0}, 1, 0.0, 0.0, "denied: unknown priority" -> **error:** Error: invalid refill rate
- {"lastRefillMs":0.0,"penaltyUntilMs":0.0,"tokens":0.0}, 1, 0.0, 0.0, "denied: insufficient tokens" -> **error:** Error: invalid refill rate
- {"lastRefillMs":0.0,"penaltyUntilMs":0.0,"tokens":0.0}, 1, 1.0, 0.0, "" -> {"allowed":false,"newState":{"lastRefillMs":0,"penaltyUnt...
- {"lastRefillMs":0.0,"penaltyUntilMs":0.0,"tokens":0.0}, 1, 0.0, 1.0, "" -> **error:** Error: invalid refill rate
- {"lastRefillMs":0.0,"penaltyUntilMs":0.0,"tokens":0.0}, 1, 2.0, 0.0, "" -> {"allowed":false,"newState":{"lastRefillMs":0,"penaltyUnt...
- {"lastRefillMs":0.0,"penaltyUntilMs":0.0,"tokens":0.0}, 1, 0.0, 2.0, "" -> **error:** Error: invalid refill rate
- {"lastRefillMs":0.0,"penaltyUntilMs":0.0,"tokens":0.0}, 1, 5.0, 0.0, "" -> {"allowed":false,"newState":{"lastRefillMs":0,"penaltyUnt...
- {"lastRefillMs":0.0,"penaltyUntilMs":0.0,"tokens":0.0}, 1, 0.0, 5.0, "" -> **error:** Error: invalid refill rate
- {"lastRefillMs":0.0,"penaltyUntilMs":0.0,"tokens":0.0}, 1, 10.0, 0.0, "" -> {"allowed":false,"newState":{"lastRefillMs":0,"penaltyUnt...
- {"lastRefillMs":0.0,"penaltyUntilMs":0.0,"tokens":0.0}, 1, 0.0, 10.0, "" -> **error:** Error: invalid refill rate
- {"lastRefillMs":0.0,"penaltyUntilMs":0.0,"tokens":0.0}, 0, 1, 0.0, "" -> **error:** Error: invalid capacity
- {"lastRefillMs":0.0,"penaltyUntilMs":0.0,"tokens":0.0}, 1, 0, 0.0, "" -> **error:** Error: invalid refill rate
- {"lastRefillMs":1,"penaltyUntilMs":0.0,"tokens":0.0}, 1, 1, 0, "" -> **error:** Error: clock skew detected
- {"lastRefillMs":0.0,"penaltyUntilMs":0.0,"tokens":0.0}, 0, 0.0, 0.0, "invalid capacity" -> **error:** Error: invalid capacity
- {"lastRefillMs":0.0,"penaltyUntilMs":0.0,"tokens":0.0}, 1, 1, 0.0, "invalid capacity" -> {"allowed":false,"newState":{"lastRefillMs":0,"penaltyUnt...
- {"lastRefillMs":0.0,"penaltyUntilMs":0.0,"tokens":0.0}, 0, 0.0, 0.0, "invalid refill rate" -> **error:** Error: invalid capacity
- {"lastRefillMs":0.0,"penaltyUntilMs":0.0,"tokens":0.0}, 1, 1, 0.0, "invalid refill rate" -> {"allowed":false,"newState":{"lastRefillMs":0,"penaltyUnt...
- {"lastRefillMs":0.0,"penaltyUntilMs":0.0,"tokens":0.0}, 0, 0.0, 0.0, "lastRefillMs" -> **error:** Error: invalid capacity
- {"lastRefillMs":0.0,"penaltyUntilMs":0.0,"tokens":0.0}, 1, 1, 0.0, "lastRefillMs" -> {"allowed":false,"newState":{"lastRefillMs":0,"penaltyUnt...
- {"lastRefillMs":0.0,"penaltyUntilMs":0.0,"tokens":0.0}, 0, 0.0, 0.0, "clock skew detected" -> **error:** Error: invalid capacity
- {"lastRefillMs":0.0,"penaltyUntilMs":0.0,"tokens":0.0}, 1, 1, 0.0, "clock skew detected" -> {"allowed":false,"newState":{"lastRefillMs":0,"penaltyUnt...
- {"lastRefillMs":0.0,"penaltyUntilMs":0.0,"tokens":0.0}, 0, 0.0, 0.0, "penaltyUntilMs" -> **error:** Error: invalid capacity
- {"lastRefillMs":0.0,"penaltyUntilMs":0.0,"tokens":0.0}, 1, 1, 0.0, "penaltyUntilMs" -> {"allowed":false,"newState":{"lastRefillMs":0,"penaltyUnt...
- {"lastRefillMs":0.0,"penaltyUntilMs":0.0,"tokens":0.0}, 0, 0.0, 0.0, "denied: penalty active" -> **error:** Error: invalid capacity
- {"lastRefillMs":0.0,"penaltyUntilMs":0.0,"tokens":0.0}, 1, 1, 0.0, "denied: penalty active" -> {"allowed":false,"newState":{"lastRefillMs":0,"penaltyUnt...
- {"lastRefillMs":0.0,"penaltyUntilMs":0.0,"tokens":0.0}, 0, 1000.0, 0.0, "" -> **error:** Error: invalid capacity
- {"lastRefillMs":0.0,"penaltyUntilMs":0.0,"tokens":0.0}, 0, 0.0, 1000.0, "" -> **error:** Error: invalid capacity
- {"lastRefillMs":0.0,"penaltyUntilMs":0.0,"tokens":0.0}, 1, 1, 1000.0, "" -> {"allowed":false,"newState":{"lastRefillMs":1000,"penalty...
- {"lastRefillMs":0.0,"penaltyUntilMs":0.0,"tokens":0.0}, 0, 0.0, 0.0, "min" -> **error:** Error: invalid capacity
- {"lastRefillMs":0.0,"penaltyUntilMs":0.0,"tokens":0.0}, 1, 1, 0.0, "min" -> {"allowed":false,"newState":{"lastRefillMs":0,"penaltyUnt...
- {"lastRefillMs":0.0,"penaltyUntilMs":0.0,"tokens":0.0}, 0, 0.0, 0.0, "tokens" -> **error:** Error: invalid capacity
- {"lastRefillMs":0.0,"penaltyUntilMs":0.0,"tokens":0.0}, 1, 1, 0.0, "tokens" -> {"allowed":false,"newState":{"lastRefillMs":0,"penaltyUnt...
- {"lastRefillMs":0.0,"penaltyUntilMs":0.0,"tokens":0.0}, 0, 0.0, 0.0, "denied: unknown priority" -> **error:** Error: invalid capacity

### `matchRoute`

- [], "length", "" -> {"message":"empty path","status":"error"}
- [], "", "length" -> {"message":"path must start with /","status":"error"}
- [], "", "/" -> {"message":"empty method","status":"error"}
- [], "error", "" -> {"message":"empty path","status":"error"}
- [], "", "error" -> {"message":"path must start with /","status":"error"}
- [], "empty path", "" -> {"message":"empty path","status":"error"}
- [], "", "empty path" -> {"message":"path must start with /","status":"error"}
- [], "startsWith", "" -> {"message":"empty path","status":"error"}
- [], "", "startsWith" -> {"message":"path must start with /","status":"error"}
- [], "/", "" -> {"message":"empty path","status":"error"}
- [], "path must start with /", "" -> {"message":"empty path","status":"error"}
- [], "", "path must start with /" -> {"message":"path must start with /","status":"error"}
- [], "empty method", "" -> {"message":"empty path","status":"error"}
- [], "", "empty method" -> {"message":"path must start with /","status":"error"}
- [], "not-found", "" -> {"message":"empty path","status":"error"}
- [], "", "not-found" -> {"message":"path must start with /","status":"error"}
- [], "endsWith", "" -> {"message":"empty path","status":"error"}
- [], "", "endsWith" -> {"message":"path must start with /","status":"error"}
- [], "slice", "" -> {"message":"empty path","status":"error"}
- [], "", "slice" -> {"message":"path must start with /","status":"error"}
- [], "filter", "" -> {"message":"empty path","status":"error"}
- [], "", "filter" -> {"message":"path must start with /","status":"error"}
- [], "split", "" -> {"message":"empty path","status":"error"}
- [], "", "split" -> {"message":"path must start with /","status":"error"}
- [], "toUpperCase", "" -> {"message":"empty path","status":"error"}
- [], "", "toUpperCase" -> {"message":"path must start with /","status":"error"}
- [], "pattern", "" -> {"message":"empty path","status":"error"}
- [], "", "pattern" -> {"message":"path must start with /","status":"error"}
- [], "*", "" -> {"message":"empty path","status":"error"}
- [], "", "*" -> {"message":"path must start with /","status":"error"}
- [], ":", "" -> {"message":"empty path","status":"error"}
- [], "", ":" -> {"message":"path must start with /","status":"error"}
- [], "method", "" -> {"message":"empty path","status":"error"}
- [], "", "method" -> {"message":"path must start with /","status":"error"}
- [], "wildcard", "" -> {"message":"empty path","status":"error"}
- [], "", "wildcard" -> {"message":"path must start with /","status":"error"}
- [], "join", "" -> {"message":"empty path","status":"error"}
- [], "", "join" -> {"message":"path must start with /","status":"error"}
- [], "matched", "" -> {"message":"empty path","status":"error"}
- [], "", "matched" -> {"message":"path must start with /","status":"error"}
- [], "handler", "" -> {"message":"empty path","status":"error"}
- [], "", "handler" -> {"message":"path must start with /","status":"error"}
- [], "method-not-allowed", "" -> {"message":"empty path","status":"error"}
- [], "", "method-not-allowed" -> {"message":"path must start with /","status":"error"}
- [], "", "" -> {"message":"empty path","status":"error"}
- [], "", "A" -> {"message":"path must start with /","status":"error"}

### `resolveMiddleware`

- {"allowedOrigins":[],"contentType":"logging","corsOrigin"..., null -> {"middleware":["logging","error-handler"],"status":"ok"}
- {"allowedOrigins":[],"contentType":"logging","corsOrigin"..., null -> {"middleware":[],"reason":"missing auth","status":"reject...
- {"allowedOrigins":[],"contentType":"","corsOrigin":"loggi..., null -> {"middleware":[],"reason":"origin not allowed","status":"...
- {"allowedOrigins":[],"contentType":"application/json","co..., null -> {"middleware":["logging","error-handler","json-parser"],"...
- {"allowedOrigins":[],"contentType":"multipart/form-data",..., null -> {"middleware":["logging","error-handler","multipart-parse...
- {"allowedOrigins":[],"contentType":"application/json","co..., null -> {"middleware":[],"reason":"origin not allowed","status":"...
- {"allowedOrigins":[],"contentType":"multipart/form-data",..., null -> {"middleware":[],"reason":"origin not allowed","status":"...
- {"allowedOrigins":"","contentType":"","corsOrigin":"","re..., null -> {"middleware":["logging","error-handler","cors"],"status"...
- {"allowedOrigins":[],"contentType":"error-handler","corsO..., null -> {"middleware":["logging","error-handler"],"status":"ok"}
- {"allowedOrigins":[],"contentType":"","corsOrigin":"error..., null -> {"middleware":[],"reason":"origin not allowed","status":"...
- {"allowedOrigins":[],"contentType":"requiresAuth","corsOr..., null -> {"middleware":["logging","error-handler"],"status":"ok"}
- {"allowedOrigins":[],"contentType":"","corsOrigin":"requi..., null -> {"middleware":[],"reason":"origin not allowed","status":"...
- {"allowedOrigins":[],"contentType":"rejected","corsOrigin..., null -> {"middleware":["logging","error-handler"],"status":"ok"}
- {"allowedOrigins":[],"contentType":"","corsOrigin":"rejec..., null -> {"middleware":[],"reason":"origin not allowed","status":"...
- {"allowedOrigins":[],"contentType":"missing auth","corsOr..., null -> {"middleware":["logging","error-handler"],"status":"ok"}
- {"allowedOrigins":[],"contentType":"","corsOrigin":"missi..., null -> {"middleware":[],"reason":"origin not allowed","status":"...
- {"allowedOrigins":[],"contentType":"startsWith","corsOrig..., null -> {"middleware":["logging","error-handler"],"status":"ok"}
- {"allowedOrigins":[],"contentType":"","corsOrigin":"start..., null -> {"middleware":[],"reason":"origin not allowed","status":"...
- {"allowedOrigins":[],"contentType":"Bearer ","corsOrigin"..., null -> {"middleware":["logging","error-handler"],"status":"ok"}
- {"allowedOrigins":[],"contentType":"","corsOrigin":"Beare..., null -> {"middleware":[],"reason":"origin not allowed","status":"...
- {"allowedOrigins":[],"contentType":"length","corsOrigin":..., null -> {"middleware":["logging","error-handler"],"status":"ok"}
- {"allowedOrigins":[],"contentType":"","corsOrigin":"lengt..., null -> {"middleware":[],"reason":"origin not allowed","status":"...
- {"allowedOrigins":[],"contentType":"invalid auth format",..., null -> {"middleware":["logging","error-handler"],"status":"ok"}
- {"allowedOrigins":[],"contentType":"","corsOrigin":"inval..., null -> {"middleware":[],"reason":"origin not allowed","status":"...
- {"allowedOrigins":[],"contentType":"push","corsOrigin":nu..., null -> {"middleware":["logging","error-handler"],"status":"ok"}
- {"allowedOrigins":[],"contentType":"","corsOrigin":"push"..., null -> {"middleware":[],"reason":"origin not allowed","status":"...
- {"allowedOrigins":[],"contentType":"auth","corsOrigin":nu..., null -> {"middleware":["logging","error-handler"],"status":"ok"}
- {"allowedOrigins":[],"contentType":"","corsOrigin":"auth"..., null -> {"middleware":[],"reason":"origin not allowed","status":"...
- {"allowedOrigins":[],"contentType":"contentType","corsOri..., null -> {"middleware":["logging","error-handler"],"status":"ok"}
- {"allowedOrigins":[],"contentType":"","corsOrigin":"conte..., null -> {"middleware":[],"reason":"origin not allowed","status":"...
- {"allowedOrigins":[],"contentType":"","corsOrigin":"appli..., null -> {"middleware":[],"reason":"origin not allowed","status":"...
- {"allowedOrigins":[],"contentType":"json-parser","corsOri..., null -> {"middleware":["logging","error-handler"],"status":"ok"}
- {"allowedOrigins":[],"contentType":"","corsOrigin":"json-..., null -> {"middleware":[],"reason":"origin not allowed","status":"...
- {"allowedOrigins":[],"contentType":"","corsOrigin":"multi..., null -> {"middleware":[],"reason":"origin not allowed","status":"...
- {"allowedOrigins":[],"contentType":"multipart-parser","co..., null -> {"middleware":["logging","error-handler"],"status":"ok"}
- {"allowedOrigins":[],"contentType":"","corsOrigin":"multi..., null -> {"middleware":[],"reason":"origin not allowed","status":"...
- {"allowedOrigins":[],"contentType":"corsOrigin","corsOrig..., null -> {"middleware":["logging","error-handler"],"status":"ok"}
- {"allowedOrigins":[],"contentType":"","corsOrigin":"corsO..., null -> {"middleware":[],"reason":"origin not allowed","status":"...
- {"allowedOrigins":[],"contentType":"includes","corsOrigin..., null -> {"middleware":["logging","error-handler"],"status":"ok"}
- {"allowedOrigins":[],"contentType":"","corsOrigin":"inclu..., null -> {"middleware":[],"reason":"origin not allowed","status":"...
- {"allowedOrigins":[],"contentType":"allowedOrigins","cors..., null -> {"middleware":["logging","error-handler"],"status":"ok"}
- {"allowedOrigins":[],"contentType":"","corsOrigin":"allow..., null -> {"middleware":[],"reason":"origin not allowed","status":"...
- {"allowedOrigins":[],"contentType":"cors","corsOrigin":nu..., null -> {"middleware":["logging","error-handler"],"status":"ok"}
- {"allowedOrigins":[],"contentType":"","corsOrigin":"cors"..., null -> {"middleware":[],"reason":"origin not allowed","status":"...
- {"allowedOrigins":[],"contentType":"origin not allowed","..., null -> {"middleware":["logging","error-handler"],"status":"ok"}
- {"allowedOrigins":[],"contentType":"","corsOrigin":"origi..., null -> {"middleware":[],"reason":"origin not allowed","status":"...
- {"allowedOrigins":[],"contentType":"ok","corsOrigin":null..., null -> {"middleware":["logging","error-handler"],"status":"ok"}
- {"allowedOrigins":[],"contentType":"","corsOrigin":"ok","..., null -> {"middleware":[],"reason":"origin not allowed","status":"...
- {"allowedOrigins":[],"contentType":"","corsOrigin":"","re..., null -> {"middleware":[],"reason":"origin not allowed","status":"...
- {"allowedOrigins":[],"contentType":"","corsOrigin":"loggi..., null -> {"middleware":[],"reason":"missing auth","status":"reject...
- {"allowedOrigins":[],"contentType":"error-handler","corsO..., null -> {"middleware":[],"reason":"missing auth","status":"reject...
- {"allowedOrigins":[],"contentType":"","corsOrigin":"error..., null -> {"middleware":[],"reason":"missing auth","status":"reject...
- {"allowedOrigins":[],"contentType":"application/json","co..., null -> {"middleware":[],"reason":"origin not allowed","status":"...
- {"allowedOrigins":[],"contentType":"multipart/form-data",..., null -> {"middleware":[],"reason":"origin not allowed","status":"...
- {"allowedOrigins":[],"contentType":"requiresAuth","corsOr..., null -> {"middleware":[],"reason":"missing auth","status":"reject...
- {"allowedOrigins":[],"contentType":"","corsOrigin":"requi..., null -> {"middleware":[],"reason":"missing auth","status":"reject...
- {"allowedOrigins":[],"contentType":"application/json","co..., null -> {"middleware":[],"reason":"origin not allowed","status":"...
- {"allowedOrigins":[],"contentType":"multipart/form-data",..., null -> {"middleware":[],"reason":"origin not allowed","status":"...

### `compoundAnd`

- 0.0, 0.0 -> "neither"
- 10.0, 0.0 -> "both"
- 0.0, 10.0 -> "neither"
- 0, 9 -> "neither"

### `threeWayAnd`

- 0.0, 0.0, 0.0 -> "not all positive"
- 0, 1, 1 -> "not all positive"

### `intToRoman`

- -0.33181419783962046 -> **error:** Error: out of range
- 0.0 -> **error:** Error: out of range
- 4000 -> **error:** Error: out of range

### `romanToInt`

- "length" -> **error:** Error: invalid roman numeral
- "" -> 0
- "toUpperCase" -> **error:** Error: invalid roman numeral
- "invalid roman numeral" -> **error:** Error: invalid roman numeral

### `parseSemver`

- "length" -> **error:** Error: invalid semver
- "" -> **error:** Error: invalid semver
- "v" -> **error:** Error: invalid semver
- "invalid semver" -> **error:** Error: invalid semver
- "startsWith" -> **error:** Error: invalid semver
- "V" -> **error:** Error: invalid semver
- "slice" -> **error:** Error: invalid semver
- "split" -> **error:** Error: invalid semver
- "." -> **error:** Error: invalid semver
- "indexOf" -> **error:** Error: invalid semver
- "-" -> **error:** Error: invalid semver
- "VV" -> **error:** Error: invalid semver

### `satisfiesRange`

- "*", "" -> **error:** Error: invalid semver
- "", ">=" -> **error:** Error: invalid semver
- "", ">" -> **error:** Error: invalid semver
- "", "<=" -> **error:** Error: invalid semver
- "", "<" -> **error:** Error: invalid semver
- "", "^" -> **error:** Error: invalid semver
- "", "~" -> **error:** Error: invalid semver
- "", "*" -> true
- "x", "" -> **error:** Error: invalid semver
- "", "x" -> true
- "", "" -> **error:** Error: invalid semver
- "startsWith", "" -> **error:** Error: invalid semver
- "", "startsWith" -> **error:** Error: invalid semver
- ">=", "" -> **error:** Error: invalid semver
- "slice", "" -> **error:** Error: invalid semver
- "", "slice" -> **error:** Error: invalid semver
- ">", "" -> **error:** Error: invalid semver
- "<=", "" -> **error:** Error: invalid semver
- "<", "" -> **error:** Error: invalid semver
- "^", "" -> **error:** Error: invalid semver
- "~", "" -> **error:** Error: invalid semver
- "major", "" -> **error:** Error: invalid semver
- "", "major" -> **error:** Error: invalid semver
- "minor", "" -> **error:** Error: invalid semver
- "", "minor" -> **error:** Error: invalid semver
- "unknown range operator", "" -> **error:** Error: invalid semver
- "", "unknown range operator" -> **error:** Error: invalid semver
- "*", ">=" -> **error:** Error: invalid semver
- "*", ">A" -> **error:** Error: invalid semver
- "*", "<=" -> **error:** Error: invalid semver
- "*", "<A" -> **error:** Error: invalid semver
- "*", "^A" -> **error:** Error: invalid semver
- "*", "~A" -> **error:** Error: invalid semver
- "x", ">=" -> **error:** Error: invalid semver
- "x", ">A" -> **error:** Error: invalid semver
- "x", "<=" -> **error:** Error: invalid semver
- "x", "<A" -> **error:** Error: invalid semver
- "x", "^A" -> **error:** Error: invalid semver
- "x", "~A" -> **error:** Error: invalid semver
- "", ">A" -> **error:** Error: invalid semver
- "", "<A" -> **error:** Error: invalid semver
- "", "^A" -> **error:** Error: invalid semver
- "", "~A" -> **error:** Error: invalid semver
- "startsWith", ">=" -> **error:** Error: invalid semver
- "startsWith", ">A" -> **error:** Error: invalid semver
- "startsWith", "<=" -> **error:** Error: invalid semver
- "startsWith", "<A" -> **error:** Error: invalid semver
- "startsWith", "^A" -> **error:** Error: invalid semver
- "startsWith", "~A" -> **error:** Error: invalid semver
- ">=", ">=" -> **error:** Error: invalid semver
- ">=", ">A" -> **error:** Error: invalid semver
- ">=", "<=" -> **error:** Error: invalid semver
- ">=", "<A" -> **error:** Error: invalid semver
- ">=", "^A" -> **error:** Error: invalid semver
- ">=", "~A" -> **error:** Error: invalid semver
- "slice", ">=" -> **error:** Error: invalid semver
- "slice", ">A" -> **error:** Error: invalid semver
- "slice", "<=" -> **error:** Error: invalid semver
- "slice", "<A" -> **error:** Error: invalid semver
- "slice", "^A" -> **error:** Error: invalid semver
- "slice", "~A" -> **error:** Error: invalid semver
- ">", ">=" -> **error:** Error: invalid semver
- ">", ">A" -> **error:** Error: invalid semver
- ">", "<=" -> **error:** Error: invalid semver

### `validateEmail`

- "" -> {"reason":"empty","valid":false}

### `parseCron`

- "true" -> **error:** Error: expected 5 fields
- "" -> **error:** Error: empty expression
- "@" -> **error:** Error: unknown special
- "length" -> **error:** Error: expected 5 fields
- "empty expression" -> **error:** Error: expected 5 fields
- "startsWith" -> **error:** Error: expected 5 fields
- "toLowerCase" -> **error:** Error: expected 5 fields
- "unknown special" -> **error:** Error: expected 5 fields
- "split" -> **error:** Error: expected 5 fields
- "trim" -> **error:** Error: expected 5 fields
- "\\s+" -> **error:** Error: expected 5 fields
- "expected 5 fields" -> **error:** Error: expected 5 fields
- "values" -> **error:** Error: expected 5 fields
- "weekday" -> **error:** Error: expected 5 fields
- "map" -> **error:** Error: expected 5 fields
- "A" -> **error:** Error: expected 5 fields

### `classifyConfigs`

- ["length"] -> **error:** Error: ENOENT: no such file or directory, open 'length'
- {"length":1} -> **error:** TypeError: paths is not iterable
- ["no-comments"] -> **error:** Error: ENOENT: no such file or directory, open 'no-comments'
- ["utf-8"] -> **error:** Error: ENOENT: no such file or directory, open 'utf-8'
- ["startsWith"] -> **error:** Error: ENOENT: no such file or directory, open 'startsWith'
- ["#"] -> **error:** Error: ENOENT: no such file or directory, open '#'
- ["all-comments"] -> **error:** Error: ENOENT: no such file or directory, open 'all-comments'
- ["mixed"] -> **error:** Error: ENOENT: no such file or directory, open 'mixed'

### `classifyStatus`

- "trim" -> **error:** Error: ENOENT: no such file or directory, open 'trim'
- "utf-8" -> **error:** Error: ENOENT: no such file or directory, open 'utf-8'
- "length" -> **error:** Error: ENOENT: no such file or directory, open 'length'
- "empty" -> **error:** Error: ENOENT: no such file or directory, open 'empty'
- "short" -> **error:** Error: ENOENT: no such file or directory, open 'short'
- "medium" -> **error:** Error: ENOENT: no such file or directory, open 'medium'
- "long" -> **error:** Error: ENOENT: no such file or directory, open 'long'
- "/tmp/data/report.csv" -> **error:** Error: ENOENT: no such file or directory, open '/tmp/data/report.csv'
- "http" -> **error:** Error: ENOENT: no such file or directory, open 'http'
- "@" -> **error:** Error: ENOENT: no such file or directory, open '@'
- "text/" -> **error:** Error: ENOENT: no such file or directory, open 'text/'
- "" -> **error:** Error: ENOENT: no such file or directory, open ''
- " " -> **error:** Error: ENOENT: no such file or directory, open ' '
- "application/json" -> **error:** Error: ENOENT: no such file or directory, open 'application/json'
- "a" -> **error:** Error: ENOENT: no such file or directory, open 'a'
- "A" -> **error:** Error: ENOENT: no such file or directory, open 'A'
- "single-char" -> **error:** Error: ENOENT: no such file or directory, open 'single-char'
- "ab" -> **error:** Error: ENOENT: no such file or directory, open 'ab'
- "-" -> **error:** Error: ENOENT: no such file or directory, open '-'
- "aaaaaaaaaaaaaaaaaaaaaaaaaaaaaaaaaaaaaaaaaaaaaaaaaaaaaaaa... -> **error:** Error: ENAMETOOLONG: name too long, open 'aaaaaaaaaaaaaaaaaaaaaaaaaaaaaaaaaaaaaaaaaaaaaaaaaaaaaaaaaaaaaaaaaaaaaaaaaaaaaaaaaaaaaaaaaaaaaaaaaaaaaaaaaaaaaaaaaaaaaaaaaaaaaaaaaaaaaaaaaaaaaaaaaaaaaaaaaaaaaaaaaaaaaaaaaaaaaaaaaaaaaaaaaaaaaaaaaaaaaaaaaaaaaaaaaaaaaaaaaaaaaaaaaaaaaaaaaaaaaaaaaaaaaaaaaaaaaaaaaaaaaaaaaaaaaaaaaaaaaaaaaaaaaaaaaaaaaaaaaaaa'
- "\t" -> **error:** Error: ENOENT: no such file or directory, open '	'
- "\n" -> **error:** Error: ENOENT: no such file or directory, open '
'
- "\r\n" -> **error:** Error: ENOENT: no such file or directory, open '
'
- "\u0000" -> **error:** TypeError: The argument 'path' must be a string, Uint8Array, or URL without null bytes. Received '\x00'
- "a\u0000b" -> **error:** TypeError: The argument 'path' must be a string, Uint8Array, or URL without null bytes. Received 'a\x00b'
- "\u001b[31m" -> **error:** Error: ENOENT: no such file or directory, open '[31m'
- "é" -> **error:** Error: ENOENT: no such file or directory, open 'é'
- "日本語" -> **error:** Error: ENOENT: no such file or directory, open '日本語'
- "🎉" -> **error:** Error: ENOENT: no such file or directory, open '🎉'
- "true" -> **error:** Error: ENOENT: no such file or directory, open 'true'
- "false" -> **error:** Error: ENOENT: no such file or directory, open 'false'
- "null" -> **error:** Error: ENOENT: no such file or directory, open 'null'
- "0" -> **error:** Error: ENOENT: no such file or directory, open '0'
- "-1" -> **error:** Error: ENOENT: no such file or directory, open '-1'
- "<script>" -> **error:** Error: ENOENT: no such file or directory, open '<script>'
- "'; DROP TABLE" -> **error:** Error: ENOENT: no such file or directory, open ''; DROP TABLE'

### `loadOrDefault`

- "" -> "missing"

### `negotiateLanguage`

- "length", [] -> {"matchedRange":null,"quality":0,"reason":"no-supported",...
- "length", {"length":1} -> **error:** TypeError: supported.map is not a function
- "", ["length"] -> {"matchedRange":null,"quality":1,"reason":"default","sele...
- "no-supported", [] -> {"matchedRange":null,"quality":0,"reason":"no-supported",...
- "", ["no-supported"] -> {"matchedRange":null,"quality":1,"reason":"default","sele...
- "map", [] -> {"matchedRange":null,"quality":0,"reason":"no-supported",...
- "", ["map"] -> {"matchedRange":null,"quality":1,"reason":"default","sele...
- "toLowerCase", [] -> {"matchedRange":null,"quality":0,"reason":"no-supported",...
- "", ["toLowerCase"] -> {"matchedRange":null,"quality":1,"reason":"default","sele...
- "trim", [] -> {"matchedRange":null,"quality":0,"reason":"no-supported",...
- "", ["trim"] -> {"matchedRange":null,"quality":1,"reason":"default","sele...
- "default", [] -> {"matchedRange":null,"quality":0,"reason":"no-supported",...
- "", ["default"] -> {"matchedRange":null,"quality":1,"reason":"default","sele...
- "filter", [] -> {"matchedRange":null,"quality":0,"reason":"no-supported",...
- "", ["filter"] -> {"matchedRange":null,"quality":1,"reason":"default","sele...
- "split", [] -> {"matchedRange":null,"quality":0,"reason":"no-supported",...
- "", ["split"] -> {"matchedRange":null,"quality":1,"reason":"default","sele...
- ",", [] -> {"matchedRange":null,"quality":0,"reason":"no-supported",...
- "", [","] -> {"matchedRange":null,"quality":1,"reason":"default","sele...
- "q", [] -> {"matchedRange":null,"quality":0,"reason":"no-supported",...
- "", ["q"] -> {"matchedRange":null,"quality":1,"reason":"default","sele...
- "tag", [] -> {"matchedRange":null,"quality":0,"reason":"no-supported",...
- "", ["tag"] -> {"matchedRange":null,"quality":1,"reason":"default","sele...
- "*", [] -> {"matchedRange":null,"quality":0,"reason":"no-supported",...
- "", ["*"] -> {"matchedRange":null,"quality":1,"reason":"default","sele...
- "wildcard", [] -> {"matchedRange":null,"quality":0,"reason":"no-supported",...
- "", ["wildcard"] -> {"matchedRange":null,"quality":1,"reason":"default","sele...
- "exact", [] -> {"matchedRange":null,"quality":0,"reason":"no-supported",...
- "", ["exact"] -> {"matchedRange":null,"quality":1,"reason":"default","sele...
- "slice", [] -> {"matchedRange":null,"quality":0,"reason":"no-supported",...
- "", ["slice"] -> {"matchedRange":null,"quality":1,"reason":"default","sele...
- "primary", [] -> {"matchedRange":null,"quality":0,"reason":"no-supported",...
- "", ["primary"] -> {"matchedRange":null,"quality":1,"reason":"default","sele...
- "prefix", [] -> {"matchedRange":null,"quality":0,"reason":"no-supported",...
- "", ["prefix"] -> {"matchedRange":null,"quality":1,"reason":"default","sele...
- "region", [] -> {"matchedRange":null,"quality":0,"reason":"no-supported",...
- "", ["region"] -> {"matchedRange":null,"quality":1,"reason":"default","sele...
- "fallback", [] -> {"matchedRange":null,"quality":0,"reason":"no-supported",...
- "", ["fallback"] -> {"matchedRange":null,"quality":1,"reason":"default","sele...
- "no-match", [] -> {"matchedRange":null,"quality":0,"reason":"no-supported",...
- "", ["no-match"] -> {"matchedRange":null,"quality":1,"reason":"default","sele...
- "", {"length":0} -> {"matchedRange":null,"quality":0,"reason":"no-supported",...
- "no-supported", {"length":1} -> **error:** TypeError: supported.map is not a function
- "map", {"length":1} -> **error:** TypeError: supported.map is not a function
- "toLowerCase", {"length":1} -> **error:** TypeError: supported.map is not a function
- "trim", {"length":1} -> **error:** TypeError: supported.map is not a function
- "default", {"length":1} -> **error:** TypeError: supported.map is not a function
- "filter", {"length":1} -> **error:** TypeError: supported.map is not a function
- "split", {"length":1} -> **error:** TypeError: supported.map is not a function
- ",", {"length":1} -> **error:** TypeError: supported.map is not a function
- "q", {"length":1} -> **error:** TypeError: supported.map is not a function
- "tag", {"length":1} -> **error:** TypeError: supported.map is not a function
- "*", {"length":1} -> **error:** TypeError: supported.map is not a function
- "wildcard", {"length":1} -> **error:** TypeError: supported.map is not a function
- "exact", {"length":1} -> **error:** TypeError: supported.map is not a function
- "slice", {"length":1} -> **error:** TypeError: supported.map is not a function
- "primary", {"length":1} -> **error:** TypeError: supported.map is not a function
- "prefix", {"length":1} -> **error:** TypeError: supported.map is not a function
- "region", {"length":1} -> **error:** TypeError: supported.map is not a function
- "fallback", {"length":1} -> **error:** TypeError: supported.map is not a function
- "no-match", {"length":1} -> **error:** TypeError: supported.map is not a function
- "", {"length":1} -> **error:** TypeError: supported.map is not a function

### `evaluateRobotsPolicy`

- "length", "", "" -> {"allowed":false,"crawlDelay":null,"matchedDirective":nul...
- "", "length", "" -> {"allowed":false,"crawlDelay":null,"matchedDirective":nul...
- "", "", "length" -> {"allowed":false,"crawlDelay":null,"matchedDirective":nul...
- "missing-user-agent", "", "" -> {"allowed":false,"crawlDelay":null,"matchedDirective":nul...
- "", "missing-user-agent", "" -> {"allowed":false,"crawlDelay":null,"matchedDirective":nul...
- "", "", "missing-user-agent" -> {"allowed":false,"crawlDelay":null,"matchedDirective":nul...
- "charAt", "", "" -> {"allowed":false,"crawlDelay":null,"matchedDirective":nul...
- "", "charAt", "" -> {"allowed":false,"crawlDelay":null,"matchedDirective":nul...
- "", "", "charAt" -> {"allowed":false,"crawlDelay":null,"matchedDirective":nul...
- "/", "", "" -> {"allowed":false,"crawlDelay":null,"matchedDirective":nul...
- "", "/", "" -> {"allowed":false,"crawlDelay":null,"matchedDirective":nul...
- "", "", "/" -> {"allowed":false,"crawlDelay":null,"matchedDirective":nul...
- "invalid-path", "", "" -> {"allowed":false,"crawlDelay":null,"matchedDirective":nul...
- "", "invalid-path", "" -> {"allowed":false,"crawlDelay":null,"matchedDirective":nul...
- "", "", "invalid-path" -> {"allowed":false,"crawlDelay":null,"matchedDirective":nul...
- "filter", "", "" -> {"allowed":false,"crawlDelay":null,"matchedDirective":nul...
- "", "filter", "" -> {"allowed":false,"crawlDelay":null,"matchedDirective":nul...
- "", "", "filter" -> {"allowed":false,"crawlDelay":null,"matchedDirective":nul...
- "indexOf", "", "" -> {"allowed":false,"crawlDelay":null,"matchedDirective":nul...
- "", "indexOf", "" -> {"allowed":false,"crawlDelay":null,"matchedDirective":nul...
- "", "", "indexOf" -> {"allowed":false,"crawlDelay":null,"matchedDirective":nul...
- "agents", "", "" -> {"allowed":false,"crawlDelay":null,"matchedDirective":nul...
- "", "agents", "" -> {"allowed":false,"crawlDelay":null,"matchedDirective":nul...
- "", "", "agents" -> {"allowed":false,"crawlDelay":null,"matchedDirective":nul...
- "*", "", "" -> {"allowed":false,"crawlDelay":null,"matchedDirective":nul...
- "", "*", "" -> {"allowed":false,"crawlDelay":null,"matchedDirective":nul...
- "", "", "*" -> {"allowed":false,"crawlDelay":null,"matchedDirective":nul...
- "no-group", "", "" -> {"allowed":false,"crawlDelay":null,"matchedDirective":nul...
- "", "no-group", "" -> {"allowed":false,"crawlDelay":null,"matchedDirective":nul...
- "", "", "no-group" -> {"allowed":false,"crawlDelay":null,"matchedDirective":nul...
- "crawlDelay", "", "" -> {"allowed":false,"crawlDelay":null,"matchedDirective":nul...
- "", "crawlDelay", "" -> {"allowed":false,"crawlDelay":null,"matchedDirective":nul...
- "", "", "crawlDelay" -> {"allowed":false,"crawlDelay":null,"matchedDirective":nul...
- "rules", "", "" -> {"allowed":false,"crawlDelay":null,"matchedDirective":nul...
- "", "rules", "" -> {"allowed":false,"crawlDelay":null,"matchedDirective":nul...
- "", "", "rules" -> {"allowed":false,"crawlDelay":null,"matchedDirective":nul...
- "pattern", "", "" -> {"allowed":false,"crawlDelay":null,"matchedDirective":nul...
- "", "pattern", "" -> {"allowed":false,"crawlDelay":null,"matchedDirective":nul...
- "", "", "pattern" -> {"allowed":false,"crawlDelay":null,"matchedDirective":nul...
- "directive", "", "" -> {"allowed":false,"crawlDelay":null,"matchedDirective":nul...
- "", "directive", "" -> {"allowed":false,"crawlDelay":null,"matchedDirective":nul...
- "", "", "directive" -> {"allowed":false,"crawlDelay":null,"matchedDirective":nul...
- "allow", "", "" -> {"allowed":false,"crawlDelay":null,"matchedDirective":nul...
- "", "allow", "" -> {"allowed":false,"crawlDelay":null,"matchedDirective":nul...
- "", "", "allow" -> {"allowed":false,"crawlDelay":null,"matchedDirective":nul...
- "disallow", "", "" -> {"allowed":false,"crawlDelay":null,"matchedDirective":nul...
- "", "disallow", "" -> {"allowed":false,"crawlDelay":null,"matchedDirective":nul...
- "", "", "disallow" -> {"allowed":false,"crawlDelay":null,"matchedDirective":nul...
- "no-rule", "", "" -> {"allowed":false,"crawlDelay":null,"matchedDirective":nul...
- "", "no-rule", "" -> {"allowed":false,"crawlDelay":null,"matchedDirective":nul...
- "", "", "no-rule" -> {"allowed":false,"crawlDelay":null,"matchedDirective":nul...
- "", "", "" -> {"allowed":false,"crawlDelay":null,"matchedDirective":nul...
- " ", "", "" -> {"allowed":false,"crawlDelay":null,"matchedDirective":nul...
- "http", "", "" -> {"allowed":false,"crawlDelay":null,"matchedDirective":nul...
- "a", "", "" -> {"allowed":false,"crawlDelay":null,"matchedDirective":nul...
- "ab", "", "" -> {"allowed":false,"crawlDelay":null,"matchedDirective":nul...
- "aaaaaaaaaaaaaaaaaaaaaaaaaaaaaaaaaaaaaaaaaaaaaaaaaaaaaaaa..., "", "" -> {"allowed":false,"crawlDelay":null,"matchedDirective":nul...
- "\t", "", "" -> {"allowed":false,"crawlDelay":null,"matchedDirective":nul...
- "@", "", "" -> {"allowed":false,"crawlDelay":null,"matchedDirective":nul...
- "\n", "", "" -> {"allowed":false,"crawlDelay":null,"matchedDirective":nul...
- "\r\n", "", "" -> {"allowed":false,"crawlDelay":null,"matchedDirective":nul...
- "trim", "", "" -> {"allowed":false,"crawlDelay":null,"matchedDirective":nul...
- "\u0000", "", "" -> {"allowed":false,"crawlDelay":null,"matchedDirective":nul...
- "text/", "", "" -> {"allowed":false,"crawlDelay":null,"matchedDirective":nul...
- "a\u0000b", "", "" -> {"allowed":false,"crawlDelay":null,"matchedDirective":nul...
- "empty", "", "" -> {"allowed":false,"crawlDelay":null,"matchedDirective":nul...
- "\u001b[31m", "", "" -> {"allowed":false,"crawlDelay":null,"matchedDirective":nul...
- "", "true", "/tmp/data/report.csv" -> {"allowed":true,"crawlDelay":null,"matchedDirective":null...
- "é", "", "" -> {"allowed":false,"crawlDelay":null,"matchedDirective":nul...
- "application/json", "", "" -> {"allowed":false,"crawlDelay":null,"matchedDirective":nul...
- "A", "", "" -> {"allowed":false,"crawlDelay":null,"matchedDirective":nul...
- "single-char", "", "" -> {"allowed":false,"crawlDelay":null,"matchedDirective":nul...
- "-", "", "" -> {"allowed":false,"crawlDelay":null,"matchedDirective":nul...
- "日本語", "", "" -> {"allowed":false,"crawlDelay":null,"matchedDirective":nul...
- "🎉", "", "" -> {"allowed":false,"crawlDelay":null,"matchedDirective":nul...
- "true", "", "" -> {"allowed":false,"crawlDelay":null,"matchedDirective":nul...
- "false", "", "" -> {"allowed":false,"crawlDelay":null,"matchedDirective":nul...
- "null", "", "" -> {"allowed":false,"crawlDelay":null,"matchedDirective":nul...
- "", " ", "/tmp/data/report.csv" -> {"allowed":false,"crawlDelay":null,"matchedDirective":nul...
- "0", "", "" -> {"allowed":false,"crawlDelay":null,"matchedDirective":nul...
- "-1", "", "" -> {"allowed":false,"crawlDelay":null,"matchedDirective":nul...
- "<script>", "", "" -> {"allowed":false,"crawlDelay":null,"matchedDirective":nul...
- "'; DROP TABLE", "", "" -> {"allowed":false,"crawlDelay":null,"matchedDirective":nul...
- "", " ", "" -> {"allowed":false,"crawlDelay":null,"matchedDirective":nul...
- "", "a", "" -> {"allowed":false,"crawlDelay":null,"matchedDirective":nul...
- "0", "", "/tmp/data/report.csv" -> {"allowed":false,"crawlDelay":null,"matchedDirective":nul...

### `parseDotenv`

- "" -> {"values":{},"warnings":[]}

### `classifySecret`

- {"__complex_type":"buffer","encoding":"base64","value":""} -> **error:** Error: error:1C80006B:Provider routines::wrong final block length
- {"__complex_type":"buffer","encoding":"base64","value":"/... -> **error:** Error: error:1C80006B:Provider routines::wrong final block length
- {"__complex_type":"buffer","encoding":"base64","value":"A... -> **error:** Error: error:1C80006B:Provider routines::wrong final block length
- {"__complex_type":"buffer","encoding":"base64","value":"S... -> **error:** Error: error:1C80006B:Provider routines::wrong final block length
- {"__complex_type":"buffer","encoding":"base64","value":"A... -> **error:** Error: error:1C80006B:Provider routines::wrong final block length

### `encrypt`

- "" -> {"data":[55,213,164,96,215,161,201,83,42,131,236,209,168,...

### `classifyWithChecksum`

- "" -> "empty"

## Skipped (Unsupported)

- `mergeConfig`: param "base" → ConfigObject (interface with no implementors — no concrete implementation visible in scope); param "override" → ConfigObject (interface with no implementors — no concrete implementation visible in scope)
- `transformRecord`: param "record" → RawRecord (interface with no implementors — no concrete implementation visible in scope)


  Wall time: 34.78s



━━━━━━━━━━━━━━━━━━━━━━━━━━━━━━━━━━━━━━━━━━━━━━━━━━
  Step 24/60 · Memory Limit
  Cap frontend memory usage (sets --max-old-space-size for TS, GOMEMLIMIT for Go)
━━━━━━━━━━━━━━━━━━━━━━━━━━━━━━━━━━━━━━━━━━━━━━━━━━

$ /home/ketan/.local/share/worktrees/shatter/audit-2026-09-22/target/debug/shatter explore --max-iterations 20 --timeout-explore 15 --memory-limit 512 /tmp/shatter-examples.e644oibi/standalone/ts/01-arithmetic.ts:classifyNumber

[info] Spawned 1 frontend session(s) for 1 target(s) (16 parallel worker(s))
# Shatter Explore

[info] Found prior explore summary for /tmp/shatter-examples.e644oibi/standalone/ts/01-arithmetic.ts (1 completed, 0 failed)
[info] [resumed] classifyNumber: 3 branches, 1.7s (prior run)
[info] Resumed 1/1 function(s) from prior artifacts for /tmp/shatter-examples.e644oibi/standalone/ts/01-arithmetic.ts
[info] Resumed 1 function(s) from prior explore artifacts
[info] Wrote explore artifact for classifyNumber -> /tmp/shatter-demo-artifacts.lLIgEc/explore-results/tmp_shatter-examples.e644oibi_standalone_ts_01-arithmetic.ts/00010_classifyNumber.json
## `classifyNumber` *(/tmp/shatter-examples.e644oibi/standalone/ts/01-arithmetic.ts:10-21)*

**4 path(s)** · **100%** coverage (7/7 lines)

| # | Call | Outcome |
|---|---|---|
| 1 | `classifyNumber(0)` | returns `"zero"` |
| 2 | `classifyNumber(-1)` | returns `"negative"` |
| 3 | `classifyNumber(2)` | returns `"positive-even"` |
| 4 | `classifyNumber(1)` | returns `"positive-odd"` |


---

**Summary:** 4 path(s) across 1 function(s) · **100%** coverage (7/7 lines)

  Wall time: 0.92s



━━━━━━━━━━━━━━━━━━━━━━━━━━━━━━━━━━━━━━━━━━━━━━━━━━
  Step 25/60 · Behavioral Specification (Markdown)
  Generate a behavioral spec with equivalence classes, pre/postconditions
━━━━━━━━━━━━━━━━━━━━━━━━━━━━━━━━━━━━━━━━━━━━━━━━━━

$ /home/ketan/.local/share/worktrees/shatter/audit-2026-09-22/target/debug/shatter explore --max-iterations 20 --timeout-explore 15 --spec /tmp/shatter-examples.e644oibi/standalone/ts/01-arithmetic.ts:classifyNumber

[info] Spawned 1 frontend session(s) for 1 target(s) (16 parallel worker(s))
# Shatter Explore

[info] Found prior explore summary for /tmp/shatter-examples.e644oibi/standalone/ts/01-arithmetic.ts (1 completed, 0 failed)
[info] [resumed] classifyNumber: 3 branches, 1.7s (prior run)
[info] Resumed 1/1 function(s) from prior artifacts for /tmp/shatter-examples.e644oibi/standalone/ts/01-arithmetic.ts
[info] Resumed 1 function(s) from prior explore artifacts
[info] Wrote explore artifact for classifyNumber -> /tmp/shatter-demo-artifacts.lLIgEc/explore-results/tmp_shatter-examples.e644oibi_standalone_ts_01-arithmetic.ts/00010_classifyNumber.json
## `classifyNumber` *(/tmp/shatter-examples.e644oibi/standalone/ts/01-arithmetic.ts:10-21)*

**4 path(s)** · **100%** coverage (7/7 lines)

| # | Call | Outcome |
|---|---|---|
| 1 | `classifyNumber(0)` | returns `"zero"` |
| 2 | `classifyNumber(-1)` | returns `"negative"` |
| 3 | `classifyNumber(2)` | returns `"positive-even"` |
| 4 | `classifyNumber(1)` | returns `"positive-odd"` |

# Specification: `classifyNumber`

**Location:** `/tmp/shatter-examples.e644oibi/standalone/ts/01-arithmetic.ts:10-21`

**Behavioral classes:** 4  
**Exploration:** 20 iterations, 7/7 lines covered (100%)

---

## Class 1 — returns "zero"

**Preconditions** [observed]:
- param[0] == 0

**Postcondition** [observed]: returns "zero"

**Example** (7 execution(s) observed):
```
classifyNumber(0) -> "zero"
```

---

## Class 2 — returns "negative"

**Preconditions** [observed]:
- param[0] == -1

**Postcondition** [observed]: returns "negative"

**Example** (6 execution(s) observed):
```
classifyNumber(-1) -> "negative"
```

---

## Class 3 — returns "positive-even"

**Preconditions** [observed]:
- param[0] == 2

**Postcondition** [observed]: returns "positive-even"

**Example** (3 execution(s) observed):
```
classifyNumber(2) -> "positive-even"
```

---

## Class 4 — returns "positive-odd"

**Preconditions** [observed]:
- param[0] == 1

**Postcondition** [observed]: returns "positive-odd"

**Example** (4 execution(s) observed):
```
classifyNumber(1) -> "positive-odd"
```

---

**Summary:** 4 path(s) across 1 function(s) · **100%** coverage (7/7 lines)

  Wall time: 1.97s



━━━━━━━━━━━━━━━━━━━━━━━━━━━━━━━━━━━━━━━━━━━━━━━━━━
  Step 26/60 · Behavioral Specification (JSON)
  Machine-readable JSON spec for tooling integration
━━━━━━━━━━━━━━━━━━━━━━━━━━━━━━━━━━━━━━━━━━━━━━━━━━

$ /home/ketan/.local/share/worktrees/shatter/audit-2026-09-22/target/debug/shatter explore --max-iterations 20 --timeout-explore 15 --spec-json /tmp/shatter-examples.e644oibi/standalone/ts/01-arithmetic.ts:classifyNumber

[info] Spawned 1 frontend session(s) for 1 target(s) (16 parallel worker(s))
# Shatter Explore

[info] Found prior explore summary for /tmp/shatter-examples.e644oibi/standalone/ts/01-arithmetic.ts (1 completed, 0 failed)
[info] [resumed] classifyNumber: 3 branches, 1.7s (prior run)
[info] Resumed 1/1 function(s) from prior artifacts for /tmp/shatter-examples.e644oibi/standalone/ts/01-arithmetic.ts
[info] Resumed 1 function(s) from prior explore artifacts
[info] Wrote explore artifact for classifyNumber -> /tmp/shatter-demo-artifacts.lLIgEc/explore-results/tmp_shatter-examples.e644oibi_standalone_ts_01-arithmetic.ts/00010_classifyNumber.json
## `classifyNumber` *(/tmp/shatter-examples.e644oibi/standalone/ts/01-arithmetic.ts:10-21)*

**4 path(s)** · **100%** coverage (7/7 lines)

| # | Call | Outcome |
|---|---|---|
| 1 | `classifyNumber(0)` | returns `"zero"` |
| 2 | `classifyNumber(-1)` | returns `"negative"` |
| 3 | `classifyNumber(2)` | returns `"positive-even"` |
| 4 | `classifyNumber(1)` | returns `"positive-odd"` |

{
  "function_name": "classifyNumber",
  "location": "/tmp/shatter-examples.e644oibi/standalone/ts/01-arithmetic.ts:10-21",
  "classes": [
    {
      "label": "Class 1 — returns \"zero\"",
      "branch_path": [
        {
          "branch_id": 0,
          "taken": false
        },
        {
          "branch_id": 1,
          "taken": true
        }
      ],
      "preconditions": [
        {
          "AllEqual": {
            "param_index": 0,
            "value": 0
          }
        }
      ],
      "postcondition": {
        "kind": "returns",
        "value": "zero"
      },
      "side_effects": [],
      "examples": [
        {
          "inputs": [
            0
          ],
          "return_value": "zero",
          "thrown_error": null
        }
      ],
      "sample_count": 7,
      "precondition_provenance": "observed",
      "postcondition_provenance": "observed"
    },
    {
      "label": "Class 2 — returns \"negative\"",
      "branch_path": [
        {
          "branch_id": 0,
          "taken": true
        }
      ],
      "preconditions": [
        {
          "AllEqual": {
            "param_index": 0,
            "value": -1
          }
        }
      ],
      "postcondition": {
        "kind": "returns",
        "value": "negative"
      },
      "side_effects": [],
      "examples": [
        {
          "inputs": [
            -1
          ],
          "return_value": "negative",
          "thrown_error": null
        }
      ],
      "sample_count": 6,
      "precondition_provenance": "observed",
      "postcondition_provenance": "observed"
    },
    {
      "label": "Class 3 — returns \"positive-even\"",
      "branch_path": [
        {
          "branch_id": 0,
          "taken": false
        },
        {
          "branch_id": 1,
          "taken": false
        },
        {
          "branch_id": 2,
          "taken": true
        }
      ],
      "preconditions": [
        {
          "AllEqual": {
            "param_index": 0,
            "value": 2
          }
        }
      ],
      "postcondition": {
        "kind": "returns",
        "value": "positive-even"
      },
      "side_effects": [],
      "examples": [
        {
          "inputs": [
            2
          ],
          "return_value": "positive-even",
          "thrown_error": null
        }
      ],
      "sample_count": 3,
      "precondition_provenance": "observed",
      "postcondition_provenance": "observed"
    },
    {
      "label": "Class 4 — returns \"positive-odd\"",
      "branch_path": [
        {
          "branch_id": 0,
          "taken": false
        },
        {
          "branch_id": 1,
          "taken": false
        },
        {
          "branch_id": 2,
          "taken": false
        }
      ],
      "preconditions": [
        {
          "AllEqual": {
            "param_index": 0,
            "value": 1
          }
        }
      ],
      "postcondition": {
        "kind": "returns",
        "value": "positive-odd"
      },
      "side_effects": [],
      "examples": [
        {
          "inputs": [
            1
          ],
          "return_value": "positive-odd",
          "thrown_error": null
        }
      ],
      "sample_count": 4,
      "precondition_provenance": "observed",
      "postcondition_provenance": "observed"
    }
  ],
  "iterations": 20,
  "lines_covered": 7,
  "total_lines": 7,
  "fingerprint": "cbf8e260f7b769a5d31f392a8b018add670cf70108d41a7d2f312f9ae947e560"
}

---

**Summary:** 4 path(s) across 1 function(s) · **100%** coverage (7/7 lines)

  Wall time: 0.82s



━━━━━━━━━━━━━━━━━━━━━━━━━━━━━━━━━━━━━━━━━━━━━━━━━━
  Step 27/60 · Specification Diff
  Compare behavioral specs from two versions of classifyNumber to detect regressions
━━━━━━━━━━━━━━━━━━━━━━━━━━━━━━━━━━━━━━━━━━━━━━━━━━

$ bash -c /home/ketan/.local/share/worktrees/shatter/audit-2026-09-22/target/debug/shatter explore --max-iterations 20 --timeout-explore 15 --quiet --spec-out /tmp/shatter-gauntlet-tmp.hsPGAN/shatter-spec-old.json demo/fixtures/arithmetic-v1.ts:classifyNumber && /home/ketan/.local/share/worktrees/shatter/audit-2026-09-22/target/debug/shatter explore --max-iterations 20 --timeout-explore 15 --quiet --spec-out /tmp/shatter-gauntlet-tmp.hsPGAN/shatter-spec-new.json demo/fixtures/arithmetic-v2.ts:classifyNumber && { /home/ketan/.local/share/worktrees/shatter/audit-2026-09-22/target/debug/shatter spec-diff /tmp/shatter-gauntlet-tmp.hsPGAN/shatter-spec-old.json /tmp/shatter-gauntlet-tmp.hsPGAN/shatter-spec-new.json; true; }

# Shatter Explore

## `classifyNumber` *(demo/fixtures/arithmetic-v1.ts:11-22)*

**4 path(s)** · **100%** coverage (7/7 lines)

| # | Call | Outcome |
|---|---|---|
| 1 | `classifyNumber(0)` | returns `"zero"` |
| 2 | `classifyNumber(-1)` | returns `"negative"` |
| 3 | `classifyNumber(1)` | returns `"positive-odd"` |
| 4 | `classifyNumber(2)` | returns `"positive-even"` |


---

**Summary:** 4 path(s) across 1 function(s) · **100%** coverage (7/7 lines)
# Shatter Explore

## `classifyNumber` *(demo/fixtures/arithmetic-v2.ts:14-31)*

**5 path(s)** · **91%** coverage (10/11 lines)

| # | Call | Outcome |
|---|---|---|
| 1 | `classifyNumber(0)` | returns `"zero"` |
| 2 | `classifyNumber(-1)` | returns `"negative"` |
| 3 | `classifyNumber(1)` | returns `"positive-odd"` |
| 4 | `classifyNumber(1000)` | returns `"positive-even"` |
| 5 | `classifyNumber(1001)` | returns `"large-odd"` |


---

**Summary:** 5 path(s) across 1 function(s) · **91%** coverage (10/11 lines)
Spec diff: classifyNumber

  Summary: 3 added, 2 removed

  [ADDED]   Class 3 — returns "positive-odd"
  [ADDED]   Class 4 — returns "positive-even"
  [ADDED]   Class 5 — returns "large-odd"
  [REMOVED] Class 3 — returns "positive-odd"
  [REMOVED] Class 4 — returns "positive-even"


  Wall time: 3.71s



━━━━━━━━━━━━━━━━━━━━━━━━━━━━━━━━━━━━━━━━━━━━━━━━━━
  Step 28/60 · Cross-Language Compare
  Compare two specs by input/output behavior (ignoring language-specific branch paths)
━━━━━━━━━━━━━━━━━━━━━━━━━━━━━━━━━━━━━━━━━━━━━━━━━━

$ bash -c /home/ketan/.local/share/worktrees/shatter/audit-2026-09-22/target/debug/shatter compare /tmp/shatter-gauntlet-tmp.hsPGAN/shatter-spec-old.json /tmp/shatter-gauntlet-tmp.hsPGAN/shatter-spec-new.json; true

Error: failed to parse spec A '/tmp/shatter-gauntlet-tmp.hsPGAN/shatter-spec-old.json': missing field `function_name` at line 172 column 1

  Wall time: 0.24s



━━━━━━━━━━━━━━━━━━━━━━━━━━━━━━━━━━━━━━━━━━━━━━━━━━
  Step 29/60 · Explore Without Boundary Values
  Disable built-in boundary value seeding with --no-boundary-values
━━━━━━━━━━━━━━━━━━━━━━━━━━━━━━━━━━━━━━━━━━━━━━━━━━

$ /home/ketan/.local/share/worktrees/shatter/audit-2026-09-22/target/debug/shatter explore --max-iterations 20 --timeout-explore 15 --no-boundary-values /tmp/shatter-examples.e644oibi/standalone/ts/01-arithmetic.ts:classifyNumber

[info] Spawned 1 frontend session(s) for 1 target(s) (16 parallel worker(s))
# Shatter Explore

[info] Found prior explore summary for /tmp/shatter-examples.e644oibi/standalone/ts/01-arithmetic.ts (1 completed, 0 failed)
[info] [resumed] classifyNumber: 3 branches, 1.7s (prior run)
[info] Resumed 1/1 function(s) from prior artifacts for /tmp/shatter-examples.e644oibi/standalone/ts/01-arithmetic.ts
[info] Resumed 1 function(s) from prior explore artifacts
[info] Wrote explore artifact for classifyNumber -> /tmp/shatter-demo-artifacts.lLIgEc/explore-results/tmp_shatter-examples.e644oibi_standalone_ts_01-arithmetic.ts/00010_classifyNumber.json
## `classifyNumber` *(/tmp/shatter-examples.e644oibi/standalone/ts/01-arithmetic.ts:10-21)*

**4 path(s)** · **100%** coverage (7/7 lines)

| # | Call | Outcome |
|---|---|---|
| 1 | `classifyNumber(0)` | returns `"zero"` |
| 2 | `classifyNumber(-1)` | returns `"negative"` |
| 3 | `classifyNumber(2)` | returns `"positive-even"` |
| 4 | `classifyNumber(1)` | returns `"positive-odd"` |


---

**Summary:** 4 path(s) across 1 function(s) · **100%** coverage (7/7 lines)

  Wall time: 0.82s



━━━━━━━━━━━━━━━━━━━━━━━━━━━━━━━━━━━━━━━━━━━━━━━━━━
  Step 30/60 · Markdown Scan Report
  Generate a human-readable markdown report alongside JSON
━━━━━━━━━━━━━━━━━━━━━━━━━━━━━━━━━━━━━━━━━━━━━━━━━━

$ /home/ketan/.local/share/worktrees/shatter/audit-2026-09-22/target/debug/shatter scan -o /tmp/shatter-gauntlet-tmp.hsPGAN/shatter-scan-report.md /tmp/shatter-examples.e644oibi/standalone/ts

[info] Discovered 26 source file(s) in /tmp/shatter-examples.e644oibi/standalone/ts
[info] Omitting 21 unexported function(s) by default; re-run with --all to include them
[info] Skipped 2 function(s) (unexecutable parameter types):
[info]   mergeConfig: param "base" → ConfigObject (interface with no implementors — no concrete implementation visible in scope); param "override" → ConfigObject (interface with no implementors — no concrete implementation visible in scope)
[info]   transformRecord: param "record" → RawRecord (interface with no implementors — no concrete implementation visible in scope)
[info] Scanning 35 function(s) in dependency order...
[info] Wrote scan artifact for /tmp/shatter-examples.e644oibi/standalone/ts/01-arithmetic.ts::classifyNumber -> /tmp/shatter-demo-artifacts.lLIgEc/scan-results/1440be0e6582b99c6a8bdbcae7b65d2f0bd411ba16360737a742453c63672b62/functions/00001_tmp_shatter-examples.e644oibi_standalone_ts_01-arithmetic.ts__classifyNumber.json
[info] Wrote scan artifact for /tmp/shatter-examples.e644oibi/standalone/ts/05-unions.ts::routeRequest -> /tmp/shatter-demo-artifacts.lLIgEc/scan-results/1440be0e6582b99c6a8bdbcae7b65d2f0bd411ba16360737a742453c63672b62/functions/00010_tmp_shatter-examples.e644oibi_standalone_ts_05-unions.ts__routeRequest.json
[info] Wrote scan artifact for /tmp/shatter-examples.e644oibi/standalone/ts/06-nested-control-flow.ts::processStateMachine -> /tmp/shatter-demo-artifacts.lLIgEc/scan-results/1440be0e6582b99c6a8bdbcae7b65d2f0bd411ba16360737a742453c63672b62/functions/00012_tmp_shatter-examples.e644oibi_standalone_ts_06-nested-control-flow.ts__processStateMachine.json
[info] Wrote scan artifact for /tmp/shatter-examples.e644oibi/standalone/ts/04-errors.ts::safeDivide -> /tmp/shatter-demo-artifacts.lLIgEc/scan-results/1440be0e6582b99c6a8bdbcae7b65d2f0bd411ba16360737a742453c63672b62/functions/00008_tmp_shatter-examples.e644oibi_standalone_ts_04-errors.ts__safeDivide.json
[info] Wrote scan artifact for /tmp/shatter-examples.e644oibi/standalone/ts/03-objects.ts::describeRectangle -> /tmp/shatter-demo-artifacts.lLIgEc/scan-results/1440be0e6582b99c6a8bdbcae7b65d2f0bd411ba16360737a742453c63672b62/functions/00006_tmp_shatter-examples.e644oibi_standalone_ts_03-objects.ts__describeRectangle.json
[info] Wrote scan artifact for /tmp/shatter-examples.e644oibi/standalone/ts/10-path-router.ts::matchRoute -> /tmp/shatter-demo-artifacts.lLIgEc/scan-results/1440be0e6582b99c6a8bdbcae7b65d2f0bd411ba16360737a742453c63672b62/functions/00016_tmp_shatter-examples.e644oibi_standalone_ts_10-path-router.ts__matchRoute.json
[info] Wrote scan artifact for /tmp/shatter-examples.e644oibi/standalone/ts/19-robots-policy.ts::evaluateRobotsPolicy -> /tmp/shatter-demo-artifacts.lLIgEc/scan-results/1440be0e6582b99c6a8bdbcae7b65d2f0bd411ba16360737a742453c63672b62/functions/00031_tmp_shatter-examples.e644oibi_standalone_ts_19-robots-policy.ts__evaluateRobotsPolicy.json
[info] Wrote scan artifact for /tmp/shatter-examples.e644oibi/standalone/ts/17-mock-branches.ts::classifyStatus -> /tmp/shatter-demo-artifacts.lLIgEc/scan-results/1440be0e6582b99c6a8bdbcae7b65d2f0bd411ba16360737a742453c63672b62/functions/00028_tmp_shatter-examples.e644oibi_standalone_ts_17-mock-branches.ts__classifyStatus.json
[info] Wrote scan artifact for /tmp/shatter-examples.e644oibi/standalone/ts/13-mcdc-compound.ts::compoundAnd -> /tmp/shatter-demo-artifacts.lLIgEc/scan-results/1440be0e6582b99c6a8bdbcae7b65d2f0bd411ba16360737a742453c63672b62/functions/00018_tmp_shatter-examples.e644oibi_standalone_ts_13-mcdc-compound.ts__compoundAnd.json
[info] Wrote scan artifact for /tmp/shatter-examples.e644oibi/standalone/ts/07-auth-validation.ts::authorizeRequest -> /tmp/shatter-demo-artifacts.lLIgEc/scan-results/1440be0e6582b99c6a8bdbcae7b65d2f0bd411ba16360737a742453c63672b62/functions/00013_tmp_shatter-examples.e644oibi_standalone_ts_07-auth-validation.ts__authorizeRequest.json
[info] Wrote scan artifact for /tmp/shatter-examples.e644oibi/standalone/ts/20-dotenv-parser.ts::parseDotenv -> /tmp/shatter-demo-artifacts.lLIgEc/scan-results/1440be0e6582b99c6a8bdbcae7b65d2f0bd411ba16360737a742453c63672b62/functions/00032_tmp_shatter-examples.e644oibi_standalone_ts_20-dotenv-parser.ts__parseDotenv.json
[info] Wrote scan artifact for /tmp/shatter-examples.e644oibi/standalone/ts/18-accept-language.ts::negotiateLanguage -> /tmp/shatter-demo-artifacts.lLIgEc/scan-results/1440be0e6582b99c6a8bdbcae7b65d2f0bd411ba16360737a742453c63672b62/functions/00030_tmp_shatter-examples.e644oibi_standalone_ts_18-accept-language.ts__negotiateLanguage.json
[info] Wrote scan artifact for /tmp/shatter-examples.e644oibi/standalone/ts/14-semver.ts::parseSemver -> /tmp/shatter-demo-artifacts.lLIgEc/scan-results/1440be0e6582b99c6a8bdbcae7b65d2f0bd411ba16360737a742453c63672b62/functions/00023_tmp_shatter-examples.e644oibi_standalone_ts_14-semver.ts__parseSemver.json
[info] Wrote scan artifact for /tmp/shatter-examples.e644oibi/standalone/ts/02-strings.ts::classifyString -> /tmp/shatter-demo-artifacts.lLIgEc/scan-results/1440be0e6582b99c6a8bdbcae7b65d2f0bd411ba16360737a742453c63672b62/functions/00003_tmp_shatter-examples.e644oibi_standalone_ts_02-strings.ts__classifyString.json
[info] Wrote scan artifact for /tmp/shatter-examples.e644oibi/standalone/ts/16-cron-parser.ts::parseCron -> /tmp/shatter-demo-artifacts.lLIgEc/scan-results/1440be0e6582b99c6a8bdbcae7b65d2f0bd411ba16360737a742453c63672b62/functions/00026_tmp_shatter-examples.e644oibi_standalone_ts_16-cron-parser.ts__parseCron.json
[info] Wrote scan artifact for /tmp/shatter-examples.e644oibi/standalone/ts/09-rate-limiter.ts::checkRateLimit -> /tmp/shatter-demo-artifacts.lLIgEc/scan-results/1440be0e6582b99c6a8bdbcae7b65d2f0bd411ba16360737a742453c63672b62/functions/00015_tmp_shatter-examples.e644oibi_standalone_ts_09-rate-limiter.ts__checkRateLimit.json
[info] Wrote scan artifact for /tmp/shatter-examples.e644oibi/standalone/ts/15-email-validator.ts::validateEmail -> /tmp/shatter-demo-artifacts.lLIgEc/scan-results/1440be0e6582b99c6a8bdbcae7b65d2f0bd411ba16360737a742453c63672b62/functions/00025_tmp_shatter-examples.e644oibi_standalone_ts_15-email-validator.ts__validateEmail.json
[info] Wrote scan artifact for /tmp/shatter-examples.e644oibi/standalone/ts/05-unions.ts::computeArea -> /tmp/shatter-demo-artifacts.lLIgEc/scan-results/1440be0e6582b99c6a8bdbcae7b65d2f0bd411ba16360737a742453c63672b62/functions/00009_tmp_shatter-examples.e644oibi_standalone_ts_05-unions.ts__computeArea.json
[info] Wrote scan artifact for /tmp/shatter-examples.e644oibi/standalone/ts/21-crypto-boundary.ts::classifySecret -> /tmp/shatter-demo-artifacts.lLIgEc/scan-results/1440be0e6582b99c6a8bdbcae7b65d2f0bd411ba16360737a742453c63672b62/functions/00033_tmp_shatter-examples.e644oibi_standalone_ts_21-crypto-boundary.ts__classifySecret.json
[info] Wrote scan artifact for /tmp/shatter-examples.e644oibi/standalone/ts/13-roman-numerals.ts::intToRoman -> /tmp/shatter-demo-artifacts.lLIgEc/scan-results/1440be0e6582b99c6a8bdbcae7b65d2f0bd411ba16360737a742453c63672b62/functions/00021_tmp_shatter-examples.e644oibi_standalone_ts_13-roman-numerals.ts__intToRoman.json
[info] Wrote scan artifact for /tmp/shatter-examples.e644oibi/standalone/ts/22-opaque-predicate.ts::classifyWithChecksum -> /tmp/shatter-demo-artifacts.lLIgEc/scan-results/1440be0e6582b99c6a8bdbcae7b65d2f0bd411ba16360737a742453c63672b62/functions/00035_tmp_shatter-examples.e644oibi_standalone_ts_22-opaque-predicate.ts__classifyWithChecksum.json
[info] Wrote scan artifact for /tmp/shatter-examples.e644oibi/standalone/ts/04-errors.ts::computeStats -> /tmp/shatter-demo-artifacts.lLIgEc/scan-results/1440be0e6582b99c6a8bdbcae7b65d2f0bd411ba16360737a742453c63672b62/functions/00007_tmp_shatter-examples.e644oibi_standalone_ts_04-errors.ts__computeStats.json
[info] Wrote scan artifact for /tmp/shatter-examples.e644oibi/standalone/ts/01-arithmetic.ts::compareMagnitudes -> /tmp/shatter-demo-artifacts.lLIgEc/scan-results/1440be0e6582b99c6a8bdbcae7b65d2f0bd411ba16360737a742453c63672b62/functions/00002_tmp_shatter-examples.e644oibi_standalone_ts_01-arithmetic.ts__compareMagnitudes.json
[info] Wrote scan artifact for /tmp/shatter-examples.e644oibi/standalone/ts/17-mock-branches.ts::loadOrDefault -> /tmp/shatter-demo-artifacts.lLIgEc/scan-results/1440be0e6582b99c6a8bdbcae7b65d2f0bd411ba16360737a742453c63672b62/functions/00029_tmp_shatter-examples.e644oibi_standalone_ts_17-mock-branches.ts__loadOrDefault.json
[info] Wrote scan artifact for /tmp/shatter-examples.e644oibi/standalone/ts/03-objects.ts::categorizeUser -> /tmp/shatter-demo-artifacts.lLIgEc/scan-results/1440be0e6582b99c6a8bdbcae7b65d2f0bd411ba16360737a742453c63672b62/functions/00005_tmp_shatter-examples.e644oibi_standalone_ts_03-objects.ts__categorizeUser.json
[info] Wrote scan artifact for /tmp/shatter-examples.e644oibi/standalone/ts/13-mcdc-compound.ts::threeWayAnd -> /tmp/shatter-demo-artifacts.lLIgEc/scan-results/1440be0e6582b99c6a8bdbcae7b65d2f0bd411ba16360737a742453c63672b62/functions/00020_tmp_shatter-examples.e644oibi_standalone_ts_13-mcdc-compound.ts__threeWayAnd.json
[info] Wrote scan artifact for /tmp/shatter-examples.e644oibi/standalone/ts/21-crypto-boundary.ts::encrypt -> /tmp/shatter-demo-artifacts.lLIgEc/scan-results/1440be0e6582b99c6a8bdbcae7b65d2f0bd411ba16360737a742453c63672b62/functions/00034_tmp_shatter-examples.e644oibi_standalone_ts_21-crypto-boundary.ts__encrypt.json
[info] Wrote scan artifact for /tmp/shatter-examples.e644oibi/standalone/ts/07-auth-validation.ts::validateJwt -> /tmp/shatter-demo-artifacts.lLIgEc/scan-results/1440be0e6582b99c6a8bdbcae7b65d2f0bd411ba16360737a742453c63672b62/functions/00014_tmp_shatter-examples.e644oibi_standalone_ts_07-auth-validation.ts__validateJwt.json
[info] Wrote scan artifact for /tmp/shatter-examples.e644oibi/standalone/ts/06-nested-control-flow.ts::classifyHttpResponse -> /tmp/shatter-demo-artifacts.lLIgEc/scan-results/1440be0e6582b99c6a8bdbcae7b65d2f0bd411ba16360737a742453c63672b62/functions/00011_tmp_shatter-examples.e644oibi_standalone_ts_06-nested-control-flow.ts__classifyHttpResponse.json
[info] Wrote scan artifact for /tmp/shatter-examples.e644oibi/standalone/ts/10-path-router.ts::resolveMiddleware -> /tmp/shatter-demo-artifacts.lLIgEc/scan-results/1440be0e6582b99c6a8bdbcae7b65d2f0bd411ba16360737a742453c63672b62/functions/00017_tmp_shatter-examples.e644oibi_standalone_ts_10-path-router.ts__resolveMiddleware.json
[info] Wrote scan artifact for /tmp/shatter-examples.e644oibi/standalone/ts/17-mock-branches.ts::classifyConfigs -> /tmp/shatter-demo-artifacts.lLIgEc/scan-results/1440be0e6582b99c6a8bdbcae7b65d2f0bd411ba16360737a742453c63672b62/functions/00027_tmp_shatter-examples.e644oibi_standalone_ts_17-mock-branches.ts__classifyConfigs.json
[info] Wrote scan artifact for /tmp/shatter-examples.e644oibi/standalone/ts/13-roman-numerals.ts::romanToInt -> /tmp/shatter-demo-artifacts.lLIgEc/scan-results/1440be0e6582b99c6a8bdbcae7b65d2f0bd411ba16360737a742453c63672b62/functions/00022_tmp_shatter-examples.e644oibi_standalone_ts_13-roman-numerals.ts__romanToInt.json
[info] Wrote scan artifact for /tmp/shatter-examples.e644oibi/standalone/ts/13-mcdc-compound.ts::compoundOr -> /tmp/shatter-demo-artifacts.lLIgEc/scan-results/1440be0e6582b99c6a8bdbcae7b65d2f0bd411ba16360737a742453c63672b62/functions/00019_tmp_shatter-examples.e644oibi_standalone_ts_13-mcdc-compound.ts__compoundOr.json
[info] Wrote scan artifact for /tmp/shatter-examples.e644oibi/standalone/ts/02-strings.ts::transformString -> /tmp/shatter-demo-artifacts.lLIgEc/scan-results/1440be0e6582b99c6a8bdbcae7b65d2f0bd411ba16360737a742453c63672b62/functions/00004_tmp_shatter-examples.e644oibi_standalone_ts_02-strings.ts__transformString.json
[info] Wrote scan artifact for /tmp/shatter-examples.e644oibi/standalone/ts/14-semver.ts::satisfiesRange -> /tmp/shatter-demo-artifacts.lLIgEc/scan-results/1440be0e6582b99c6a8bdbcae7b65d2f0bd411ba16360737a742453c63672b62/functions/00024_tmp_shatter-examples.e644oibi_standalone_ts_14-semver.ts__satisfiesRange.json
[info] [1/35] /tmp/shatter-examples.e644oibi/standalone/ts/01-arithmetic.ts::classifyNumber (33.4s elapsed)
[info] [2/35] /tmp/shatter-examples.e644oibi/standalone/ts/01-arithmetic.ts::compareMagnitudes (33.4s elapsed)
[info] [3/35] /tmp/shatter-examples.e644oibi/standalone/ts/02-strings.ts::classifyString (33.4s elapsed)
[info] [4/35] /tmp/shatter-examples.e644oibi/standalone/ts/02-strings.ts::transformString (33.4s elapsed)
[info] [5/35] /tmp/shatter-examples.e644oibi/standalone/ts/03-objects.ts::categorizeUser (33.4s elapsed)
[info] [6/35] /tmp/shatter-examples.e644oibi/standalone/ts/03-objects.ts::describeRectangle (33.4s elapsed)
[info] [7/35] /tmp/shatter-examples.e644oibi/standalone/ts/04-errors.ts::computeStats (33.4s elapsed)
[info] [8/35] /tmp/shatter-examples.e644oibi/standalone/ts/04-errors.ts::safeDivide (33.4s elapsed)
[info] [9/35] /tmp/shatter-examples.e644oibi/standalone/ts/05-unions.ts::computeArea (33.4s elapsed)
[info] [10/35] /tmp/shatter-examples.e644oibi/standalone/ts/05-unions.ts::routeRequest (33.4s elapsed)
[info] [11/35] /tmp/shatter-examples.e644oibi/standalone/ts/06-nested-control-flow.ts::classifyHttpResponse (33.4s elapsed)
[info] [12/35] /tmp/shatter-examples.e644oibi/standalone/ts/06-nested-control-flow.ts::processStateMachine (33.4s elapsed)
[info] [13/35] /tmp/shatter-examples.e644oibi/standalone/ts/07-auth-validation.ts::authorizeRequest (33.4s elapsed)
[info] [14/35] /tmp/shatter-examples.e644oibi/standalone/ts/07-auth-validation.ts::validateJwt (33.4s elapsed)
[info] [15/35] /tmp/shatter-examples.e644oibi/standalone/ts/09-rate-limiter.ts::checkRateLimit (33.4s elapsed)
[info] [16/35] /tmp/shatter-examples.e644oibi/standalone/ts/10-path-router.ts::matchRoute (33.4s elapsed)
[info] [17/35] /tmp/shatter-examples.e644oibi/standalone/ts/10-path-router.ts::resolveMiddleware (33.4s elapsed)
[info] [18/35] /tmp/shatter-examples.e644oibi/standalone/ts/13-mcdc-compound.ts::compoundAnd (33.4s elapsed)
[info] [19/35] /tmp/shatter-examples.e644oibi/standalone/ts/13-mcdc-compound.ts::compoundOr (33.4s elapsed)
[info] [20/35] /tmp/shatter-examples.e644oibi/standalone/ts/13-mcdc-compound.ts::threeWayAnd (33.4s elapsed)
[info] [21/35] /tmp/shatter-examples.e644oibi/standalone/ts/13-roman-numerals.ts::intToRoman (33.4s elapsed)
[info] [22/35] /tmp/shatter-examples.e644oibi/standalone/ts/13-roman-numerals.ts::romanToInt (33.4s elapsed)
[info] [23/35] /tmp/shatter-examples.e644oibi/standalone/ts/14-semver.ts::parseSemver (33.4s elapsed)
[info] [24/35] /tmp/shatter-examples.e644oibi/standalone/ts/14-semver.ts::satisfiesRange (33.4s elapsed)
[info] [25/35] /tmp/shatter-examples.e644oibi/standalone/ts/15-email-validator.ts::validateEmail (33.4s elapsed)
[info] [26/35] /tmp/shatter-examples.e644oibi/standalone/ts/16-cron-parser.ts::parseCron (33.4s elapsed)
[info] [27/35] /tmp/shatter-examples.e644oibi/standalone/ts/17-mock-branches.ts::classifyConfigs (33.4s elapsed)
[info] [28/35] /tmp/shatter-examples.e644oibi/standalone/ts/17-mock-branches.ts::classifyStatus (33.4s elapsed)
[info] [29/35] /tmp/shatter-examples.e644oibi/standalone/ts/17-mock-branches.ts::loadOrDefault (33.4s elapsed)
[info] [30/35] /tmp/shatter-examples.e644oibi/standalone/ts/18-accept-language.ts::negotiateLanguage (33.4s elapsed)
[info] [31/35] /tmp/shatter-examples.e644oibi/standalone/ts/19-robots-policy.ts::evaluateRobotsPolicy (33.4s elapsed)
[info] [32/35] /tmp/shatter-examples.e644oibi/standalone/ts/20-dotenv-parser.ts::parseDotenv (33.4s elapsed)
[info] [33/35] /tmp/shatter-examples.e644oibi/standalone/ts/21-crypto-boundary.ts::classifySecret (33.4s elapsed)
[info] [34/35] /tmp/shatter-examples.e644oibi/standalone/ts/21-crypto-boundary.ts::encrypt (33.4s elapsed)
[info] [35/35] /tmp/shatter-examples.e644oibi/standalone/ts/22-opaque-predicate.ts::classifyWithChecksum (33.4s elapsed)
# Scan Results

| Function | Paths | Coverage |
|---|---|---|
| `/tmp/shatter-examples.e644oibi/standalone/ts/01-arithmetic.ts::classifyNumber` | 4 | 100% |
| `/tmp/shatter-examples.e644oibi/standalone/ts/01-arithmetic.ts::compareMagnitudes` | 4 | 100% |
| `/tmp/shatter-examples.e644oibi/standalone/ts/02-strings.ts::classifyString` | 5 | 91% |
| `/tmp/shatter-examples.e644oibi/standalone/ts/02-strings.ts::transformString` | 6 | 100% |
| `/tmp/shatter-examples.e644oibi/standalone/ts/03-objects.ts::categorizeUser` | 4 | 73% |
| `/tmp/shatter-examples.e644oibi/standalone/ts/03-objects.ts::describeRectangle` | 4 | 100% |
| `/tmp/shatter-examples.e644oibi/standalone/ts/04-errors.ts::computeStats` | 2 | 31% |
| `/tmp/shatter-examples.e644oibi/standalone/ts/04-errors.ts::safeDivide` | 3 | 88% |
| `/tmp/shatter-examples.e644oibi/standalone/ts/05-unions.ts::computeArea` | 1 | 10% |
| `/tmp/shatter-examples.e644oibi/standalone/ts/05-unions.ts::routeRequest` | 2 | 31% |
| `/tmp/shatter-examples.e644oibi/standalone/ts/06-nested-control-flow.ts::classifyHttpResponse` | 13 | 96% |
| `/tmp/shatter-examples.e644oibi/standalone/ts/06-nested-control-flow.ts::processStateMachine` | 5 | 38% |
| `/tmp/shatter-examples.e644oibi/standalone/ts/07-auth-validation.ts::authorizeRequest` | 2 | 14% |
| `/tmp/shatter-examples.e644oibi/standalone/ts/07-auth-validation.ts::validateJwt` | 2 | 19% |
| `/tmp/shatter-examples.e644oibi/standalone/ts/09-rate-limiter.ts::checkRateLimit` | 5 | 78% |
| `/tmp/shatter-examples.e644oibi/standalone/ts/10-path-router.ts::matchRoute` | 3 | 12% |
| `/tmp/shatter-examples.e644oibi/standalone/ts/10-path-router.ts::resolveMiddleware` | 9 | 94% |
| `/tmp/shatter-examples.e644oibi/standalone/ts/13-mcdc-compound.ts::compoundAnd` | 2 | 100% |
| `/tmp/shatter-examples.e644oibi/standalone/ts/13-mcdc-compound.ts::compoundOr` | 2 | 100% |
| `/tmp/shatter-examples.e644oibi/standalone/ts/13-mcdc-compound.ts::threeWayAnd` | 2 | 100% |
| `/tmp/shatter-examples.e644oibi/standalone/ts/13-roman-numerals.ts::intToRoman` | 6 | 100% |
| `/tmp/shatter-examples.e644oibi/standalone/ts/13-roman-numerals.ts::romanToInt` | 3 | 82% |
| `/tmp/shatter-examples.e644oibi/standalone/ts/14-semver.ts::parseSemver` | 3 | 36% |
| `/tmp/shatter-examples.e644oibi/standalone/ts/14-semver.ts::satisfiesRange` | 8 | 64% |
| `/tmp/shatter-examples.e644oibi/standalone/ts/15-email-validator.ts::validateEmail` | 5 | 30% |
| `/tmp/shatter-examples.e644oibi/standalone/ts/16-cron-parser.ts::parseCron` | 3 | 81% |
| `/tmp/shatter-examples.e644oibi/standalone/ts/17-mock-branches.ts::classifyConfigs` | 3 | 42% |
| `/tmp/shatter-examples.e644oibi/standalone/ts/17-mock-branches.ts::classifyStatus` | 1 | 13% |
| `/tmp/shatter-examples.e644oibi/standalone/ts/17-mock-branches.ts::loadOrDefault` | 1 | 33% |
| `/tmp/shatter-examples.e644oibi/standalone/ts/18-accept-language.ts::negotiateLanguage` | 3 | 18% |
| `/tmp/shatter-examples.e644oibi/standalone/ts/19-robots-policy.ts::evaluateRobotsPolicy` | 3 | 39% |
| `/tmp/shatter-examples.e644oibi/standalone/ts/20-dotenv-parser.ts::parseDotenv` | 3 | 29% |
| `/tmp/shatter-examples.e644oibi/standalone/ts/21-crypto-boundary.ts::classifySecret` | 1 | 29% |
| `/tmp/shatter-examples.e644oibi/standalone/ts/21-crypto-boundary.ts::encrypt` | 1 | 100% |
| `/tmp/shatter-examples.e644oibi/standalone/ts/22-opaque-predicate.ts::classifyWithChecksum` | 4 | 90% |

---

Scan complete: **35 completed**, **0 failed**, **2 unsupported**, **0 interrupted**, **0 expected skipped** (16 worker(s))
[info] Wrote report to /tmp/shatter-gauntlet-tmp.hsPGAN/shatter-scan-report.md

  Wall time: 35.04s



━━━━━━━━━━━━━━━━━━━━━━━━━━━━━━━━━━━━━━━━━━━━━━━━━━
  Step 31/60 · Scan Dry Run
  Preview which files would be scanned without executing
━━━━━━━━━━━━━━━━━━━━━━━━━━━━━━━━━━━━━━━━━━━━━━━━━━

$ /home/ketan/.local/share/worktrees/shatter/audit-2026-09-22/target/debug/shatter scan --dry-run --language typescript /tmp/shatter-examples.e644oibi/standalone/ts

[info] Discovered 26 source file(s) in /tmp/shatter-examples.e644oibi/standalone/ts
[info] Omitting 21 unexported function(s) by default; re-run with --all to include them
[info] Skipped 2 function(s) (unexecutable parameter types):
[info]   mergeConfig: param "base" → ConfigObject (interface with no implementors — no concrete implementation visible in scope); param "override" → ConfigObject (interface with no implementors — no concrete implementation visible in scope)
[info]   transformRecord: param "record" → RawRecord (interface with no implementors — no concrete implementation visible in scope)
Dry-run scan plan
=================

Summary: 35 function(s) across 21 file(s), 1 layer(s)
Workers: 16 (parallel)
Estimated time: <=180s (1 layer(s) x 60s timeout)

Layer 0 (35 function(s), parallelizable):
  classifyNumber(n: int) -> string  [/tmp/shatter-examples.e644oibi/standalone/ts/01-arithmetic.ts]
    Branches: 3 | Deps: none
  compareMagnitudes(a: float, b: float) -> string  [/tmp/shatter-examples.e644oibi/standalone/ts/01-arithmetic.ts]
    Branches: 3 | Deps: none
  classifyString(s: string) -> string  [/tmp/shatter-examples.e644oibi/standalone/ts/02-strings.ts]
    Branches: 5 | Deps: none
  transformString(input: string, mode: string, count: int) -> string  [/tmp/shatter-examples.e644oibi/standalone/ts/02-strings.ts]
    Branches: 5 | Deps: none
  categorizeUser(user: {name: string, age: float, isVerified: bool, role: string}) -> string  [/tmp/shatter-examples.e644oibi/standalone/ts/03-objects.ts]
    Branches: 5 | Deps: none
  describeRectangle(rect: {width: float, height: float}) -> string  [/tmp/shatter-examples.e644oibi/standalone/ts/03-objects.ts]
    Branches: 3 | Deps: none
  computeStats(items: float[]) -> {sum: float, avg: float, max: float, flag: string?}  [/tmp/shatter-examples.e644oibi/standalone/ts/04-errors.ts]
    Branches: 5 | Deps: none
  safeDivide(numerator: float, denominator: float) -> float  [/tmp/shatter-examples.e644oibi/standalone/ts/04-errors.ts]
    Branches: 3 | Deps: none
  computeArea(shape: {kind: string, radius: float} | {kind: string, width: float, height: float} | {kind: string, base: float, height: float}) -> float  [/tmp/shatter-examples.e644oibi/standalone/ts/05-unions.ts]
    Branches: 6 | Deps: none
  routeRequest(req: {method: string, path: string, body: string?, authenticated: bool}) -> string  [/tmp/shatter-examples.e644oibi/standalone/ts/05-unions.ts]
    Branches: 8 | Deps: none
  classifyHttpResponse(status: float, contentType: string, body: string?) -> string  [/tmp/shatter-examples.e644oibi/standalone/ts/06-nested-control-flow.ts]
    Branches: 13 | Deps: none
  processStateMachine(events: string[], maxRetries: float) -> string  [/tmp/shatter-examples.e644oibi/standalone/ts/06-nested-control-flow.ts]
    Branches: 12 | Deps: none
  authorizeRequest(user: {id: string, roles: string[], active: bool}, resource: string, resourceOwnerId: string, action: string) -> string  [/tmp/shatter-examples.e644oibi/standalone/ts/07-auth-validation.ts]
    Branches: 14 | Deps: none
  validateJwt(token: string, expectedIssuer: string, expectedAudience: string, requiredScope: string, nowEpochSeconds: float) -> string  [/tmp/shatter-examples.e644oibi/standalone/ts/07-auth-validation.ts]
    Branches: 8 | Deps: none
  checkRateLimit(state: {tokens: float, lastRefillMs: float, penaltyUntilMs: float}, capacity: float, refillRate: float, nowMs: float, priority: string) -> {allowed: bool, reason: string, remainingTokens: float, newState: {tokens: float, lastRefillMs: float, penaltyUntilMs: float}}  [/tmp/shatter-examples.e644oibi/standalone/ts/09-rate-limiter.ts]
    Branches: 6 | Deps: none
  matchRoute(routes: {method: string, pattern: string, handler: string}[], method: string, path: string) -> {status: string, handler: string?, params: unknown?, message: string?}  [/tmp/shatter-examples.e644oibi/standalone/ts/10-path-router.ts]
    Branches: 19 | Deps: none
  resolveMiddleware(metadata: {requiresAuth: bool, contentType: string, corsOrigin: string?, allowedOrigins: string[]}, authHeader: string?) -> {status: string, middleware: string[], reason: string?}  [/tmp/shatter-examples.e644oibi/standalone/ts/10-path-router.ts]
    Branches: 7 | Deps: none
  compoundAnd(a: float, b: float) -> string  [/tmp/shatter-examples.e644oibi/standalone/ts/13-mcdc-compound.ts]
    Branches: 1 | Deps: none
  compoundOr(x: bool, y: bool) -> string  [/tmp/shatter-examples.e644oibi/standalone/ts/13-mcdc-compound.ts]
    Branches: 1 | Deps: none
  threeWayAnd(a: float, b: float, c: float) -> string  [/tmp/shatter-examples.e644oibi/standalone/ts/13-mcdc-compound.ts]
    Branches: 1 | Deps: none
  intToRoman(n: float) -> string  [/tmp/shatter-examples.e644oibi/standalone/ts/13-roman-numerals.ts]
    Branches: 2 | Deps: none
  romanToInt(s: string) -> float  [/tmp/shatter-examples.e644oibi/standalone/ts/13-roman-numerals.ts]
    Branches: 5 | Deps: none
  parseSemver(version: string) -> {major: float, minor: float, patch: float, prerelease: string}  [/tmp/shatter-examples.e644oibi/standalone/ts/14-semver.ts]
    Branches: 6 | Deps: none
  satisfiesRange(version: string, range: string) -> bool  [/tmp/shatter-examples.e644oibi/standalone/ts/14-semver.ts]
    Branches: 16 | Deps: none
  validateEmail(email: string) -> {valid: bool, reason: string?, tag: string?, quoted: bool | bool?}  [/tmp/shatter-examples.e644oibi/standalone/ts/15-email-validator.ts]
    Branches: 19 | Deps: none
  parseCron(expression: string) -> {minute: {values: float[]}, hour: {values: float[]}, dayOfMonth: {values: float[]}, month: {values: float[]}, weekday: {values: float[]}}  [/tmp/shatter-examples.e644oibi/standalone/ts/16-cron-parser.ts]
    Branches: 11 | Deps: none
  classifyConfigs(paths: string[]) -> string  [/tmp/shatter-examples.e644oibi/standalone/ts/17-mock-branches.ts]
    Branches: 4 | Deps: none
  classifyStatus(configPath: string) -> string  [/tmp/shatter-examples.e644oibi/standalone/ts/17-mock-branches.ts]
    Branches: 3 | Deps: none
  loadOrDefault(filePath: string) -> string  [/tmp/shatter-examples.e644oibi/standalone/ts/17-mock-branches.ts]
    Branches: 2 | Deps: none
  negotiateLanguage(header: string, supported: string[]) -> {selected: string?, reason: string, matchedRange: string?, quality: float}  [/tmp/shatter-examples.e644oibi/standalone/ts/18-accept-language.ts]
    Branches: 12 | Deps: none
  evaluateRobotsPolicy(robotsTxt: string, userAgent: string, path: string) -> {allowed: bool, reason: string, matchedDirective: string?, crawlDelay: float?}  [/tmp/shatter-examples.e644oibi/standalone/ts/19-robots-policy.ts]
    Branches: 9 | Deps: none
  parseDotenv(src: string) -> {values: unknown, warnings: string[]}  [/tmp/shatter-examples.e644oibi/standalone/ts/20-dotenv-parser.ts]
    Branches: 12 | Deps: none
  classifySecret(ciphertext: Buffer) -> {role: string, username: string?}  [/tmp/shatter-examples.e644oibi/standalone/ts/21-crypto-boundary.ts]
    Branches: 2 | Deps: none
  encrypt(plaintext: string) -> unknown  [/tmp/shatter-examples.e644oibi/standalone/ts/21-crypto-boundary.ts]
    Branches: 0 | Deps: none
  classifyWithChecksum(s: string) -> string  [/tmp/shatter-examples.e644oibi/standalone/ts/22-opaque-predicate.ts]
    Branches: 4 | Deps: none

Skipped (unexecutable):
  mergeConfig: param "base" → ConfigObject (interface with no implementors — no concrete implementation visible in scope); param "override" → ConfigObject (interface with no implementors — no concrete implementation visible in scope)
  transformRecord: param "record" → RawRecord (interface with no implementors — no concrete implementation visible in scope)

  Wall time: 0.52s



━━━━━━━━━━━━━━━━━━━━━━━━━━━━━━━━━━━━━━━━━━━━━━━━━━
  Step 32/60 · Incremental Scan (--since)
  Scan only files changed since the initial examples commit
━━━━━━━━━━━━━━━━━━━━━━━━━━━━━━━━━━━━━━━━━━━━━━━━━━

$ bash -c /home/ketan/.local/share/worktrees/shatter/audit-2026-09-22/target/debug/shatter scan --since HEAD~1 '/tmp/shatter-examples.e644oibi/standalone/ts'; echo '(exit code 1 is acceptable here: selected file may already be fresh against prior scan artifacts)'

[info] SCM reports 1 changed file(s)
[info] Discovered 1 source file(s) in /tmp/shatter-examples.e644oibi/standalone/ts
[info] Scanning 1 function(s) in dependency order...
[info] Wrote scan artifact for /tmp/shatter-examples.e644oibi/standalone/ts/22-opaque-predicate.ts::classifyWithChecksum -> /tmp/shatter-demo-artifacts.lLIgEc/scan-results/30d576c1256f3d326fbacc09150e5ec8f81787a6ab771a9284bb8ea26789099c/functions/00001_tmp_shatter-examples.e644oibi_standalone_ts_22-opaque-predicate.ts__classifyWithChecksum.json
[info] [1/1] /tmp/shatter-examples.e644oibi/standalone/ts/22-opaque-predicate.ts::classifyWithChecksum (1.8s elapsed)
# Scan Results

| Function | Paths | Coverage |
|---|---|---|
| `/tmp/shatter-examples.e644oibi/standalone/ts/22-opaque-predicate.ts::classifyWithChecksum` | 4 | 90% |

---

Scan complete: **1 completed**, **0 failed**, **0 unsupported**, **0 interrupted**, **0 expected skipped** (1 worker(s))
# Shatter Scan Report

- **Functions discovered:** 1
- **Functions attempted:** 1
- **Functions completed:** 1
  - **with observed behavior:** 1
  - **error-only (all discovered inputs threw):** 0

## Source Set Summary

| Bucket | Files | Lines |
|--------|-------|-------|
| `production_ish` | 1 | 42 |
| `test_spec` | 0 | 0 |
| `generated` | 0 | 0 |
| `declaration_only` | 0 | 0 |
| `fixture_sample` | 0 | 0 |
| `policy_excluded` | 0 | 0 |
| `unsupported` | 0 | 0 |

- **Production-ish source lines:** 42 (whole-source denominator; see Coverage section below)

## Coverage

- **Attempted-function span:** 1 of 1 discovered functions attempted
- **Total branches:** 4 (across completed functions)
- **Branches covered:** 4
- **Overall coverage (completed-functions subset):** 100.0%

## Function Summary

| Status | Outcome | Function | File | Coverage | Branches | Lines | Iterations |
|--------|---------|----------|------|----------|----------|-------|------------|
| WARN | behavioral | `classifyWithChecksum` | /tmp/shatter-examples.e644oibi/standalone/ts/22-opaque-predicate.ts | 90.0% | 4/4 | 9/10 | 100 |

## Function Details

### `classifyWithChecksum`

- **File:** /tmp/shatter-examples.e644oibi/standalone/ts/22-opaque-predicate.ts
- **Coverage:** 90.0%
- **Branches:** 4/4
- **Lines:** 9/10
- **Iterations:** 100
- **Constraints collected:** 143

**Behaviors:**

- Cluster 0: returns "checksum-miss" (inputs: "length")
- Cluster 1: returns "empty" (inputs: "")
- Cluster 2: returns "checksum-miss" (inputs: "empty")
- Cluster 3: returns "checksum-miss" (inputs: "too-long")
- Cluster 4: returns "checksum-miss" (inputs: "charCodeAt")
- ... and 2 more clusters

## Uncovered Branches

- `classifyWithChecksum`: 0 uncovered branch(es) (90.0% coverage)

## Interesting Inputs

### `classifyWithChecksum`

- "" -> "empty"

(exit code 1 is acceptable here: selected file may already be fresh against prior scan artifacts)

  Wall time: 2.36s



━━━━━━━━━━━━━━━━━━━━━━━━━━━━━━━━━━━━━━━━━━━━━━━━━━
  Step 33/60 · Incremental Scan (--changed)
  Scan only files with uncommitted changes (expect: no files in clean clone)
━━━━━━━━━━━━━━━━━━━━━━━━━━━━━━━━━━━━━━━━━━━━━━━━━━

$ /home/ketan/.local/share/worktrees/shatter/audit-2026-09-22/target/debug/shatter scan --changed /tmp/shatter-examples.e644oibi/standalone/ts

[info] No changed files found

  Wall time: 0.25s



━━━━━━━━━━━━━━━━━━━━━━━━━━━━━━━━━━━━━━━━━━━━━━━━━━
  Step 34/60 · Invariant Detection
  Detect Daikon-style invariants over explored executions
━━━━━━━━━━━━━━━━━━━━━━━━━━━━━━━━━━━━━━━━━━━━━━━━━━

$ /home/ketan/.local/share/worktrees/shatter/audit-2026-09-22/target/debug/shatter explore --max-iterations 20 --timeout-explore 15 --invariants /tmp/shatter-examples.e644oibi/standalone/ts/01-arithmetic.ts:classifyNumber

[info] Spawned 1 frontend session(s) for 1 target(s) (16 parallel worker(s))
# Shatter Explore

[info] Found prior explore summary for /tmp/shatter-examples.e644oibi/standalone/ts/01-arithmetic.ts (1 completed, 0 failed)
[info] [resumed] classifyNumber: 3 branches, 1.7s (prior run)
[info] Resumed 1/1 function(s) from prior artifacts for /tmp/shatter-examples.e644oibi/standalone/ts/01-arithmetic.ts
[info] Resumed 1 function(s) from prior explore artifacts
[info] Wrote explore artifact for classifyNumber -> /tmp/shatter-demo-artifacts.lLIgEc/explore-results/tmp_shatter-examples.e644oibi_standalone_ts_01-arithmetic.ts/00010_classifyNumber.json
## `classifyNumber` *(/tmp/shatter-examples.e644oibi/standalone/ts/01-arithmetic.ts:10-21)*

**4 path(s)** · **100%** coverage (7/7 lines)

| # | Call | Outcome |
|---|---|---|
| 1 | `classifyNumber(0)` | returns `"zero"` |
| 2 | `classifyNumber(-1)` | returns `"negative"` |
| 3 | `classifyNumber(2)` | returns `"positive-even"` |
| 4 | `classifyNumber(1)` | returns `"positive-odd"` |

# Specification: `classifyNumber`

**Location:** `/tmp/shatter-examples.e644oibi/standalone/ts/01-arithmetic.ts:10-21`

**Behavioral classes:** 4  
**Exploration:** 20 iterations, 7/7 lines covered (100%)

**Function invariants:**
-  != null [1] (20/20)
-  != null [1] (20/20)
-  is non-empty [1] (20/20)

---

## Class 1 — returns "zero"

**Preconditions** [observed]:
- param[0] == 0

**Postcondition** [observed]: returns "zero"

**Invariants:**
-  != null [1] (7/7)
-  == 0 [1] (7/7)
-  >= 0 [1] (7/7)
-  != null [1] (7/7)
-  is non-empty [1] (7/7)

**Example** (7 execution(s) observed):
```
classifyNumber(0) -> "zero"
```

---

## Class 2 — returns "negative"

**Preconditions** [observed]:
- param[0] == -1

**Postcondition** [observed]: returns "negative"

**Invariants:**
-  != null [1] (6/6)
-  < 0 [1] (6/6)
-  == -1 [1] (6/6)
-  != null [1] (6/6)
-  is non-empty [1] (6/6)

**Example** (6 execution(s) observed):
```
classifyNumber(-1) -> "negative"
```

---

## Class 3 — returns "positive-even"

**Preconditions** [observed]:
- param[0] == 2

**Postcondition** [observed]: returns "positive-even"

**Invariants:**
-  != null [1] (3/3)
-  == 2 [1] (3/3)
-  > 0 [1] (3/3)
-  != null [1] (3/3)
-  is non-empty [1] (3/3)

**Example** (3 execution(s) observed):
```
classifyNumber(2) -> "positive-even"
```

---

## Class 4 — returns "positive-odd"

**Preconditions** [observed]:
- param[0] == 1

**Postcondition** [observed]: returns "positive-odd"

**Invariants:**
-  != null [1] (4/4)
-  == 1 [1] (4/4)
-  > 0 [1] (4/4)
-  != null [1] (4/4)
-  is non-empty [1] (4/4)

**Example** (4 execution(s) observed):
```
classifyNumber(1) -> "positive-odd"
```

---

**Summary:** 4 path(s) across 1 function(s) · **100%** coverage (7/7 lines)

  Wall time: 0.81s



━━━━━━━━━━━━━━━━━━━━━━━━━━━━━━━━━━━━━━━━━━━━━━━━━━
  Step 35/60 · Setup + Generators via Config
  Explore with setup/teardown lifecycle and custom type generators from .shatter/config.yaml
━━━━━━━━━━━━━━━━━━━━━━━━━━━━━━━━━━━━━━━━━━━━━━━━━━

$ /home/ketan/.local/share/worktrees/shatter/audit-2026-09-22/target/debug/shatter explore --max-iterations 20 --timeout-explore 15 --config /tmp/shatter-examples.e644oibi/typescript/.shatter/config.yaml /tmp/shatter-examples.e644oibi/standalone/ts/03-objects.ts:categorizeUser

[info] Spawned 1 frontend session(s) for 1 target(s) (16 parallel worker(s))
# Shatter Explore

[info] Found prior explore summary for /tmp/shatter-examples.e644oibi/standalone/ts/03-objects.ts (1 completed, 0 failed)
[info] [resumed] categorizeUser: 3 branches, 1.9s (prior run)
[info] Resumed 1/1 function(s) from prior artifacts for /tmp/shatter-examples.e644oibi/standalone/ts/03-objects.ts
[info] Resumed 1 function(s) from prior explore artifacts
[info] Wrote explore artifact for categorizeUser -> /tmp/shatter-demo-artifacts.lLIgEc/explore-results/tmp_shatter-examples.e644oibi_standalone_ts_03-objects.ts/00019_categorizeUser.json
## `categorizeUser` *(/tmp/shatter-examples.e644oibi/standalone/ts/03-objects.ts:19-36)*

**3 path(s)** · **55%** coverage (6/11 lines)

| # | Call | Outcome |
|---|---|---|
| 1 | `categorizeUser({"age":0.0,"isVerified":false,"name":...)` | returns `"child"` |
| 2 | `categorizeUser({"age":-1,"isVerified":false,"name":"...)` | throws `Error: invalid age` |
| 3 | `categorizeUser({"age":13,"isVerified":false,"name":"...)` | returns `"teen"` |


---

**Summary:** 3 path(s) across 1 function(s) · **55%** coverage (6/11 lines)

  Wall time: 0.90s



━━━━━━━━━━━━━━━━━━━━━━━━━━━━━━━━━━━━━━━━━━━━━━━━━━
  Step 36/60 · Setup + Generators (Debug)
  Show setup/teardown and generator lifecycle with --log-level debug
━━━━━━━━━━━━━━━━━━━━━━━━━━━━━━━━━━━━━━━━━━━━━━━━━━

$ /home/ketan/.local/share/worktrees/shatter/audit-2026-09-22/target/debug/shatter explore --max-iterations 20 --timeout-explore 15 --config /tmp/shatter-examples.e644oibi/typescript/.shatter/config.yaml --log-level debug /tmp/shatter-examples.e644oibi/standalone/ts/03-objects.ts:categorizeUser

[debug] built glob set; 0 literals, 0 basenames, 2 extensions, 0 prefixes, 0 suffixes, 0 required extensions, 0 regexes
[debug] built glob set; 0 literals, 0 basenames, 0 extensions, 2 prefixes, 0 suffixes, 0 required extensions, 0 regexes
[debug] Frontend connected (language=typescript)
[info] Spawned 1 frontend session(s) for 1 target(s) (16 parallel worker(s))
[debug] Exploring /tmp/shatter-examples.e644oibi/standalone/ts/03-objects.ts:categorizeUser [language=typescript, max_iterations=20]
[debug] Found 1 function(s):
[debug]   - categorizeUser (1 params, 5 branches)
[debug] Loaded config from /tmp/shatter-examples.e644oibi/typescript/.shatter/config.yaml
# Shatter Explore

[debug] Loaded 3 stored input(s) for categorizeUser
[debug] Exploring categorizeUser...
[info] Found prior explore summary for /tmp/shatter-examples.e644oibi/standalone/ts/03-objects.ts (1 completed, 0 failed)
[info] [resumed] categorizeUser: 3 branches, 1.9s (prior run)
[info] Resumed 1/1 function(s) from prior artifacts for /tmp/shatter-examples.e644oibi/standalone/ts/03-objects.ts
[info] Resumed 1 function(s) from prior explore artifacts
[info] Wrote explore artifact for categorizeUser -> /tmp/shatter-demo-artifacts.lLIgEc/explore-results/tmp_shatter-examples.e644oibi_standalone_ts_03-objects.ts/00019_categorizeUser.json
## `categorizeUser` *(/tmp/shatter-examples.e644oibi/standalone/ts/03-objects.ts:19-36)*

**3 path(s)** · **55%** coverage (6/11 lines)

| # | Call | Outcome |
|---|---|---|
| 1 | `categorizeUser({"age":0.0,"isVerified":false,"name":...)` | returns `"child"` |
| 2 | `categorizeUser({"age":-1,"isVerified":false,"name":"...)` | throws `Error: invalid age` |
| 3 | `categorizeUser({"age":13,"isVerified":false,"name":"...)` | returns `"teen"` |


---

**Summary:** 3 path(s) across 1 function(s) · **55%** coverage (6/11 lines)

  Wall time: 0.90s



━━━━━━━━━━━━━━━━━━━━━━━━━━━━━━━━━━━━━━━━━━━━━━━━━━
  Step 37/60 · File-Level Explore
  Explore all exported functions in a file by passing just the file path
━━━━━━━━━━━━━━━━━━━━━━━━━━━━━━━━━━━━━━━━━━━━━━━━━━

$ /home/ketan/.local/share/worktrees/shatter/audit-2026-09-22/target/debug/shatter explore --max-iterations 20 --timeout-explore 15 /tmp/shatter-examples.e644oibi/standalone/ts/01-arithmetic.ts

[info] Spawned 1 frontend session(s) for 1 target(s) (16 parallel worker(s))
# Shatter Explore

[info] Found prior explore summary for /tmp/shatter-examples.e644oibi/standalone/ts/01-arithmetic.ts (1 completed, 0 failed)
[info] [resumed] classifyNumber: 3 branches, 1.7s (prior run)
[info] Resumed 1/2 function(s) from prior artifacts for /tmp/shatter-examples.e644oibi/standalone/ts/01-arithmetic.ts
[progress] starting 2/2: compareMagnitudes
[progress] completed 1/2: compareMagnitudes (1.2s)
[batch 1/1] compareMagnitudes: 20 iters, 4 paths, 3/3 branches, 1.2s (ok)
[info] Resumed 1 function(s) from prior explore artifacts
[info] Wrote explore artifact for classifyNumber -> /tmp/shatter-demo-artifacts.lLIgEc/explore-results/tmp_shatter-examples.e644oibi_standalone_ts_01-arithmetic.ts/00010_classifyNumber.json
[info] Wrote explore artifact for compareMagnitudes -> /tmp/shatter-demo-artifacts.lLIgEc/explore-results/tmp_shatter-examples.e644oibi_standalone_ts_01-arithmetic.ts/00031_compareMagnitudes.json
## `classifyNumber` *(/tmp/shatter-examples.e644oibi/standalone/ts/01-arithmetic.ts:10-21)*

**4 path(s)** · **100%** coverage (7/7 lines)

| # | Call | Outcome |
|---|---|---|
| 1 | `classifyNumber(0)` | returns `"zero"` |
| 2 | `classifyNumber(-1)` | returns `"negative"` |
| 3 | `classifyNumber(2)` | returns `"positive-even"` |
| 4 | `classifyNumber(1)` | returns `"positive-odd"` |

## `compareMagnitudes` *(/tmp/shatter-examples.e644oibi/standalone/ts/01-arithmetic.ts:31-45)*

**4 path(s)** · **100%** coverage (9/9 lines)

| # | Call | Outcome |
|---|---|---|
| 1 | `compareMagnitudes(100.0, 0.0)` | returns `"both-small"` |
| 2 | `compareMagnitudes(101, 0)` | returns `"sum-large"` |
| 3 | `compareMagnitudes(-121, -511)` | returns `"product-large"` |
| 4 | `compareMagnitudes(959, 291)` | returns `"both-large"` |


---

**Summary:** 8 path(s) across 2 function(s) · **100%** coverage (16/16 lines)

  Wall time: 2.10s



━━━━━━━━━━━━━━━━━━━━━━━━━━━━━━━━━━━━━━━━━━━━━━━━━━
  Step 38/60 · Concolic CLI Preview (Z3)
  Preview the current Z3-backed CLI path on a numeric example
━━━━━━━━━━━━━━━━━━━━━━━━━━━━━━━━━━━━━━━━━━━━━━━━━━

$ /home/ketan/.local/share/worktrees/shatter/audit-2026-09-22/target/debug/shatter explore --max-iterations 20 --timeout-explore 15 --concolic -o /tmp/shatter-gauntlet.hiIR2x/explore-concolic.html --stdout /tmp/shatter-examples.e644oibi/standalone/ts/01-arithmetic.ts:classifyNumber

[info] Spawned 1 frontend session(s) for 1 target(s) (16 parallel worker(s))
# Shatter Explore

[info] Found prior explore summary for /tmp/shatter-examples.e644oibi/standalone/ts/01-arithmetic.ts (2 completed, 0 failed)
[info] [resumed] classifyNumber: 3 branches, 1.7s (prior run)
[info] Resumed 1/1 function(s) from prior artifacts for /tmp/shatter-examples.e644oibi/standalone/ts/01-arithmetic.ts
[info] Resumed 1 function(s) from prior explore artifacts
[info] Wrote explore artifact for classifyNumber -> /tmp/shatter-demo-artifacts.lLIgEc/explore-results/tmp_shatter-examples.e644oibi_standalone_ts_01-arithmetic.ts/00010_classifyNumber.json
## `classifyNumber` *(/tmp/shatter-examples.e644oibi/standalone/ts/01-arithmetic.ts:10-21)*

**4 path(s)** · **100%** coverage (7/7 lines)

| # | Call | Outcome |
|---|---|---|
| 1 | `classifyNumber(0)` | returns `"zero"` |
| 2 | `classifyNumber(-1)` | returns `"negative"` |
| 3 | `classifyNumber(2)` | returns `"positive-even"` |
| 4 | `classifyNumber(1)` | returns `"positive-odd"` |
- *Explorer: concolic (Z3-backed)*


---

**Summary:** 4 path(s) across 1 function(s) · **100%** coverage (7/7 lines)
[info] Wrote HTML report to /tmp/shatter-gauntlet.hiIR2x/explore-concolic.html
## classifyNumber

**Status:** `completed`

exploration completed

## `classifyNumber` *(/tmp/shatter-examples.e644oibi/standalone/ts/01-arithmetic.ts:10-21)*

**4 path(s)** · **100%** coverage (7/7 lines)

| # | Call | Outcome |
|---|---|---|
| 1 | `classifyNumber(0)` | returns `"zero"` |
| 2 | `classifyNumber(-1)` | returns `"negative"` |
| 3 | `classifyNumber(2)` | returns `"positive-even"` |
| 4 | `classifyNumber(1)` | returns `"positive-odd"` |
- *Explorer: concolic (Z3-backed)*

  Wall time: 0.84s



━━━━━━━━━━━━━━━━━━━━━━━━━━━━━━━━━━━━━━━━━━━━━━━━━━
  Step 39/60 · Concolic String CLI Preview (Z3)
  Preview the current Z3-backed CLI path on string-method guards
━━━━━━━━━━━━━━━━━━━━━━━━━━━━━━━━━━━━━━━━━━━━━━━━━━

$ /home/ketan/.local/share/worktrees/shatter/audit-2026-09-22/target/debug/shatter explore --max-iterations 20 --timeout-explore 15 --concolic /tmp/shatter-examples.e644oibi/standalone/ts/02-strings.ts:classifyString

[info] Spawned 1 frontend session(s) for 1 target(s) (16 parallel worker(s))
# Shatter Explore

[info] Found prior explore summary for /tmp/shatter-examples.e644oibi/standalone/ts/02-strings.ts (1 completed, 0 failed)
[info] [resumed] classifyString: 5 branches, 2.0s (prior run)
[info] Resumed 1/1 function(s) from prior artifacts for /tmp/shatter-examples.e644oibi/standalone/ts/02-strings.ts
[info] Resumed 1 function(s) from prior explore artifacts
[info] Wrote explore artifact for classifyString -> /tmp/shatter-demo-artifacts.lLIgEc/explore-results/tmp_shatter-examples.e644oibi_standalone_ts_02-strings.ts/00012_classifyString.json
## `classifyString` *(/tmp/shatter-examples.e644oibi/standalone/ts/02-strings.ts:12-29)*

**4 path(s)** · **82%** coverage (9/11 lines)

| # | Call | Outcome |
|---|---|---|
| 1 | `classifyString("length")` | returns `"text"` |
| 2 | `classifyString("")` | returns `"empty"` |
| 3 | `classifyString("http")` | returns `"url"` |
| 4 | `classifyString("@")` | returns `"single-char"` |
- *Explorer: concolic (Z3-backed)*


---

**Summary:** 4 path(s) across 1 function(s) · **82%** coverage (9/11 lines)

  Wall time: 0.91s



━━━━━━━━━━━━━━━━━━━━━━━━━━━━━━━━━━━━━━━━━━━━━━━━━━
  Step 40/60 · MC/DC Coverage Analysis
  Modified Condition/Decision Coverage: independence pairs, short-circuit masking, and coverage % across AND/OR/three-way compound conditions
━━━━━━━━━━━━━━━━━━━━━━━━━━━━━━━━━━━━━━━━━━━━━━━━━━

$ /home/ketan/.local/share/worktrees/shatter/audit-2026-09-22/target/debug/shatter explore --max-iterations 20 --timeout-explore 15 --mcdc /tmp/shatter-examples.e644oibi/standalone/ts/13-mcdc-compound.ts

[info] Spawned 1 frontend session(s) for 1 target(s) (16 parallel worker(s))
# Shatter Explore

[progress] starting 1/3: compoundAnd
[progress] starting 2/3: compoundOr
[progress] starting 3/3: threeWayAnd
[progress] completed 1/3: compoundOr (0.8s)
[progress] completed 2/3: threeWayAnd (0.8s)
[progress] completed 3/3: compoundAnd (0.9s)
[batch 1/3] compoundOr: 20 iters, 2 paths, 1/1 branches, 0.9s (ok) | active: 2 (threeWayAnd, compoundAnd)
[batch 2/3] threeWayAnd: 20 iters, 2 paths, 1/1 branches, 0.9s (ok) | active: 1 (compoundAnd)
[batch 3/3] compoundAnd: 20 iters, 2 paths, 1/1 branches, 0.9s (ok)
[info] Wrote explore artifact for compoundAnd -> /tmp/shatter-demo-artifacts.lLIgEc/explore-results/tmp_shatter-examples.e644oibi_standalone_ts_13-mcdc-compound.ts/00016_compoundAnd.json
[info] Wrote explore artifact for compoundOr -> /tmp/shatter-demo-artifacts.lLIgEc/explore-results/tmp_shatter-examples.e644oibi_standalone_ts_13-mcdc-compound.ts/00033_compoundOr.json
[info] Wrote explore artifact for threeWayAnd -> /tmp/shatter-demo-artifacts.lLIgEc/explore-results/tmp_shatter-examples.e644oibi_standalone_ts_13-mcdc-compound.ts/00053_threeWayAnd.json
## `compoundAnd` *(/tmp/shatter-examples.e644oibi/standalone/ts/13-mcdc-compound.ts:16-21)*

**2 path(s)** · **100%** coverage (3/3 lines)

| # | Call | Outcome |
|---|---|---|
| 1 | `compoundAnd(0.0, 0.0)` | returns `"neither"` |
| 2 | `compoundAnd(1, 9)` | returns `"both"` |

## `compoundOr` *(/tmp/shatter-examples.e644oibi/standalone/ts/13-mcdc-compound.ts:33-38)*

**2 path(s)** · **100%** coverage (3/3 lines)

| # | Call | Outcome |
|---|---|---|
| 1 | `compoundOr(false, true)` | returns `"either"` |
| 2 | `compoundOr(false, false)` | returns `"none"` |

## `threeWayAnd` *(/tmp/shatter-examples.e644oibi/standalone/ts/13-mcdc-compound.ts:53-58)*

**2 path(s)** · **100%** coverage (3/3 lines)

| # | Call | Outcome |
|---|---|---|
| 1 | `threeWayAnd(0.0, 0.0, 0.0)` | returns `"not all positive"` |
| 2 | `threeWayAnd(1, 1, 1)` | returns `"all positive"` |


---

**Summary:** 6 path(s) across 3 function(s) · **100%** coverage (9/9 lines)

  Wall time: 1.80s



━━━━━━━━━━━━━━━━━━━━━━━━━━━━━━━━━━━━━━━━━━━━━━━━━━
  Step 41/60 · Spec Output to File
  Write a spec bundle to a JSON file with --output (includes fingerprints)
━━━━━━━━━━━━━━━━━━━━━━━━━━━━━━━━━━━━━━━━━━━━━━━━━━

$ /home/ketan/.local/share/worktrees/shatter/audit-2026-09-22/target/debug/shatter explore --max-iterations 20 --timeout-explore 15 --output /tmp/shatter-gauntlet-tmp.hsPGAN/shatter-spec.json /tmp/shatter-examples.e644oibi/standalone/ts/01-arithmetic.ts:classifyNumber

[info] Spawned 1 frontend session(s) for 1 target(s) (16 parallel worker(s))
# Shatter Explore

[info] Found prior explore summary for /tmp/shatter-examples.e644oibi/standalone/ts/01-arithmetic.ts (1 completed, 0 failed)
[info] [resumed] classifyNumber: 3 branches, 1.7s (prior run)
[info] Resumed 1/1 function(s) from prior artifacts for /tmp/shatter-examples.e644oibi/standalone/ts/01-arithmetic.ts
[info] Resumed 1 function(s) from prior explore artifacts
[info] Wrote explore artifact for classifyNumber -> /tmp/shatter-demo-artifacts.lLIgEc/explore-results/tmp_shatter-examples.e644oibi_standalone_ts_01-arithmetic.ts/00010_classifyNumber.json
[warn] JSON output for explore writes spec bundle; use --spec-out for explicit spec output
[info] Wrote no-target spec marker (reason=unclassified) to /tmp/shatter-gauntlet-tmp.hsPGAN/shatter-spec.json

  Wall time: 0.82s



━━━━━━━━━━━━━━━━━━━━━━━━━━━━━━━━━━━━━━━━━━━━━━━━━━
  Step 42/60 · Incremental Re-run
  Re-run with --output against existing spec — unchanged functions are skipped
━━━━━━━━━━━━━━━━━━━━━━━━━━━━━━━━━━━━━━━━━━━━━━━━━━

$ /home/ketan/.local/share/worktrees/shatter/audit-2026-09-22/target/debug/shatter explore --max-iterations 20 --timeout-explore 15 --output /tmp/shatter-gauntlet-tmp.hsPGAN/shatter-spec.json /tmp/shatter-examples.e644oibi/standalone/ts/01-arithmetic.ts:classifyNumber

[info] Spawned 1 frontend session(s) for 1 target(s) (16 parallel worker(s))
# Shatter Explore

[info] Found prior explore summary for /tmp/shatter-examples.e644oibi/standalone/ts/01-arithmetic.ts (1 completed, 0 failed)
[info] [resumed] classifyNumber: 3 branches, 1.7s (prior run)
[info] Resumed 1/1 function(s) from prior artifacts for /tmp/shatter-examples.e644oibi/standalone/ts/01-arithmetic.ts
[info] Resumed 1 function(s) from prior explore artifacts
[info] Wrote explore artifact for classifyNumber -> /tmp/shatter-demo-artifacts.lLIgEc/explore-results/tmp_shatter-examples.e644oibi_standalone_ts_01-arithmetic.ts/00010_classifyNumber.json
[warn] JSON output for explore writes spec bundle; use --spec-out for explicit spec output
[info] Wrote no-target spec marker (reason=unclassified) to /tmp/shatter-gauntlet-tmp.hsPGAN/shatter-spec.json

  Wall time: 0.84s



━━━━━━━━━━━━━━━━━━━━━━━━━━━━━━━━━━━━━━━━━━━━━━━━━━
  Step 43/60 · Dry-Run Mode
  Use --dry-run to preview which functions would be re-explored without actually exploring
━━━━━━━━━━━━━━━━━━━━━━━━━━━━━━━━━━━━━━━━━━━━━━━━━━

$ /home/ketan/.local/share/worktrees/shatter/audit-2026-09-22/target/debug/shatter explore --max-iterations 20 --timeout-explore 15 --output /tmp/shatter-gauntlet-tmp.hsPGAN/shatter-spec.json --dry-run /tmp/shatter-examples.e644oibi/standalone/ts/01-arithmetic.ts:classifyNumber

[info] Spawned 1 frontend session(s) for 1 target(s) (16 parallel worker(s))
No existing spec to compare against — all 1 function(s) are stale.
  classifyNumber
[warn] JSON output for explore writes spec bundle; use --spec-out for explicit spec output
[info] Wrote no-target spec marker (reason=unclassified) to /tmp/shatter-gauntlet-tmp.hsPGAN/shatter-spec.json

  Wall time: 0.79s



━━━━━━━━━━━━━━━━━━━━━━━━━━━━━━━━━━━━━━━━━━━━━━━━━━
  Step 44/60 · Clean Re-exploration
  Use --clean to force full re-exploration, ignoring the existing spec
━━━━━━━━━━━━━━━━━━━━━━━━━━━━━━━━━━━━━━━━━━━━━━━━━━

$ /home/ketan/.local/share/worktrees/shatter/audit-2026-09-22/target/debug/shatter explore --max-iterations 20 --timeout-explore 15 --output /tmp/shatter-gauntlet-tmp.hsPGAN/shatter-spec.json --clean /tmp/shatter-examples.e644oibi/standalone/ts/01-arithmetic.ts:classifyNumber

[info] Spawned 1 frontend session(s) for 1 target(s) (16 parallel worker(s))
# Shatter Explore

[progress] starting 1/1: classifyNumber
[progress] completed 1/1: classifyNumber (0.8s)
[batch 1/1] classifyNumber: 20 iters, 4 paths, 3/3 branches, 0.9s (ok)
[info] Wrote explore artifact for classifyNumber -> /tmp/shatter-demo-artifacts.lLIgEc/explore-results/tmp_shatter-examples.e644oibi_standalone_ts_01-arithmetic.ts/00010_classifyNumber.json
[warn] JSON output for explore writes spec bundle; use --spec-out for explicit spec output
[info] Wrote no-target spec marker (reason=unclassified) to /tmp/shatter-gauntlet-tmp.hsPGAN/shatter-spec.json

  Wall time: 1.70s



━━━━━━━━━━━━━━━━━━━━━━━━━━━━━━━━━━━━━━━━━━━━━━━━━━
  Step 45/60 · Stale Check
  Check staleness relative to spec from step 40 (exit 1 = stale found, expected here)
━━━━━━━━━━━━━━━━━━━━━━━━━━━━━━━━━━━━━━━━━━━━━━━━━━

$ bash -c /home/ketan/.local/share/worktrees/shatter/audit-2026-09-22/target/debug/shatter stale /tmp/shatter-examples.e644oibi/standalone/ts/01-arithmetic.ts /tmp/shatter-gauntlet-tmp.hsPGAN/shatter-spec.json; echo \(exit\ code\ 1\ is\ expected:\ compareMagnitudes\ was\ not\ in\ the\ spec\ from\ step\ 40\)

Untracked (2, not in spec):
  classifyNumber
  compareMagnitudes
All tracked functions are fresh (2 untracked function(s) ignored; pass --strict to fail on untracked).
(exit code 1 is expected: compareMagnitudes was not in the spec from step 40)

  Wall time: 0.77s



━━━━━━━━━━━━━━━━━━━━━━━━━━━━━━━━━━━━━━━━━━━━━━━━━━
  Step 46/60 · Revalidate
  Revalidate cached behaviors for the arithmetic example
━━━━━━━━━━━━━━━━━━━━━━━━━━━━━━━━━━━━━━━━━━━━━━━━━━

$ bash -c /home/ketan/.local/share/worktrees/shatter/audit-2026-09-22/target/debug/shatter revalidate '/tmp/shatter-examples.e644oibi/standalone/ts/01-arithmetic.ts'; echo '(exit code 1 is acceptable here: cached behaviors may replay as flaky in demo mode)'

  [ok] classifyNumber (confirmed)
  [ok] classifyNumber (confirmed)
  [ok] classifyNumber (confirmed)
  [ok] classifyNumber (confirmed)
  [ok] compareMagnitudes (confirmed)
  [ok] compareMagnitudes (confirmed)
  [ok] compareMagnitudes (confirmed)
  [ok] compareMagnitudes (confirmed)

8/8 behaviors confirmed.
(exit code 1 is acceptable here: cached behaviors may replay as flaky in demo mode)

  Wall time: 0.89s



━━━━━━━━━━━━━━━━━━━━━━━━━━━━━━━━━━━━━━━━━━━━━━━━━━
  Step 47/60 · Multi-Level Setup/Teardown
  Explore with session + file level setup/teardown from .shatter/config.yaml
━━━━━━━━━━━━━━━━━━━━━━━━━━━━━━━━━━━━━━━━━━━━━━━━━━

$ /home/ketan/.local/share/worktrees/shatter/audit-2026-09-22/target/debug/shatter explore --max-iterations 20 --timeout-explore 15 --config /tmp/shatter-examples.e644oibi/typescript/.shatter/config.yaml --setup-timeout 30 /tmp/shatter-examples.e644oibi/standalone/ts/01-arithmetic.ts:classifyNumber

[info] Spawned 1 frontend session(s) for 1 target(s) (16 parallel worker(s))
# Shatter Explore

[info] Found prior explore summary for /tmp/shatter-examples.e644oibi/standalone/ts/01-arithmetic.ts (1 completed, 0 failed)
[info] [resumed] classifyNumber: 3 branches, 0.9s (prior run)
[info] Resumed 1/1 function(s) from prior artifacts for /tmp/shatter-examples.e644oibi/standalone/ts/01-arithmetic.ts
[info] Resumed 1 function(s) from prior explore artifacts
[info] Wrote explore artifact for classifyNumber -> /tmp/shatter-demo-artifacts.lLIgEc/explore-results/tmp_shatter-examples.e644oibi_standalone_ts_01-arithmetic.ts/00010_classifyNumber.json
## `classifyNumber` *(/tmp/shatter-examples.e644oibi/standalone/ts/01-arithmetic.ts:10-21)*

**4 path(s)** · **100%** coverage (7/7 lines)

| # | Call | Outcome |
|---|---|---|
| 1 | `classifyNumber(0)` | returns `"zero"` |
| 2 | `classifyNumber(-1)` | returns `"negative"` |
| 3 | `classifyNumber(1)` | returns `"positive-odd"` |
| 4 | `classifyNumber(2)` | returns `"positive-even"` |


---

**Summary:** 4 path(s) across 1 function(s) · **100%** coverage (7/7 lines)

  Wall time: 0.80s



━━━━━━━━━━━━━━━━━━━━━━━━━━━━━━━━━━━━━━━━━━━━━━━━━━
  Step 48/60 · Setup Fail-on-Error
  Use --fail-on-setup-error to abort immediately on setup failures
━━━━━━━━━━━━━━━━━━━━━━━━━━━━━━━━━━━━━━━━━━━━━━━━━━

$ /home/ketan/.local/share/worktrees/shatter/audit-2026-09-22/target/debug/shatter explore --max-iterations 20 --timeout-explore 15 --config /tmp/shatter-examples.e644oibi/typescript/.shatter/config.yaml --setup-timeout 10 --fail-on-setup-error /tmp/shatter-examples.e644oibi/standalone/ts/01-arithmetic.ts:classifyNumber

[info] Spawned 1 frontend session(s) for 1 target(s) (16 parallel worker(s))
# Shatter Explore

[info] Found prior explore summary for /tmp/shatter-examples.e644oibi/standalone/ts/01-arithmetic.ts (1 completed, 0 failed)
[info] [resumed] classifyNumber: 3 branches, 0.9s (prior run)
[info] Resumed 1/1 function(s) from prior artifacts for /tmp/shatter-examples.e644oibi/standalone/ts/01-arithmetic.ts
[info] Resumed 1 function(s) from prior explore artifacts
[info] Wrote explore artifact for classifyNumber -> /tmp/shatter-demo-artifacts.lLIgEc/explore-results/tmp_shatter-examples.e644oibi_standalone_ts_01-arithmetic.ts/00010_classifyNumber.json
## `classifyNumber` *(/tmp/shatter-examples.e644oibi/standalone/ts/01-arithmetic.ts:10-21)*

**4 path(s)** · **100%** coverage (7/7 lines)

| # | Call | Outcome |
|---|---|---|
| 1 | `classifyNumber(0)` | returns `"zero"` |
| 2 | `classifyNumber(-1)` | returns `"negative"` |
| 3 | `classifyNumber(1)` | returns `"positive-odd"` |
| 4 | `classifyNumber(2)` | returns `"positive-even"` |


---

**Summary:** 4 path(s) across 1 function(s) · **100%** coverage (7/7 lines)

  Wall time: 0.81s



━━━━━━━━━━━━━━━━━━━━━━━━━━━━━━━━━━━━━━━━━━━━━━━━━━
  Step 49/60 · Observe Stage
  Run observation stage only for classifyNumber, write to temp file
━━━━━━━━━━━━━━━━━━━━━━━━━━━━━━━━━━━━━━━━━━━━━━━━━━

$ /home/ketan/.local/share/worktrees/shatter/audit-2026-09-22/target/debug/shatter observe --output /tmp/shatter-gauntlet-tmp.hsPGAN/shatter-observe.json /tmp/shatter-examples.e644oibi/standalone/ts/01-arithmetic.ts:classifyNumber

[info] Wrote observe output: /tmp/shatter-gauntlet-tmp.hsPGAN/shatter-observe.json

  Wall time: 2.44s



━━━━━━━━━━━━━━━━━━━━━━━━━━━━━━━━━━━━━━━━━━━━━━━━━━
  Step 50/60 · Analyze Observe Output
  Read observation output and run offline analysis stage
━━━━━━━━━━━━━━━━━━━━━━━━━━━━━━━━━━━━━━━━━━━━━━━━━━

$ /home/ketan/.local/share/worktrees/shatter/audit-2026-09-22/target/debug/shatter analyze /tmp/shatter-gauntlet-tmp.hsPGAN/shatter-observe.json

── classifyNumber (/tmp/shatter-examples.e644oibi/standalone/ts/01-arithmetic.ts:10-21) 
  4 paths · 7/7 lines (100%) [████████] ✓
  ├─ 1. returns "zero"
  │     classifyNumber(0) → "zero"
  ├─ 2. returns "negative"
  │     classifyNumber(-1) → "negative"
  ├─ 3. returns "positive-even"
  │     classifyNumber(2) → "positive-even"
  └─ 4. returns "positive-odd"
        classifyNumber(1) → "positive-odd"
  Branches: 3/3 (100%) ✓
  [random: 3 (100%)]
  Symbolic: 3/3 constraints (100%)
  Branches: 3/3 (100%) ✓
  [random: 3 (100%)]
  Symbolic: 3/3 constraints (100%)


  Wall time: 0.26s



━━━━━━━━━━━━━━━━━━━━━━━━━━━━━━━━━━━━━━━━━━━━━━━━━━
  Step 51/60 · Solve Uncovered Branches
  Run Z3 constraint solver on observation output to find inputs for uncovered branches
━━━━━━━━━━━━━━━━━━━━━━━━━━━━━━━━━━━━━━━━━━━━━━━━━━

$ /home/ketan/.local/share/worktrees/shatter/audit-2026-09-22/target/debug/shatter solve /tmp/shatter-gauntlet-tmp.hsPGAN/shatter-observe.json

Solve: 0 uncovered branch directions

  Wall time: 0.26s



━━━━━━━━━━━━━━━━━━━━━━━━━━━━━━━━━━━━━━━━━━━━━━━━━━
  Step 52/60 · Specify from Observation
  Build FunctionSpec markdown from observation output
━━━━━━━━━━━━━━━━━━━━━━━━━━━━━━━━━━━━━━━━━━━━━━━━━━

$ /home/ketan/.local/share/worktrees/shatter/audit-2026-09-22/target/debug/shatter specify /tmp/shatter-gauntlet-tmp.hsPGAN/shatter-observe.json

# Specification: `classifyNumber`

**Location:** `/tmp/shatter-examples.e644oibi/standalone/ts/01-arithmetic.ts:10-21`

**Behavioral classes:** 4  
**Exploration:** 100 iterations, 7/7 lines covered (100%)

---

## Class 1 — returns "zero"

**Preconditions** [observed]:
- param[0] == 0

**Postcondition** [observed]: returns "zero"

**Example** (33 execution(s) observed):
```
classifyNumber(0) -> "zero"
```

---

## Class 2 — returns "negative"

**Preconditions** [observed]:
- param[0] == -1

**Postcondition** [observed]: returns "negative"

**Example** (33 execution(s) observed):
```
classifyNumber(-1) -> "negative"
```

---

## Class 3 — returns "positive-even"

**Preconditions** [observed]:
- param[0] == 2

**Postcondition** [observed]: returns "positive-even"

**Example** (11 execution(s) observed):
```
classifyNumber(2) -> "positive-even"
```

---

## Class 4 — returns "positive-odd"

**Preconditions** [observed]:
- param[0] == 1

**Postcondition** [observed]: returns "positive-odd"

**Example** (23 execution(s) observed):
```
classifyNumber(1) -> "positive-odd"
```

  Wall time: 0.27s



━━━━━━━━━━━━━━━━━━━━━━━━━━━━━━━━━━━━━━━━━━━━━━━━━━
  Step 53/60 · Specify from Observation (YAML)
  Build FunctionSpec as YAML with inferred invariant property descriptions
━━━━━━━━━━━━━━━━━━━━━━━━━━━━━━━━━━━━━━━━━━━━━━━━━━

$ /home/ketan/.local/share/worktrees/shatter/audit-2026-09-22/target/debug/shatter specify --yaml --invariants /tmp/shatter-gauntlet-tmp.hsPGAN/shatter-observe.json

function_name: classifyNumber
location: /tmp/shatter-examples.e644oibi/standalone/ts/01-arithmetic.ts:10-21
classes:
- label: Class 1 — returns "zero"
  branch_path:
  - branch_id: 0
    taken: false
  - branch_id: 1
    taken: true
  preconditions:
  - !AllEqual
    param_index: 0
    value: 0
  postcondition:
    kind: returns
    value: zero
  examples:
  - inputs:
    - 0
    return_value: zero
    thrown_error: null
  sample_count: 33
  precondition_provenance: observed
  postcondition_provenance: observed
  invariants:
  - property: input is non-null
    kind: nullability
    confidence: high
  - property: input == 0
    kind: constant_value
    confidence: high
  - property: input >= 0
    kind: numeric_bound
    confidence: high
  - property: output is non-null
    kind: nullability
    confidence: high
  - property: output is non-empty string
    kind: string_constraint
    confidence: high
- label: Class 2 — returns "negative"
  branch_path:
  - branch_id: 0
    taken: true
  preconditions:
  - !AllEqual
    param_index: 0
    value: -1
  postcondition:
    kind: returns
    value: negative
  examples:
  - inputs:
    - -1
    return_value: negative
    thrown_error: null
  sample_count: 33
  precondition_provenance: observed
  postcondition_provenance: observed
  invariants:
  - property: input is non-null
    kind: nullability
    confidence: high
  - property: input < 0
    kind: numeric_bound
    confidence: high
  - property: input == -1
    kind: constant_value
    confidence: high
  - property: output is non-null
    kind: nullability
    confidence: high
  - property: output is non-empty string
    kind: string_constraint
    confidence: high
- label: Class 3 — returns "positive-even"
  branch_path:
  - branch_id: 0
    taken: false
  - branch_id: 1
    taken: false
  - branch_id: 2
    taken: true
  preconditions:
  - !AllEqual
    param_index: 0
    value: 2
  postcondition:
    kind: returns
    value: positive-even
  examples:
  - inputs:
    - 2
    return_value: positive-even
    thrown_error: null
  sample_count: 11
  precondition_provenance: observed
  postcondition_provenance: observed
  invariants:
  - property: input is non-null
    kind: nullability
    confidence: high
  - property: input == 2
    kind: constant_value
    confidence: high
  - property: input > 0
    kind: numeric_bound
    confidence: high
  - property: output is non-null
    kind: nullability
    confidence: high
  - property: output is non-empty string
    kind: string_constraint
    confidence: high
- label: Class 4 — returns "positive-odd"
  branch_path:
  - branch_id: 0
    taken: false
  - branch_id: 1
    taken: false
  - branch_id: 2
    taken: false
  preconditions:
  - !AllEqual
    param_index: 0
    value: 1
  postcondition:
    kind: returns
    value: positive-odd
  examples:
  - inputs:
    - 1
    return_value: positive-odd
    thrown_error: null
  sample_count: 23
  precondition_provenance: observed
  postcondition_provenance: observed
  invariants:
  - property: input is non-null
    kind: nullability
    confidence: high
  - property: input == 1
    kind: constant_value
    confidence: high
  - property: input > 0
    kind: numeric_bound
    confidence: high
  - property: output is non-null
    kind: nullability
    confidence: high
  - property: output is non-empty string
    kind: string_constraint
    confidence: high
iterations: 100
lines_covered: 7
total_lines: 7
invariants:
- property: input is non-null
  kind: nullability
  confidence: high
- property: output is non-null
  kind: nullability
  confidence: high
- property: output is non-empty string
  kind: string_constraint
  confidence: high


  Wall time: 0.27s



━━━━━━━━━━━━━━━━━━━━━━━━━━━━━━━━━━━━━━━━━━━━━━━━━━
  Step 54/60 · HTML Explore Report
  Generate a self-contained HTML report for exploration results
━━━━━━━━━━━━━━━━━━━━━━━━━━━━━━━━━━━━━━━━━━━━━━━━━━

$ /home/ketan/.local/share/worktrees/shatter/audit-2026-09-22/target/debug/shatter explore --max-iterations 20 --timeout-explore 15 -o /tmp/shatter-gauntlet.hiIR2x/explore-html.html --stdout /tmp/shatter-examples.e644oibi/standalone/ts/01-arithmetic.ts:classifyNumber

[info] Spawned 1 frontend session(s) for 1 target(s) (16 parallel worker(s))
# Shatter Explore

[info] Found prior explore summary for /tmp/shatter-examples.e644oibi/standalone/ts/01-arithmetic.ts (1 completed, 0 failed)
[info] [resumed] classifyNumber: 3 branches, 0.9s (prior run)
[info] Resumed 1/1 function(s) from prior artifacts for /tmp/shatter-examples.e644oibi/standalone/ts/01-arithmetic.ts
[info] Resumed 1 function(s) from prior explore artifacts
[info] Wrote explore artifact for classifyNumber -> /tmp/shatter-demo-artifacts.lLIgEc/explore-results/tmp_shatter-examples.e644oibi_standalone_ts_01-arithmetic.ts/00010_classifyNumber.json
## `classifyNumber` *(/tmp/shatter-examples.e644oibi/standalone/ts/01-arithmetic.ts:10-21)*

**4 path(s)** · **100%** coverage (7/7 lines)

| # | Call | Outcome |
|---|---|---|
| 1 | `classifyNumber(0)` | returns `"zero"` |
| 2 | `classifyNumber(-1)` | returns `"negative"` |
| 3 | `classifyNumber(1)` | returns `"positive-odd"` |
| 4 | `classifyNumber(2)` | returns `"positive-even"` |


---

**Summary:** 4 path(s) across 1 function(s) · **100%** coverage (7/7 lines)
[info] Wrote HTML report to /tmp/shatter-gauntlet.hiIR2x/explore-html.html
## classifyNumber

**Status:** `completed`

exploration completed

## `classifyNumber` *(/tmp/shatter-examples.e644oibi/standalone/ts/01-arithmetic.ts:10-21)*

**4 path(s)** · **100%** coverage (7/7 lines)

| # | Call | Outcome |
|---|---|---|
| 1 | `classifyNumber(0)` | returns `"zero"` |
| 2 | `classifyNumber(-1)` | returns `"negative"` |
| 3 | `classifyNumber(1)` | returns `"positive-odd"` |
| 4 | `classifyNumber(2)` | returns `"positive-even"` |

  Wall time: 0.83s



━━━━━━━━━━━━━━━━━━━━━━━━━━━━━━━━━━━━━━━━━━━━━━━━━━
  Step 55/60 · HTML Scan Report
  Generate a self-contained HTML scan report alongside JSON
━━━━━━━━━━━━━━━━━━━━━━━━━━━━━━━━━━━━━━━━━━━━━━━━━━

$ /home/ketan/.local/share/worktrees/shatter/audit-2026-09-22/target/debug/shatter scan -o /tmp/shatter-gauntlet.hiIR2x/scan-html.html --stdout /tmp/shatter-examples.e644oibi/standalone/ts

[info] Discovered 26 source file(s) in /tmp/shatter-examples.e644oibi/standalone/ts
[info] Omitting 21 unexported function(s) by default; re-run with --all to include them
[info] Skipped 2 function(s) (unexecutable parameter types):
[info]   mergeConfig: param "base" → ConfigObject (interface with no implementors — no concrete implementation visible in scope); param "override" → ConfigObject (interface with no implementors — no concrete implementation visible in scope)
[info]   transformRecord: param "record" → RawRecord (interface with no implementors — no concrete implementation visible in scope)
[info] Scanning 35 function(s) in dependency order...
[info] Wrote scan artifact for /tmp/shatter-examples.e644oibi/standalone/ts/01-arithmetic.ts::classifyNumber -> /tmp/shatter-demo-artifacts.lLIgEc/scan-results/1440be0e6582b99c6a8bdbcae7b65d2f0bd411ba16360737a742453c63672b62/functions/00001_tmp_shatter-examples.e644oibi_standalone_ts_01-arithmetic.ts__classifyNumber.json
[info] Wrote scan artifact for /tmp/shatter-examples.e644oibi/standalone/ts/17-mock-branches.ts::loadOrDefault -> /tmp/shatter-demo-artifacts.lLIgEc/scan-results/1440be0e6582b99c6a8bdbcae7b65d2f0bd411ba16360737a742453c63672b62/functions/00029_tmp_shatter-examples.e644oibi_standalone_ts_17-mock-branches.ts__loadOrDefault.json
[info] Wrote scan artifact for /tmp/shatter-examples.e644oibi/standalone/ts/20-dotenv-parser.ts::parseDotenv -> /tmp/shatter-demo-artifacts.lLIgEc/scan-results/1440be0e6582b99c6a8bdbcae7b65d2f0bd411ba16360737a742453c63672b62/functions/00032_tmp_shatter-examples.e644oibi_standalone_ts_20-dotenv-parser.ts__parseDotenv.json
[info] Wrote scan artifact for /tmp/shatter-examples.e644oibi/standalone/ts/14-semver.ts::parseSemver -> /tmp/shatter-demo-artifacts.lLIgEc/scan-results/1440be0e6582b99c6a8bdbcae7b65d2f0bd411ba16360737a742453c63672b62/functions/00023_tmp_shatter-examples.e644oibi_standalone_ts_14-semver.ts__parseSemver.json
[info] Wrote scan artifact for /tmp/shatter-examples.e644oibi/standalone/ts/19-robots-policy.ts::evaluateRobotsPolicy -> /tmp/shatter-demo-artifacts.lLIgEc/scan-results/1440be0e6582b99c6a8bdbcae7b65d2f0bd411ba16360737a742453c63672b62/functions/00031_tmp_shatter-examples.e644oibi_standalone_ts_19-robots-policy.ts__evaluateRobotsPolicy.json
[info] Wrote scan artifact for /tmp/shatter-examples.e644oibi/standalone/ts/21-crypto-boundary.ts::classifySecret -> /tmp/shatter-demo-artifacts.lLIgEc/scan-results/1440be0e6582b99c6a8bdbcae7b65d2f0bd411ba16360737a742453c63672b62/functions/00033_tmp_shatter-examples.e644oibi_standalone_ts_21-crypto-boundary.ts__classifySecret.json
[info] Wrote scan artifact for /tmp/shatter-examples.e644oibi/standalone/ts/18-accept-language.ts::negotiateLanguage -> /tmp/shatter-demo-artifacts.lLIgEc/scan-results/1440be0e6582b99c6a8bdbcae7b65d2f0bd411ba16360737a742453c63672b62/functions/00030_tmp_shatter-examples.e644oibi_standalone_ts_18-accept-language.ts__negotiateLanguage.json
[info] Wrote scan artifact for /tmp/shatter-examples.e644oibi/standalone/ts/03-objects.ts::describeRectangle -> /tmp/shatter-demo-artifacts.lLIgEc/scan-results/1440be0e6582b99c6a8bdbcae7b65d2f0bd411ba16360737a742453c63672b62/functions/00006_tmp_shatter-examples.e644oibi_standalone_ts_03-objects.ts__describeRectangle.json
[info] Wrote scan artifact for /tmp/shatter-examples.e644oibi/standalone/ts/16-cron-parser.ts::parseCron -> /tmp/shatter-demo-artifacts.lLIgEc/scan-results/1440be0e6582b99c6a8bdbcae7b65d2f0bd411ba16360737a742453c63672b62/functions/00026_tmp_shatter-examples.e644oibi_standalone_ts_16-cron-parser.ts__parseCron.json
[info] Wrote scan artifact for /tmp/shatter-examples.e644oibi/standalone/ts/13-mcdc-compound.ts::compoundAnd -> /tmp/shatter-demo-artifacts.lLIgEc/scan-results/1440be0e6582b99c6a8bdbcae7b65d2f0bd411ba16360737a742453c63672b62/functions/00018_tmp_shatter-examples.e644oibi_standalone_ts_13-mcdc-compound.ts__compoundAnd.json
[info] Wrote scan artifact for /tmp/shatter-examples.e644oibi/standalone/ts/07-auth-validation.ts::validateJwt -> /tmp/shatter-demo-artifacts.lLIgEc/scan-results/1440be0e6582b99c6a8bdbcae7b65d2f0bd411ba16360737a742453c63672b62/functions/00014_tmp_shatter-examples.e644oibi_standalone_ts_07-auth-validation.ts__validateJwt.json
[info] Wrote scan artifact for /tmp/shatter-examples.e644oibi/standalone/ts/05-unions.ts::routeRequest -> /tmp/shatter-demo-artifacts.lLIgEc/scan-results/1440be0e6582b99c6a8bdbcae7b65d2f0bd411ba16360737a742453c63672b62/functions/00010_tmp_shatter-examples.e644oibi_standalone_ts_05-unions.ts__routeRequest.json
[info] Wrote scan artifact for /tmp/shatter-examples.e644oibi/standalone/ts/22-opaque-predicate.ts::classifyWithChecksum -> /tmp/shatter-demo-artifacts.lLIgEc/scan-results/1440be0e6582b99c6a8bdbcae7b65d2f0bd411ba16360737a742453c63672b62/functions/00035_tmp_shatter-examples.e644oibi_standalone_ts_22-opaque-predicate.ts__classifyWithChecksum.json
[info] Wrote scan artifact for /tmp/shatter-examples.e644oibi/standalone/ts/15-email-validator.ts::validateEmail -> /tmp/shatter-demo-artifacts.lLIgEc/scan-results/1440be0e6582b99c6a8bdbcae7b65d2f0bd411ba16360737a742453c63672b62/functions/00025_tmp_shatter-examples.e644oibi_standalone_ts_15-email-validator.ts__validateEmail.json
[info] Wrote scan artifact for /tmp/shatter-examples.e644oibi/standalone/ts/06-nested-control-flow.ts::classifyHttpResponse -> /tmp/shatter-demo-artifacts.lLIgEc/scan-results/1440be0e6582b99c6a8bdbcae7b65d2f0bd411ba16360737a742453c63672b62/functions/00011_tmp_shatter-examples.e644oibi_standalone_ts_06-nested-control-flow.ts__classifyHttpResponse.json
[info] Wrote scan artifact for /tmp/shatter-examples.e644oibi/standalone/ts/21-crypto-boundary.ts::encrypt -> /tmp/shatter-demo-artifacts.lLIgEc/scan-results/1440be0e6582b99c6a8bdbcae7b65d2f0bd411ba16360737a742453c63672b62/functions/00034_tmp_shatter-examples.e644oibi_standalone_ts_21-crypto-boundary.ts__encrypt.json
[info] Wrote scan artifact for /tmp/shatter-examples.e644oibi/standalone/ts/04-errors.ts::computeStats -> /tmp/shatter-demo-artifacts.lLIgEc/scan-results/1440be0e6582b99c6a8bdbcae7b65d2f0bd411ba16360737a742453c63672b62/functions/00007_tmp_shatter-examples.e644oibi_standalone_ts_04-errors.ts__computeStats.json
[info] Wrote scan artifact for /tmp/shatter-examples.e644oibi/standalone/ts/10-path-router.ts::matchRoute -> /tmp/shatter-demo-artifacts.lLIgEc/scan-results/1440be0e6582b99c6a8bdbcae7b65d2f0bd411ba16360737a742453c63672b62/functions/00016_tmp_shatter-examples.e644oibi_standalone_ts_10-path-router.ts__matchRoute.json
[info] Wrote scan artifact for /tmp/shatter-examples.e644oibi/standalone/ts/17-mock-branches.ts::classifyConfigs -> /tmp/shatter-demo-artifacts.lLIgEc/scan-results/1440be0e6582b99c6a8bdbcae7b65d2f0bd411ba16360737a742453c63672b62/functions/00027_tmp_shatter-examples.e644oibi_standalone_ts_17-mock-branches.ts__classifyConfigs.json
[info] Wrote scan artifact for /tmp/shatter-examples.e644oibi/standalone/ts/05-unions.ts::computeArea -> /tmp/shatter-demo-artifacts.lLIgEc/scan-results/1440be0e6582b99c6a8bdbcae7b65d2f0bd411ba16360737a742453c63672b62/functions/00009_tmp_shatter-examples.e644oibi_standalone_ts_05-unions.ts__computeArea.json
[info] Wrote scan artifact for /tmp/shatter-examples.e644oibi/standalone/ts/13-mcdc-compound.ts::threeWayAnd -> /tmp/shatter-demo-artifacts.lLIgEc/scan-results/1440be0e6582b99c6a8bdbcae7b65d2f0bd411ba16360737a742453c63672b62/functions/00020_tmp_shatter-examples.e644oibi_standalone_ts_13-mcdc-compound.ts__threeWayAnd.json
[info] Wrote scan artifact for /tmp/shatter-examples.e644oibi/standalone/ts/02-strings.ts::classifyString -> /tmp/shatter-demo-artifacts.lLIgEc/scan-results/1440be0e6582b99c6a8bdbcae7b65d2f0bd411ba16360737a742453c63672b62/functions/00003_tmp_shatter-examples.e644oibi_standalone_ts_02-strings.ts__classifyString.json
[info] Wrote scan artifact for /tmp/shatter-examples.e644oibi/standalone/ts/01-arithmetic.ts::compareMagnitudes -> /tmp/shatter-demo-artifacts.lLIgEc/scan-results/1440be0e6582b99c6a8bdbcae7b65d2f0bd411ba16360737a742453c63672b62/functions/00002_tmp_shatter-examples.e644oibi_standalone_ts_01-arithmetic.ts__compareMagnitudes.json
[info] Wrote scan artifact for /tmp/shatter-examples.e644oibi/standalone/ts/09-rate-limiter.ts::checkRateLimit -> /tmp/shatter-demo-artifacts.lLIgEc/scan-results/1440be0e6582b99c6a8bdbcae7b65d2f0bd411ba16360737a742453c63672b62/functions/00015_tmp_shatter-examples.e644oibi_standalone_ts_09-rate-limiter.ts__checkRateLimit.json
[info] Wrote scan artifact for /tmp/shatter-examples.e644oibi/standalone/ts/13-roman-numerals.ts::intToRoman -> /tmp/shatter-demo-artifacts.lLIgEc/scan-results/1440be0e6582b99c6a8bdbcae7b65d2f0bd411ba16360737a742453c63672b62/functions/00021_tmp_shatter-examples.e644oibi_standalone_ts_13-roman-numerals.ts__intToRoman.json
[info] Wrote scan artifact for /tmp/shatter-examples.e644oibi/standalone/ts/03-objects.ts::categorizeUser -> /tmp/shatter-demo-artifacts.lLIgEc/scan-results/1440be0e6582b99c6a8bdbcae7b65d2f0bd411ba16360737a742453c63672b62/functions/00005_tmp_shatter-examples.e644oibi_standalone_ts_03-objects.ts__categorizeUser.json
[info] Wrote scan artifact for /tmp/shatter-examples.e644oibi/standalone/ts/07-auth-validation.ts::authorizeRequest -> /tmp/shatter-demo-artifacts.lLIgEc/scan-results/1440be0e6582b99c6a8bdbcae7b65d2f0bd411ba16360737a742453c63672b62/functions/00013_tmp_shatter-examples.e644oibi_standalone_ts_07-auth-validation.ts__authorizeRequest.json
[info] Wrote scan artifact for /tmp/shatter-examples.e644oibi/standalone/ts/17-mock-branches.ts::classifyStatus -> /tmp/shatter-demo-artifacts.lLIgEc/scan-results/1440be0e6582b99c6a8bdbcae7b65d2f0bd411ba16360737a742453c63672b62/functions/00028_tmp_shatter-examples.e644oibi_standalone_ts_17-mock-branches.ts__classifyStatus.json
[info] Wrote scan artifact for /tmp/shatter-examples.e644oibi/standalone/ts/13-mcdc-compound.ts::compoundOr -> /tmp/shatter-demo-artifacts.lLIgEc/scan-results/1440be0e6582b99c6a8bdbcae7b65d2f0bd411ba16360737a742453c63672b62/functions/00019_tmp_shatter-examples.e644oibi_standalone_ts_13-mcdc-compound.ts__compoundOr.json
[info] Wrote scan artifact for /tmp/shatter-examples.e644oibi/standalone/ts/14-semver.ts::satisfiesRange -> /tmp/shatter-demo-artifacts.lLIgEc/scan-results/1440be0e6582b99c6a8bdbcae7b65d2f0bd411ba16360737a742453c63672b62/functions/00024_tmp_shatter-examples.e644oibi_standalone_ts_14-semver.ts__satisfiesRange.json
[info] Wrote scan artifact for /tmp/shatter-examples.e644oibi/standalone/ts/06-nested-control-flow.ts::processStateMachine -> /tmp/shatter-demo-artifacts.lLIgEc/scan-results/1440be0e6582b99c6a8bdbcae7b65d2f0bd411ba16360737a742453c63672b62/functions/00012_tmp_shatter-examples.e644oibi_standalone_ts_06-nested-control-flow.ts__processStateMachine.json
[info] Wrote scan artifact for /tmp/shatter-examples.e644oibi/standalone/ts/13-roman-numerals.ts::romanToInt -> /tmp/shatter-demo-artifacts.lLIgEc/scan-results/1440be0e6582b99c6a8bdbcae7b65d2f0bd411ba16360737a742453c63672b62/functions/00022_tmp_shatter-examples.e644oibi_standalone_ts_13-roman-numerals.ts__romanToInt.json
[info] Wrote scan artifact for /tmp/shatter-examples.e644oibi/standalone/ts/04-errors.ts::safeDivide -> /tmp/shatter-demo-artifacts.lLIgEc/scan-results/1440be0e6582b99c6a8bdbcae7b65d2f0bd411ba16360737a742453c63672b62/functions/00008_tmp_shatter-examples.e644oibi_standalone_ts_04-errors.ts__safeDivide.json
[info] Wrote scan artifact for /tmp/shatter-examples.e644oibi/standalone/ts/02-strings.ts::transformString -> /tmp/shatter-demo-artifacts.lLIgEc/scan-results/1440be0e6582b99c6a8bdbcae7b65d2f0bd411ba16360737a742453c63672b62/functions/00004_tmp_shatter-examples.e644oibi_standalone_ts_02-strings.ts__transformString.json
[info] Wrote scan artifact for /tmp/shatter-examples.e644oibi/standalone/ts/10-path-router.ts::resolveMiddleware -> /tmp/shatter-demo-artifacts.lLIgEc/scan-results/1440be0e6582b99c6a8bdbcae7b65d2f0bd411ba16360737a742453c63672b62/functions/00017_tmp_shatter-examples.e644oibi_standalone_ts_10-path-router.ts__resolveMiddleware.json
[info] [1/35] /tmp/shatter-examples.e644oibi/standalone/ts/01-arithmetic.ts::classifyNumber (31.2s elapsed)
[info] [2/35] /tmp/shatter-examples.e644oibi/standalone/ts/01-arithmetic.ts::compareMagnitudes (31.2s elapsed)
[info] [3/35] /tmp/shatter-examples.e644oibi/standalone/ts/02-strings.ts::classifyString (31.2s elapsed)
[info] [4/35] /tmp/shatter-examples.e644oibi/standalone/ts/02-strings.ts::transformString (31.2s elapsed)
[info] [5/35] /tmp/shatter-examples.e644oibi/standalone/ts/03-objects.ts::categorizeUser (31.2s elapsed)
[info] [6/35] /tmp/shatter-examples.e644oibi/standalone/ts/03-objects.ts::describeRectangle (31.2s elapsed)
[info] [7/35] /tmp/shatter-examples.e644oibi/standalone/ts/04-errors.ts::computeStats (31.2s elapsed)
[info] [8/35] /tmp/shatter-examples.e644oibi/standalone/ts/04-errors.ts::safeDivide (31.2s elapsed)
[info] [9/35] /tmp/shatter-examples.e644oibi/standalone/ts/05-unions.ts::computeArea (31.2s elapsed)
[info] [10/35] /tmp/shatter-examples.e644oibi/standalone/ts/05-unions.ts::routeRequest (31.2s elapsed)
[info] [11/35] /tmp/shatter-examples.e644oibi/standalone/ts/06-nested-control-flow.ts::classifyHttpResponse (31.2s elapsed)
[info] [12/35] /tmp/shatter-examples.e644oibi/standalone/ts/06-nested-control-flow.ts::processStateMachine (31.2s elapsed)
[info] [13/35] /tmp/shatter-examples.e644oibi/standalone/ts/07-auth-validation.ts::authorizeRequest (31.2s elapsed)
[info] [14/35] /tmp/shatter-examples.e644oibi/standalone/ts/07-auth-validation.ts::validateJwt (31.2s elapsed)
[info] [15/35] /tmp/shatter-examples.e644oibi/standalone/ts/09-rate-limiter.ts::checkRateLimit (31.2s elapsed)
[info] [16/35] /tmp/shatter-examples.e644oibi/standalone/ts/10-path-router.ts::matchRoute (31.2s elapsed)
[info] [17/35] /tmp/shatter-examples.e644oibi/standalone/ts/10-path-router.ts::resolveMiddleware (31.2s elapsed)
[info] [18/35] /tmp/shatter-examples.e644oibi/standalone/ts/13-mcdc-compound.ts::compoundAnd (31.2s elapsed)
[info] [19/35] /tmp/shatter-examples.e644oibi/standalone/ts/13-mcdc-compound.ts::compoundOr (31.2s elapsed)
[info] [20/35] /tmp/shatter-examples.e644oibi/standalone/ts/13-mcdc-compound.ts::threeWayAnd (31.2s elapsed)
[info] [21/35] /tmp/shatter-examples.e644oibi/standalone/ts/13-roman-numerals.ts::intToRoman (31.2s elapsed)
[info] [22/35] /tmp/shatter-examples.e644oibi/standalone/ts/13-roman-numerals.ts::romanToInt (31.2s elapsed)
[info] [23/35] /tmp/shatter-examples.e644oibi/standalone/ts/14-semver.ts::parseSemver (31.2s elapsed)
[info] [24/35] /tmp/shatter-examples.e644oibi/standalone/ts/14-semver.ts::satisfiesRange (31.2s elapsed)
[info] [25/35] /tmp/shatter-examples.e644oibi/standalone/ts/15-email-validator.ts::validateEmail (31.2s elapsed)
[info] [26/35] /tmp/shatter-examples.e644oibi/standalone/ts/16-cron-parser.ts::parseCron (31.2s elapsed)
[info] [27/35] /tmp/shatter-examples.e644oibi/standalone/ts/17-mock-branches.ts::classifyConfigs (31.2s elapsed)
[info] [28/35] /tmp/shatter-examples.e644oibi/standalone/ts/17-mock-branches.ts::classifyStatus (31.2s elapsed)
[info] [29/35] /tmp/shatter-examples.e644oibi/standalone/ts/17-mock-branches.ts::loadOrDefault (31.2s elapsed)
[info] [30/35] /tmp/shatter-examples.e644oibi/standalone/ts/18-accept-language.ts::negotiateLanguage (31.2s elapsed)
[info] [31/35] /tmp/shatter-examples.e644oibi/standalone/ts/19-robots-policy.ts::evaluateRobotsPolicy (31.2s elapsed)
[info] [32/35] /tmp/shatter-examples.e644oibi/standalone/ts/20-dotenv-parser.ts::parseDotenv (31.2s elapsed)
[info] [33/35] /tmp/shatter-examples.e644oibi/standalone/ts/21-crypto-boundary.ts::classifySecret (31.2s elapsed)
[info] [34/35] /tmp/shatter-examples.e644oibi/standalone/ts/21-crypto-boundary.ts::encrypt (31.2s elapsed)
[info] [35/35] /tmp/shatter-examples.e644oibi/standalone/ts/22-opaque-predicate.ts::classifyWithChecksum (31.2s elapsed)
# Scan Results

| Function | Paths | Coverage |
|---|---|---|
| `/tmp/shatter-examples.e644oibi/standalone/ts/01-arithmetic.ts::classifyNumber` | 4 | 100% |
| `/tmp/shatter-examples.e644oibi/standalone/ts/01-arithmetic.ts::compareMagnitudes` | 4 | 100% |
| `/tmp/shatter-examples.e644oibi/standalone/ts/02-strings.ts::classifyString` | 5 | 91% |
| `/tmp/shatter-examples.e644oibi/standalone/ts/02-strings.ts::transformString` | 6 | 100% |
| `/tmp/shatter-examples.e644oibi/standalone/ts/03-objects.ts::categorizeUser` | 4 | 73% |
| `/tmp/shatter-examples.e644oibi/standalone/ts/03-objects.ts::describeRectangle` | 4 | 100% |
| `/tmp/shatter-examples.e644oibi/standalone/ts/04-errors.ts::computeStats` | 2 | 31% |
| `/tmp/shatter-examples.e644oibi/standalone/ts/04-errors.ts::safeDivide` | 3 | 88% |
| `/tmp/shatter-examples.e644oibi/standalone/ts/05-unions.ts::computeArea` | 1 | 10% |
| `/tmp/shatter-examples.e644oibi/standalone/ts/05-unions.ts::routeRequest` | 2 | 31% |
| `/tmp/shatter-examples.e644oibi/standalone/ts/06-nested-control-flow.ts::classifyHttpResponse` | 13 | 96% |
| `/tmp/shatter-examples.e644oibi/standalone/ts/06-nested-control-flow.ts::processStateMachine` | 5 | 38% |
| `/tmp/shatter-examples.e644oibi/standalone/ts/07-auth-validation.ts::authorizeRequest` | 2 | 14% |
| `/tmp/shatter-examples.e644oibi/standalone/ts/07-auth-validation.ts::validateJwt` | 2 | 19% |
| `/tmp/shatter-examples.e644oibi/standalone/ts/09-rate-limiter.ts::checkRateLimit` | 5 | 78% |
| `/tmp/shatter-examples.e644oibi/standalone/ts/10-path-router.ts::matchRoute` | 3 | 12% |
| `/tmp/shatter-examples.e644oibi/standalone/ts/10-path-router.ts::resolveMiddleware` | 9 | 94% |
| `/tmp/shatter-examples.e644oibi/standalone/ts/13-mcdc-compound.ts::compoundAnd` | 2 | 100% |
| `/tmp/shatter-examples.e644oibi/standalone/ts/13-mcdc-compound.ts::compoundOr` | 2 | 100% |
| `/tmp/shatter-examples.e644oibi/standalone/ts/13-mcdc-compound.ts::threeWayAnd` | 2 | 100% |
| `/tmp/shatter-examples.e644oibi/standalone/ts/13-roman-numerals.ts::intToRoman` | 6 | 100% |
| `/tmp/shatter-examples.e644oibi/standalone/ts/13-roman-numerals.ts::romanToInt` | 3 | 82% |
| `/tmp/shatter-examples.e644oibi/standalone/ts/14-semver.ts::parseSemver` | 3 | 36% |
| `/tmp/shatter-examples.e644oibi/standalone/ts/14-semver.ts::satisfiesRange` | 8 | 64% |
| `/tmp/shatter-examples.e644oibi/standalone/ts/15-email-validator.ts::validateEmail` | 5 | 30% |
| `/tmp/shatter-examples.e644oibi/standalone/ts/16-cron-parser.ts::parseCron` | 3 | 81% |
| `/tmp/shatter-examples.e644oibi/standalone/ts/17-mock-branches.ts::classifyConfigs` | 3 | 42% |
| `/tmp/shatter-examples.e644oibi/standalone/ts/17-mock-branches.ts::classifyStatus` | 1 | 13% |
| `/tmp/shatter-examples.e644oibi/standalone/ts/17-mock-branches.ts::loadOrDefault` | 1 | 33% |
| `/tmp/shatter-examples.e644oibi/standalone/ts/18-accept-language.ts::negotiateLanguage` | 3 | 18% |
| `/tmp/shatter-examples.e644oibi/standalone/ts/19-robots-policy.ts::evaluateRobotsPolicy` | 3 | 39% |
| `/tmp/shatter-examples.e644oibi/standalone/ts/20-dotenv-parser.ts::parseDotenv` | 3 | 29% |
| `/tmp/shatter-examples.e644oibi/standalone/ts/21-crypto-boundary.ts::classifySecret` | 1 | 29% |
| `/tmp/shatter-examples.e644oibi/standalone/ts/21-crypto-boundary.ts::encrypt` | 1 | 100% |
| `/tmp/shatter-examples.e644oibi/standalone/ts/22-opaque-predicate.ts::classifyWithChecksum` | 4 | 90% |

---

Scan complete: **35 completed**, **0 failed**, **2 unsupported**, **0 interrupted**, **0 expected skipped** (16 worker(s))
[info] Wrote report to /tmp/shatter-gauntlet.hiIR2x/scan-html.html
# Shatter Scan Report

- **Functions discovered:** 37
- **Functions attempted:** 35
- **Functions completed:** 35
  - **with observed behavior:** 31
  - **error-only (all discovered inputs threw):** 4
- **Functions skipped:** 2
  - **unsupported (target shape not representable):** 2

## Source Set Summary

| Bucket | Files | Lines |
|--------|-------|-------|
| `production_ish` | 21 | 2495 |
| `test_spec` | 0 | 0 |
| `generated` | 0 | 0 |
| `declaration_only` | 0 | 0 |
| `fixture_sample` | 0 | 0 |
| `policy_excluded` | 0 | 0 |
| `unsupported` | 0 | 0 |

- **Production-ish source lines:** 2495 (whole-source denominator; see Coverage section below)

## Coverage

- **Attempted-function span:** 35 of 37 discovered functions attempted
- **Total branches:** 235 (across completed functions)
- **Branches covered:** 105
- **Overall coverage (completed-functions subset):** 44.7%

## Low-Coverage Buckets

*Completing a function (running it without a crash) is not the same as achieving high source or branch coverage. These buckets classify why coverage stays shallow so the low numbers can be acted on directly.*

Low-coverage cutoff: completed functions with coverage ≤ 10%.

| Bucket | Count |
|--------|-------|
| Failed (attempted, did not complete) | 0 |
| Skipped / unsupported | 2 |
| Zero coverage with branches (needs setup/mocks) | 0 |
| Zero coverage, no branches (accessors/getters) | 0 |
| Positive but low coverage | 1 |

### Top branch-heavy low-coverage functions

These have the most branch logic left unexplored — the highest-value targets for better setup or mocks.

| Function | File | Coverage | Branches | Lines |
|----------|------|----------|----------|-------|
| `computeArea` | /tmp/shatter-examples.e644oibi/standalone/ts/05-unions.ts | 10.0% | 0/6 | 1/10 |

### Low coverage by area

Grouped by file-path directory (derived from the scan's own paths).

| Area | Low-coverage functions | Zero-cov w/ branches | Uncovered branches |
|------|------------------------|----------------------|--------------------|
| `/tmp/shatter-examples.e644oibi/standalone/ts` | 1 | 0 | 6 |

## Function Summary

| Status | Outcome | Function | File | Coverage | Branches | Lines | Iterations |
|--------|---------|----------|------|----------|----------|-------|------------|
| PASS | behavioral | `classifyNumber` | /tmp/shatter-examples.e644oibi/standalone/ts/01-arithmetic.ts | 100.0% | 3/3 | 7/7 | 100 |
| PASS | behavioral | `compareMagnitudes` | /tmp/shatter-examples.e644oibi/standalone/ts/01-arithmetic.ts | 100.0% | 3/3 | 9/9 | 100 |
| WARN | behavioral | `classifyString` | /tmp/shatter-examples.e644oibi/standalone/ts/02-strings.ts | 90.9% | 5/5 | 10/11 | 100 |
| PASS | behavioral | `transformString` | /tmp/shatter-examples.e644oibi/standalone/ts/02-strings.ts | 100.0% | 5/5 | 11/11 | 100 |
| WARN | behavioral | `categorizeUser` | /tmp/shatter-examples.e644oibi/standalone/ts/03-objects.ts | 72.7% | 4/5 | 8/11 | 100 |
| PASS | behavioral | `describeRectangle` | /tmp/shatter-examples.e644oibi/standalone/ts/03-objects.ts | 100.0% | 3/3 | 8/8 | 100 |
| LOW | error_only | `computeStats` | /tmp/shatter-examples.e644oibi/standalone/ts/04-errors.ts | 31.2% | 1/5 | 5/16 | 100 |
| WARN | behavioral | `safeDivide` | /tmp/shatter-examples.e644oibi/standalone/ts/04-errors.ts | 87.5% | 3/3 | 7/8 | 100 |
| LOW | behavioral | `computeArea` | /tmp/shatter-examples.e644oibi/standalone/ts/05-unions.ts | 10.0% | 0/6 | 1/10 | 100 |
| LOW | behavioral | `routeRequest` | /tmp/shatter-examples.e644oibi/standalone/ts/05-unions.ts | 30.8% | 1/8 | 4/13 | 100 |
| WARN | behavioral | `classifyHttpResponse` | /tmp/shatter-examples.e644oibi/standalone/ts/06-nested-control-flow.ts | 96.3% | 13/13 | 26/27 | 100 |
| LOW | behavioral | `processStateMachine` | /tmp/shatter-examples.e644oibi/standalone/ts/06-nested-control-flow.ts | 37.9% | 2/12 | 11/29 | 100 |
| LOW | behavioral | `authorizeRequest` | /tmp/shatter-examples.e644oibi/standalone/ts/07-auth-validation.ts | 13.8% | 2/14 | 4/29 | 100 |
| LOW | behavioral | `validateJwt` | /tmp/shatter-examples.e644oibi/standalone/ts/07-auth-validation.ts | 19.2% | 2/8 | 5/26 | 100 |
| WARN | behavioral | `checkRateLimit` | /tmp/shatter-examples.e644oibi/standalone/ts/09-rate-limiter.ts | 77.8% | 5/6 | 14/18 | 100 |
| LOW | behavioral | `matchRoute` | /tmp/shatter-examples.e644oibi/standalone/ts/10-path-router.ts | 12.0% | 3/19 | 6/50 | 100 |
| WARN | behavioral | `resolveMiddleware` | /tmp/shatter-examples.e644oibi/standalone/ts/10-path-router.ts | 93.8% | 7/7 | 15/16 | 100 |
| PASS | behavioral | `compoundAnd` | /tmp/shatter-examples.e644oibi/standalone/ts/13-mcdc-compound.ts | 100.0% | 1/1 | 3/3 | 100 |
| PASS | behavioral | `compoundOr` | /tmp/shatter-examples.e644oibi/standalone/ts/13-mcdc-compound.ts | 100.0% | 1/1 | 3/3 | 100 |
| PASS | behavioral | `threeWayAnd` | /tmp/shatter-examples.e644oibi/standalone/ts/13-mcdc-compound.ts | 100.0% | 1/1 | 3/3 | 100 |
| PASS | behavioral | `intToRoman` | /tmp/shatter-examples.e644oibi/standalone/ts/13-roman-numerals.ts | 100.0% | 2/2 | 9/9 | 100 |
| WARN | behavioral | `romanToInt` | /tmp/shatter-examples.e644oibi/standalone/ts/13-roman-numerals.ts | 82.4% | 4/5 | 14/17 | 100 |
| LOW | error_only | `parseSemver` | /tmp/shatter-examples.e644oibi/standalone/ts/14-semver.ts | 36.4% | 3/6 | 8/22 | 100 |
| WARN | behavioral | `satisfiesRange` | /tmp/shatter-examples.e644oibi/standalone/ts/14-semver.ts | 63.9% | 7/16 | 23/36 | 100 |
| LOW | behavioral | `validateEmail` | /tmp/shatter-examples.e644oibi/standalone/ts/15-email-validator.ts | 29.8% | 6/19 | 14/47 | 100 |
| WARN | behavioral | `parseCron` | /tmp/shatter-examples.e644oibi/standalone/ts/16-cron-parser.ts | 81.2% | 3/11 | 13/16 | 100 |
| LOW | behavioral | `classifyConfigs` | /tmp/shatter-examples.e644oibi/standalone/ts/17-mock-branches.ts | 41.7% | 1/4 | 5/12 | 100 |
| LOW | error_only | `classifyStatus` | /tmp/shatter-examples.e644oibi/standalone/ts/17-mock-branches.ts | 12.5% | 0/3 | 1/8 | 100 |
| LOW | behavioral | `loadOrDefault` | /tmp/shatter-examples.e644oibi/standalone/ts/17-mock-branches.ts | 33.3% | 1/2 | 2/6 | 100 |
| LOW | behavioral | `negotiateLanguage` | /tmp/shatter-examples.e644oibi/standalone/ts/18-accept-language.ts | 17.9% | 2/12 | 5/28 | 100 |
| LOW | behavioral | `evaluateRobotsPolicy` | /tmp/shatter-examples.e644oibi/standalone/ts/19-robots-policy.ts | 39.3% | 3/9 | 11/28 | 100 |
| LOW | behavioral | `parseDotenv` | /tmp/shatter-examples.e644oibi/standalone/ts/20-dotenv-parser.ts | 28.9% | 4/12 | 13/45 | 100 |
| LOW | error_only | `classifySecret` | /tmp/shatter-examples.e644oibi/standalone/ts/21-crypto-boundary.ts | 28.6% | 0/2 | 2/7 | 100 |
| PASS | behavioral | `encrypt` | /tmp/shatter-examples.e644oibi/standalone/ts/21-crypto-boundary.ts | 100.0% | 0/0 | 2/2 | 100 |
| WARN | behavioral | `classifyWithChecksum` | /tmp/shatter-examples.e644oibi/standalone/ts/22-opaque-predicate.ts | 90.0% | 4/4 | 9/10 | 100 |

## Function Details

### `classifyNumber`

- **File:** /tmp/shatter-examples.e644oibi/standalone/ts/01-arithmetic.ts
- **Coverage:** 100.0%
- **Branches:** 3/3
- **Lines:** 7/7
- **Iterations:** 100
- **Constraints collected:** 201

**Behaviors:**

- Cluster 0: returns "zero" (inputs: 0)
- Cluster 1: returns "negative" (inputs: -1)
- Cluster 2: returns "positive-even" (inputs: 2)
- Cluster 3: returns "positive-odd" (inputs: 1)

### `compareMagnitudes`

- **File:** /tmp/shatter-examples.e644oibi/standalone/ts/01-arithmetic.ts
- **Coverage:** 100.0%
- **Branches:** 3/3
- **Lines:** 9/9
- **Iterations:** 100
- **Constraints collected:** 220

**Behaviors:**

- Cluster 0: returns "both-small" (inputs: -17.28600342601852, 1.0)
- Cluster 1: returns "both-small" (inputs: 0.48335045930210074, 1.0)
- Cluster 2: returns "both-small" (inputs: 0.7252825215028955, 1.0)
- Cluster 3: returns "both-small" (inputs: 3.474455197108641, 1.0)
- Cluster 4: returns "both-small" (inputs: 3.5667319026375703, 1.0)
- ... and 15 more clusters

### `classifyString`

- **File:** /tmp/shatter-examples.e644oibi/standalone/ts/02-strings.ts
- **Coverage:** 90.9%
- **Branches:** 5/5
- **Lines:** 10/11
- **Iterations:** 100
- **Constraints collected:** 185

**Behaviors:**

- Cluster 0: returns "text" (inputs: "length")
- Cluster 1: returns "empty" (inputs: "")
- Cluster 2: returns "text" (inputs: "empty")
- Cluster 3: returns "text" (inputs: "single-char")
- Cluster 4: returns "text" (inputs: "startsWith")
- ... and 11 more clusters

### `transformString`

- **File:** /tmp/shatter-examples.e644oibi/standalone/ts/02-strings.ts
- **Coverage:** 100.0%
- **Branches:** 5/5
- **Lines:** 11/11
- **Iterations:** 100
- **Constraints collected:** 293

**Behaviors:**

- Cluster 0: returns "upper" (inputs: "upper", "", 0)
- Cluster 1: returns "UPPER" (inputs: "upper", "upper", 0)
- Cluster 2: returns "" (inputs: "", "upper", 0)
- Cluster 3: returns "toUpperCase" (inputs: "toUpperCase", "", 0)
- Cluster 4: returns "" (inputs: "", "toUpperCase", 0)
- ... and 45 more clusters

### `categorizeUser`

- **File:** /tmp/shatter-examples.e644oibi/standalone/ts/03-objects.ts
- **Coverage:** 72.7%
- **Branches:** 4/5
- **Lines:** 8/11
- **Iterations:** 100
- **Constraints collected:** 211

**Behaviors:**

- Cluster 0: returns "child" (inputs: {"age":0.0,"isVerified":false,"name":"age","role":""})
- Cluster 1: throws Error: invalid age (inputs: {"age":-1,"isVerified":false,"name":"age","role":""})
- Cluster 2: returns "child" (inputs: {"age":0.0,"isVerified":false,"name":"","role":"age"})
- Cluster 3: returns "child" (inputs: {"age":0.0,"isVerified":false,"name":"invalid age","role"...)
- Cluster 4: returns "child" (inputs: {"age":0.0,"isVerified":false,"name":"","role":"invalid a...)
- ... and 71 more clusters

### `describeRectangle`

- **File:** /tmp/shatter-examples.e644oibi/standalone/ts/03-objects.ts
- **Coverage:** 100.0%
- **Branches:** 3/3
- **Lines:** 8/8
- **Iterations:** 100
- **Constraints collected:** 198

**Behaviors:**

- Cluster 0: throws Error: non-positive dimension (inputs: {"height":0.0,"width":0.0})
- Cluster 1: returns "square" (inputs: {"height":1,"width":1})
- Cluster 2: throws Error: non-positive dimension (inputs: {"height":1,"width":0})
- Cluster 3: returns "small-rectangle" (inputs: {"height":2,"width":1})
- Cluster 4: returns "large-rectangle" (inputs: {"height":846,"width":845})

### `computeStats`

- **File:** /tmp/shatter-examples.e644oibi/standalone/ts/04-errors.ts
- **Coverage:** 31.2%
- **Branches:** 1/5
- **Lines:** 5/16
- **Iterations:** 100
- **Constraints collected:** 100

**Behaviors:**

- Cluster 0: throws TypeError: items is not iterable (inputs: {"length":1})
- Cluster 1: throws Error: empty array (inputs: {"length":0})

### `safeDivide`

- **File:** /tmp/shatter-examples.e644oibi/standalone/ts/04-errors.ts
- **Coverage:** 87.5%
- **Branches:** 3/3
- **Lines:** 7/8
- **Iterations:** 100
- **Constraints collected:** 228

**Behaviors:**

- Cluster 0: returns 42.78855576061672 (inputs: 42.788555760616724, 1.0)
- Cluster 1: returns -2.668650635634494 (inputs: -2.668650635634494, 1.0)
- Cluster 2: returns 257.36093519835663 (inputs: 257.36093519835663, 1.0)
- Cluster 3: returns 1.57506455631707 (inputs: 1.57506455631707, 1.0)
- Cluster 4: returns -2.4801777293491125 (inputs: -2.4801777293491125, 1.0)
- ... and 8 more clusters

### `computeArea`

- **File:** /tmp/shatter-examples.e644oibi/standalone/ts/05-unions.ts
- **Coverage:** 10.0%
- **Branches:** 0/6
- **Lines:** 1/10
- **Iterations:** 100
- **Constraints collected:** 0

**Behaviors:**

- Cluster 0: returns void (inputs: {})
- Cluster 1: throws TypeError: Cannot read properties of null (reading 'kind') (inputs: null)
- Cluster 2: returns void (inputs: {"kind":"hello","radius":-910.0686036466494})
- Cluster 3: returns void (inputs: {"base":-859.5026969131943,"height":10.0,"kind":"null"})
- Cluster 4: returns void (inputs: {"height":10.0,"kind":" ","width":-2.0})
- ... and 88 more clusters

### `routeRequest`

- **File:** /tmp/shatter-examples.e644oibi/standalone/ts/05-unions.ts
- **Coverage:** 30.8%
- **Branches:** 1/8
- **Lines:** 4/13
- **Iterations:** 100
- **Constraints collected:** 100

**Behaviors:**

- Cluster 0: throws Error: empty path (inputs: {"authenticated":false,"body":null,"method":"length","pat...)
- Cluster 1: returns "read" (inputs: {"authenticated":false,"body":null,"method":"GET","path":...)
- Cluster 2: throws Error: empty path (inputs: {"authenticated":false,"body":"length","method":"GET","pa...)
- Cluster 3: throws Error: empty path (inputs: {"authenticated":false,"body":null,"method":"path","path"...)
- Cluster 4: returns "read" (inputs: {"authenticated":false,"body":null,"method":"GET","path":...)
- ... and 43 more clusters

### `classifyHttpResponse`

- **File:** /tmp/shatter-examples.e644oibi/standalone/ts/06-nested-control-flow.ts
- **Coverage:** 96.3%
- **Branches:** 13/13
- **Lines:** 26/27
- **Iterations:** 100
- **Constraints collected:** 333

**Behaviors:**

- Cluster 0: throws Error: invalid status (inputs: -2.662488711542621, "test", null)
- Cluster 1: throws Error: invalid status (inputs: 7.147157105694353, "test", null)
- Cluster 2: throws Error: invalid status (inputs: -0.24123522380796386, "test", null)
- Cluster 3: throws Error: invalid status (inputs: -0.03134319277774139, "test", null)
- Cluster 4: throws Error: invalid status (inputs: 0.7738444600243688, "test", null)
- ... and 86 more clusters

### `processStateMachine`

- **File:** /tmp/shatter-examples.e644oibi/standalone/ts/06-nested-control-flow.ts
- **Coverage:** 37.9%
- **Branches:** 2/12
- **Lines:** 11/29
- **Iterations:** 100
- **Constraints collected:** 109

**Behaviors:**

- Cluster 0: throws TypeError: Cannot read properties of null (reading 'length') (inputs: null, -17.06391449796803)
- Cluster 1: throws TypeError: Cannot read properties of null (reading 'length') (inputs: null, 7.222132924511205)
- Cluster 2: throws TypeError: Cannot read properties of null (reading 'length') (inputs: null, 7.336073715030347)
- Cluster 3: throws TypeError: Cannot read properties of null (reading 'length') (inputs: null, 257.42550625808656)
- Cluster 4: throws TypeError: Cannot read properties of null (reading 'length') (inputs: null, 0.4476359719428947)
- ... and 12 more clusters

### `authorizeRequest`

- **File:** /tmp/shatter-examples.e644oibi/standalone/ts/07-auth-validation.ts
- **Coverage:** 13.8%
- **Branches:** 2/14
- **Lines:** 4/29
- **Iterations:** 100
- **Constraints collected:** 101

**Behaviors:**

- Cluster 0: returns "denied: no roles" (inputs: {"active":false,"id":"length","roles":[]}, "", "", "")
- Cluster 1: returns "denied: inactive user" (inputs: {"active":false,"id":"length","roles":{"length":1}}, "", "", "")
- Cluster 2: returns "denied: no roles" (inputs: {"active":false,"id":"","roles":[]}, "length", "", "")
- Cluster 3: returns "denied: no roles" (inputs: {"active":false,"id":"","roles":[]}, "", "length", "")
- Cluster 4: returns "denied: no roles" (inputs: {"active":false,"id":"","roles":[]}, "", "", "length")
- ... and 95 more clusters

### `validateJwt`

- **File:** /tmp/shatter-examples.e644oibi/standalone/ts/07-auth-validation.ts
- **Coverage:** 19.2%
- **Branches:** 2/8
- **Lines:** 5/26
- **Iterations:** 100
- **Constraints collected:** 134

**Behaviors:**

- Cluster 0: returns "invalid: malformed token" (inputs: "test", "test", "test", "test", 0.3383076712557057)
- Cluster 1: returns "invalid: malformed token" (inputs: "test", "test", "test", "test", -0.4137511439198237)
- Cluster 2: returns "invalid: malformed token" (inputs: "test", "test", "test", "test", 100.0506677852198)
- Cluster 3: returns "invalid: malformed token" (inputs: "test", "test", "test", "test", -0.28044948572231454)
- Cluster 4: returns "invalid: malformed token" (inputs: "test", "test", "test", "test", 7.490564807095)
- ... and 99 more clusters

### `checkRateLimit`

- **File:** /tmp/shatter-examples.e644oibi/standalone/ts/09-rate-limiter.ts
- **Coverage:** 77.8%
- **Branches:** 5/6
- **Lines:** 14/18
- **Iterations:** 100
- **Constraints collected:** 289

**Behaviors:**

- Cluster 0: returns {"allowed":false,"newState":{"lastRefillMs":1,"penaltyUnt... (inputs: null, 257.1608371832941, 1.0, 1.0, "test")
- Cluster 1: returns {"allowed":false,"newState":{"lastRefillMs":1,"penaltyUnt... (inputs: null, 0.6628447319309285, 1.0, 1.0, "test")
- Cluster 2: throws Error: invalid capacity (inputs: null, -2.5634295888110716, 1.0, 1.0, "test")
- Cluster 3: throws Error: invalid capacity (inputs: null, -0.4361838895307913, 1.0, 1.0, "test")
- Cluster 4: throws Error: invalid capacity (inputs: null, -2.3954718923159666, 1.0, 1.0, "test")
- ... and 83 more clusters

### `matchRoute`

- **File:** /tmp/shatter-examples.e644oibi/standalone/ts/10-path-router.ts
- **Coverage:** 12.0%
- **Branches:** 3/19
- **Lines:** 6/50
- **Iterations:** 100
- **Constraints collected:** 150

**Behaviors:**

- Cluster 0: returns {"message":"empty path","status":"error"} (inputs: [], "length", "")
- Cluster 1: returns {"message":"path must start with /","status":"error"} (inputs: [], "", "length")
- Cluster 2: returns {"message":"empty path","status":"error"} (inputs: [], "error", "")
- Cluster 3: returns {"message":"path must start with /","status":"error"} (inputs: [], "", "error")
- Cluster 4: returns {"message":"empty path","status":"error"} (inputs: [], "empty path", "")
- ... and 41 more clusters

### `resolveMiddleware`

- **File:** /tmp/shatter-examples.e644oibi/standalone/ts/10-path-router.ts
- **Coverage:** 93.8%
- **Branches:** 7/7
- **Lines:** 15/16
- **Iterations:** 100
- **Constraints collected:** 415

**Behaviors:**

- Cluster 0: returns {"middleware":["logging","error-handler"],"status":"ok"} (inputs: {"allowedOrigins":[],"contentType":"logging","corsOrigin"..., null)
- Cluster 1: returns {"middleware":[],"reason":"missing auth","status":"reject... (inputs: {"allowedOrigins":[],"contentType":"logging","corsOrigin"..., null)
- Cluster 2: returns {"middleware":[],"reason":"origin not allowed","status":"... (inputs: {"allowedOrigins":[],"contentType":"","corsOrigin":"loggi..., null)
- Cluster 3: returns {"middleware":["logging","error-handler"],"status":"ok"} (inputs: {"allowedOrigins":[],"contentType":"","corsOrigin":null,"..., "logging")
- Cluster 4: returns {"middleware":["logging","error-handler"],"status":"ok"} (inputs: {"allowedOrigins":[],"contentType":"error-handler","corsO..., null)
- ... and 83 more clusters

### `compoundAnd`

- **File:** /tmp/shatter-examples.e644oibi/standalone/ts/13-mcdc-compound.ts
- **Coverage:** 100.0%
- **Branches:** 1/1
- **Lines:** 3/3
- **Iterations:** 100
- **Constraints collected:** 110

**Behaviors:**

- Cluster 0: returns "both" (inputs: 7.12607519271701, 1.0)
- Cluster 1: returns "both" (inputs: 257.19831504439657, 1.0)
- Cluster 2: returns "neither" (inputs: -0.2036378323824426, 1.0)
- Cluster 3: returns "neither" (inputs: -2.275560480889441, 1.0)
- Cluster 4: returns "both" (inputs: 7.498944900355837, 1.0)
- ... and 10 more clusters

### `compoundOr`

- **File:** /tmp/shatter-examples.e644oibi/standalone/ts/13-mcdc-compound.ts
- **Coverage:** 100.0%
- **Branches:** 1/1
- **Lines:** 3/3
- **Iterations:** 100
- **Constraints collected:** 100

**Behaviors:**

- Cluster 0: returns "none" (inputs: false, false)
- Cluster 1: returns "either" (inputs: true, false)

### `threeWayAnd`

- **File:** /tmp/shatter-examples.e644oibi/standalone/ts/13-mcdc-compound.ts
- **Coverage:** 100.0%
- **Branches:** 1/1
- **Lines:** 3/3
- **Iterations:** 100
- **Constraints collected:** 115

**Behaviors:**

- Cluster 0: returns "all positive" (inputs: 257.3733429449705, 1.0, 1.0)
- Cluster 1: returns "not all positive" (inputs: -0.44025728927077573, 1.0, 1.0)
- Cluster 2: returns "all positive" (inputs: 7.141142795436674, 1.0, 1.0)
- Cluster 3: returns "all positive" (inputs: 1.7890808806822223, 1.0, 1.0)
- Cluster 4: returns "all positive" (inputs: 100.18021160514829, 1.0, 1.0)
- ... and 13 more clusters

### `intToRoman`

- **File:** /tmp/shatter-examples.e644oibi/standalone/ts/13-roman-numerals.ts
- **Coverage:** 100.0%
- **Branches:** 2/2
- **Lines:** 9/9
- **Iterations:** 100
- **Constraints collected:** 1133

**Behaviors:**

- Cluster 0: returns "VII" (inputs: 7.267821238376196)
- Cluster 1: returns "CCLVII" (inputs: 257.03735524707156)
- Cluster 2: throws Error: out of range (inputs: -17.167829487002948)
- Cluster 3: returns "III" (inputs: 3.6087889952335868)
- Cluster 4: returns "III" (inputs: 3.555155496270943)
- ... and 17 more clusters

### `romanToInt`

- **File:** /tmp/shatter-examples.e644oibi/standalone/ts/13-roman-numerals.ts
- **Coverage:** 82.4%
- **Branches:** 4/5
- **Lines:** 14/17
- **Iterations:** 100
- **Constraints collected:** 112

**Behaviors:**

- Cluster 0: throws Error: invalid roman numeral (inputs: "length")
- Cluster 1: returns 0 (inputs: "")
- Cluster 2: throws Error: invalid roman numeral (inputs: "toUpperCase")
- Cluster 3: throws Error: invalid roman numeral (inputs: "invalid roman numeral")

### `parseSemver`

- **File:** /tmp/shatter-examples.e644oibi/standalone/ts/14-semver.ts
- **Coverage:** 36.4%
- **Branches:** 3/6
- **Lines:** 8/22
- **Iterations:** 100
- **Constraints collected:** 128

**Behaviors:**

- Cluster 0: throws Error: invalid semver (inputs: "length")
- Cluster 1: throws Error: invalid semver (inputs: "")
- Cluster 2: throws Error: invalid semver (inputs: "invalid semver")
- Cluster 3: throws Error: invalid semver (inputs: "startsWith")
- Cluster 4: throws Error: invalid semver (inputs: "v")
- ... and 7 more clusters

### `satisfiesRange`

- **File:** /tmp/shatter-examples.e644oibi/standalone/ts/14-semver.ts
- **Coverage:** 63.9%
- **Branches:** 7/16
- **Lines:** 23/36
- **Iterations:** 100
- **Constraints collected:** 456

**Behaviors:**

- Cluster 0: throws Error: invalid semver (inputs: "*", "")
- Cluster 1: returns true (inputs: "*", "*")
- Cluster 2: returns true (inputs: "", "*")
- Cluster 3: throws Error: invalid semver (inputs: "x", "")
- Cluster 4: returns true (inputs: "", "x")
- ... and 65 more clusters

### `validateEmail`

- **File:** /tmp/shatter-examples.e644oibi/standalone/ts/15-email-validator.ts
- **Coverage:** 29.8%
- **Branches:** 6/19
- **Lines:** 14/47
- **Iterations:** 100
- **Constraints collected:** 217

**Behaviors:**

- Cluster 0: returns {"reason":"missing @","valid":false} (inputs: "length")
- Cluster 1: returns {"reason":"empty","valid":false} (inputs: "")
- Cluster 2: returns {"reason":"missing @","valid":false} (inputs: "empty")
- Cluster 3: returns {"reason":"missing @","valid":false} (inputs: "indexOf")
- Cluster 4: returns {"reason":"empty local part","valid":false} (inputs: "@")
- ... and 31 more clusters

### `parseCron`

- **File:** /tmp/shatter-examples.e644oibi/standalone/ts/16-cron-parser.ts
- **Coverage:** 81.2%
- **Branches:** 3/11
- **Lines:** 13/16
- **Iterations:** 100
- **Constraints collected:** 158

**Behaviors:**

- Cluster 0: throws Error: expected 5 fields (inputs: "true")
- Cluster 1: throws Error: empty expression (inputs: "")
- Cluster 2: throws Error: expected 5 fields (inputs: "length")
- Cluster 3: throws Error: expected 5 fields (inputs: "empty expression")
- Cluster 4: throws Error: expected 5 fields (inputs: "startsWith")
- ... and 18 more clusters

### `classifyConfigs`

- **File:** /tmp/shatter-examples.e644oibi/standalone/ts/17-mock-branches.ts
- **Coverage:** 41.7%
- **Branches:** 1/4
- **Lines:** 5/12
- **Iterations:** 100
- **Constraints collected:** 100

**Behaviors:**

- Cluster 0: throws Error: ENOENT: no such file or directory, open 'length' (inputs: ["length"])
- Cluster 1: returns "no-comments" (inputs: {"length":0})
- Cluster 2: throws Error: ENOENT: no such file or directory, open 'no-comments' (inputs: ["no-comments"])
- Cluster 3: throws Error: ENOENT: no such file or directory, open 'utf-8' (inputs: ["utf-8"])
- Cluster 4: throws Error: ENOENT: no such file or directory, open 'startsWith' (inputs: ["startsWith"])
- ... and 4 more clusters

### `classifyStatus`

- **File:** /tmp/shatter-examples.e644oibi/standalone/ts/17-mock-branches.ts
- **Coverage:** 12.5%
- **Branches:** 0/3
- **Lines:** 1/8
- **Iterations:** 100
- **Constraints collected:** 0

**Behaviors:**

- Cluster 0: throws Error: ENOENT: no such file or directory, open 'trim' (inputs: "trim")
- Cluster 1: throws Error: ENOENT: no such file or directory, open 'utf-8' (inputs: "utf-8")
- Cluster 2: throws Error: ENOENT: no such file or directory, open 'length' (inputs: "length")
- Cluster 3: throws Error: ENOENT: no such file or directory, open 'empty' (inputs: "empty")
- Cluster 4: throws Error: ENOENT: no such file or directory, open 'short' (inputs: "short")
- ... and 31 more clusters

### `loadOrDefault`

- **File:** /tmp/shatter-examples.e644oibi/standalone/ts/17-mock-branches.ts
- **Coverage:** 33.3%
- **Branches:** 1/2
- **Lines:** 2/6
- **Iterations:** 100
- **Constraints collected:** 100

**Behaviors:**

- Cluster 0: returns "missing" (inputs: "missing")
- Cluster 1: returns "missing" (inputs: "utf-8")
- Cluster 2: returns "missing" (inputs: "loaded")
- Cluster 3: returns "missing" (inputs: "empty-config")
- Cluster 4: returns "missing" (inputs: "/tmp/data/report.csv")
- ... and 31 more clusters

### `negotiateLanguage`

- **File:** /tmp/shatter-examples.e644oibi/standalone/ts/18-accept-language.ts
- **Coverage:** 17.9%
- **Branches:** 2/12
- **Lines:** 5/28
- **Iterations:** 100
- **Constraints collected:** 120

**Behaviors:**

- Cluster 0: returns {"matchedRange":null,"quality":0,"reason":"no-supported",... (inputs: "length", [])
- Cluster 1: throws TypeError: supported.map is not a function (inputs: "length", {"length":1})
- Cluster 2: returns {"matchedRange":null,"quality":1,"reason":"default","sele... (inputs: "", ["length"])
- Cluster 3: returns {"matchedRange":null,"quality":0,"reason":"no-supported",... (inputs: "no-supported", [])
- Cluster 4: returns {"matchedRange":null,"quality":1,"reason":"default","sele... (inputs: "", ["no-supported"])
- ... and 67 more clusters

### `evaluateRobotsPolicy`

- **File:** /tmp/shatter-examples.e644oibi/standalone/ts/19-robots-policy.ts
- **Coverage:** 39.3%
- **Branches:** 3/9
- **Lines:** 11/28
- **Iterations:** 100
- **Constraints collected:** 166

**Behaviors:**

- Cluster 0: returns {"allowed":false,"crawlDelay":null,"matchedDirective":nul... (inputs: "length", "", "")
- Cluster 1: returns {"allowed":false,"crawlDelay":null,"matchedDirective":nul... (inputs: "", "length", "")
- Cluster 2: returns {"allowed":false,"crawlDelay":null,"matchedDirective":nul... (inputs: "", "", "length")
- Cluster 3: returns {"allowed":false,"crawlDelay":null,"matchedDirective":nul... (inputs: "missing-user-agent", "", "")
- Cluster 4: returns {"allowed":false,"crawlDelay":null,"matchedDirective":nul... (inputs: "", "missing-user-agent", "")
- ... and 93 more clusters

### `parseDotenv`

- **File:** /tmp/shatter-examples.e644oibi/standalone/ts/20-dotenv-parser.ts
- **Coverage:** 28.9%
- **Branches:** 4/12
- **Lines:** 13/45
- **Iterations:** 100
- **Constraints collected:** 472

**Behaviors:**

- Cluster 0: returns {"values":{},"warnings":["line 1: missing separator"]} (inputs: "split")
- Cluster 1: returns {"values":{},"warnings":["line 1: missing separator"]} (inputs: "replace")
- Cluster 2: returns {"values":{},"warnings":["line 1: missing separator"]} (inputs: "\\r\\n?")
- Cluster 3: returns {"values":{},"warnings":[]} (inputs: "\n")
- Cluster 4: returns {"values":{},"warnings":["line 1: missing separator"]} (inputs: "length")
- ... and 60 more clusters

### `classifySecret`

- **File:** /tmp/shatter-examples.e644oibi/standalone/ts/21-crypto-boundary.ts
- **Coverage:** 28.6%
- **Branches:** 0/2
- **Lines:** 2/7
- **Iterations:** 100
- **Constraints collected:** 0

**Behaviors:**

- Cluster 0: throws Error: error:1C80006B:Provider routines::wrong final block length (inputs: {"__complex_type":"buffer","encoding":"base64","value":"/...)
- Cluster 1: throws Error: error:1C80006B:Provider routines::wrong final block length (inputs: {"__complex_type":"buffer","encoding":"base64","value":"S...)
- Cluster 2: throws Error: error:1C80006B:Provider routines::wrong final block length (inputs: {"__complex_type":"buffer","encoding":"base64","value":"A...)
- Cluster 3: throws Error: error:1C80006B:Provider routines::wrong final block length (inputs: {"__complex_type":"buffer","encoding":"base64","value":"A...)
- Cluster 4: throws Error: error:1C80006B:Provider routines::wrong final block length (inputs: {"__complex_type":"buffer","encoding":"base64","value":""})

### `encrypt`

- **File:** /tmp/shatter-examples.e644oibi/standalone/ts/21-crypto-boundary.ts
- **Coverage:** 100.0%
- **Branches:** 0/0
- **Lines:** 2/2
- **Iterations:** 100
- **Constraints collected:** 0

**Behaviors:**

- Cluster 0: returns {"data":[86,249,108,251,56,85,251,68,141,47,62,120,107,11... (inputs: "createCipheriv")
- Cluster 1: returns {"data":[81,151,130,15,43,241,122,102,170,221,110,71,109,... (inputs: "aes-256-cbc")
- Cluster 2: returns {"data":[192,30,155,104,180,162,112,41,225,98,44,61,106,1... (inputs: "concat")
- Cluster 3: returns {"data":[49,179,220,174,138,131,65,225,242,205,202,29,178... (inputs: "update")
- Cluster 4: returns {"data":[109,221,35,30,169,157,230,150,55,149,85,178,8,15... (inputs: "utf8")
- ... and 54 more clusters

### `classifyWithChecksum`

- **File:** /tmp/shatter-examples.e644oibi/standalone/ts/22-opaque-predicate.ts
- **Coverage:** 90.0%
- **Branches:** 4/4
- **Lines:** 9/10
- **Iterations:** 100
- **Constraints collected:** 143

**Behaviors:**

- Cluster 0: returns "checksum-miss" (inputs: "length")
- Cluster 1: returns "empty" (inputs: "")
- Cluster 2: returns "checksum-miss" (inputs: "empty")
- Cluster 3: returns "checksum-miss" (inputs: "too-long")
- Cluster 4: returns "checksum-miss" (inputs: "charCodeAt")
- ... and 2 more clusters

## Uncovered Branches

- `classifyString`: 0 uncovered branch(es) (90.9% coverage)
- `categorizeUser`: 1 uncovered branch(es) (72.7% coverage)
- `computeStats`: 4 uncovered branch(es) (31.2% coverage)
- `safeDivide`: 0 uncovered branch(es) (87.5% coverage)
- `computeArea`: 6 uncovered branch(es) (10.0% coverage)
- `routeRequest`: 7 uncovered branch(es) (30.8% coverage)
- `classifyHttpResponse`: 0 uncovered branch(es) (96.3% coverage)
- `processStateMachine`: 10 uncovered branch(es) (37.9% coverage)
- `authorizeRequest`: 12 uncovered branch(es) (13.8% coverage)
- `validateJwt`: 6 uncovered branch(es) (19.2% coverage)
- `checkRateLimit`: 1 uncovered branch(es) (77.8% coverage)
- `matchRoute`: 16 uncovered branch(es) (12.0% coverage)
- `resolveMiddleware`: 0 uncovered branch(es) (93.8% coverage)
- `romanToInt`: 1 uncovered branch(es) (82.4% coverage)
- `parseSemver`: 3 uncovered branch(es) (36.4% coverage)
- `satisfiesRange`: 9 uncovered branch(es) (63.9% coverage)
- `validateEmail`: 13 uncovered branch(es) (29.8% coverage)
- `parseCron`: 8 uncovered branch(es) (81.2% coverage)
- `classifyConfigs`: 3 uncovered branch(es) (41.7% coverage)
- `classifyStatus`: 3 uncovered branch(es) (12.5% coverage)
- `loadOrDefault`: 1 uncovered branch(es) (33.3% coverage)
- `negotiateLanguage`: 10 uncovered branch(es) (17.9% coverage)
- `evaluateRobotsPolicy`: 6 uncovered branch(es) (39.3% coverage)
- `parseDotenv`: 8 uncovered branch(es) (28.9% coverage)
- `classifySecret`: 2 uncovered branch(es) (28.6% coverage)
- `classifyWithChecksum`: 0 uncovered branch(es) (90.0% coverage)

## Interesting Inputs

### `classifyNumber`

- 0 -> "zero"
- -1 -> "negative"

### `compareMagnitudes`

- 100.0, 0.0 -> "both-small"
- 101, 0 -> "sum-large"
- 0.0, 100.0 -> "both-small"
- 1000.0, 0.0 -> "sum-large"
- 0.0, 1000.0 -> "sum-large"
- 100, 0 -> "both-small"
- 0, 0 -> "both-small"
- 0, 101 -> "sum-large"

### `classifyString`

- "" -> "empty"

### `transformString`

- "upper", "", 0 -> "upper"
- "upper", "upper", 0 -> "UPPER"
- "", "lower", 0 -> ""
- "", "reverse", 0 -> ""
- "", "repeat", 0 -> ""
- "", "repeat", 1 -> ""
- "", "upper", 0 -> ""
- "toUpperCase", "", 0 -> "toUpperCase"
- "", "toUpperCase", 0 -> ""
- "lower", "", 0 -> "lower"
- "toLowerCase", "", 0 -> "toLowerCase"
- "", "toLowerCase", 0 -> ""
- "reverse", "", 0 -> "reverse"
- "join", "", 0 -> "join"
- "", "join", 0 -> ""
- "split", "", 0 -> "split"
- "", "split", 0 -> ""
- "", "", 0 -> ""
- "repeat", "", 0 -> "repeat"
- "upper", "lower", 0 -> "upper"
- "upper", "reverse", 0 -> "reppu"
- "upper", "repeat", 0 -> ""
- "toUpperCase", "upper", 0 -> "TOUPPERCASE"
- "toUpperCase", "lower", 0 -> "touppercase"
- "toUpperCase", "reverse", 0 -> "esaCreppUot"
- "toUpperCase", "repeat", 0 -> ""
- "lower", "upper", 0 -> "LOWER"
- "lower", "lower", 0 -> "lower"
- "lower", "reverse", 0 -> "rewol"
- "lower", "repeat", 0 -> ""
- "toLowerCase", "upper", 0 -> "TOLOWERCASE"
- "toLowerCase", "lower", 0 -> "tolowercase"
- "toLowerCase", "reverse", 0 -> "esaCrewoLot"
- "toLowerCase", "repeat", 0 -> ""
- "reverse", "upper", 0 -> "REVERSE"
- "reverse", "lower", 0 -> "reverse"
- "reverse", "reverse", 0 -> "esrever"
- "reverse", "repeat", 0 -> ""
- "join", "upper", 0 -> "JOIN"
- "join", "lower", 0 -> "join"
- "join", "reverse", 0 -> "nioj"
- "join", "repeat", 0 -> ""
- "split", "upper", 0 -> "SPLIT"
- "split", "lower", 0 -> "split"
- "split", "reverse", 0 -> "tilps"
- "split", "repeat", 0 -> ""
- "repeat", "upper", 0 -> "REPEAT"
- "repeat", "lower", 0 -> "repeat"
- "repeat", "reverse", 0 -> "taeper"
- "repeat", "repeat", 0 -> ""

### `categorizeUser`

- {"age":-1,"isVerified":false,"name":"age","role":""} -> **error:** Error: invalid age
- {"age":-1,"isVerified":false,"name":"","role":"age"} -> **error:** Error: invalid age
- {"age":-1,"isVerified":false,"name":"invalid age","role":""} -> **error:** Error: invalid age
- {"age":-1,"isVerified":false,"name":"","role":"invalid age"} -> **error:** Error: invalid age
- {"age":-1,"isVerified":false,"name":"child","role":""} -> **error:** Error: invalid age
- {"age":-1,"isVerified":false,"name":"","role":"child"} -> **error:** Error: invalid age
- {"age":-1,"isVerified":false,"name":"teen","role":""} -> **error:** Error: invalid age
- {"age":-1,"isVerified":false,"name":"","role":"teen"} -> **error:** Error: invalid age
- {"age":-1,"isVerified":false,"name":"isVerified","role":""} -> **error:** Error: invalid age
- {"age":-1,"isVerified":false,"name":"","role":"isVerified"} -> **error:** Error: invalid age
- {"age":-1,"isVerified":false,"name":"role","role":""} -> **error:** Error: invalid age
- {"age":-1,"isVerified":false,"name":"","role":"role"} -> **error:** Error: invalid age
- {"age":-1,"isVerified":false,"name":"admin","role":""} -> **error:** Error: invalid age
- {"age":-1,"isVerified":false,"name":"","role":"admin"} -> **error:** Error: invalid age
- {"age":-1,"isVerified":false,"name":"verified-user","role... -> **error:** Error: invalid age
- {"age":-1,"isVerified":false,"name":"","role":"verified-u... -> **error:** Error: invalid age
- {"age":-1,"isVerified":false,"name":"unverified-user","ro... -> **error:** Error: invalid age
- {"age":-1,"isVerified":false,"name":"","role":"unverified... -> **error:** Error: invalid age

### `describeRectangle`

- {"height":0.0,"width":0.0} -> **error:** Error: non-positive dimension
- {"height":1,"width":0} -> **error:** Error: non-positive dimension

### `computeStats`

- {"length":1} -> **error:** TypeError: items is not iterable
- {"length":0} -> **error:** Error: empty array

### `safeDivide`

- 0.0, 0.0 -> **error:** Error: division by zero
- 0.0, 1 -> 0
- 0.0, 0 -> **error:** Error: division by zero

### `computeArea`

- null -> **error:** TypeError: Cannot read properties of null (reading 'kind')

### `routeRequest`

- {"authenticated":false,"body":null,"method":"length","pat... -> **error:** Error: empty path
- {"authenticated":false,"body":"length","method":"GET","pa... -> **error:** Error: empty path
- {"authenticated":false,"body":null,"method":"path","path"... -> **error:** Error: empty path
- {"authenticated":false,"body":"path","method":"GET","path... -> **error:** Error: empty path
- {"authenticated":false,"body":null,"method":"empty path",... -> **error:** Error: empty path
- {"authenticated":false,"body":"empty path","method":"GET"... -> **error:** Error: empty path
- {"authenticated":false,"body":null,"method":"method","pat... -> **error:** Error: empty path
- {"authenticated":false,"body":"method","method":"GET","pa... -> **error:** Error: empty path
- {"authenticated":false,"body":null,"method":"GET","path":""} -> **error:** Error: empty path
- {"authenticated":false,"body":"GET","method":"GET","path"... -> **error:** Error: empty path
- {"authenticated":false,"body":null,"method":"read","path"... -> **error:** Error: empty path
- {"authenticated":false,"body":"read","method":"GET","path... -> **error:** Error: empty path
- {"authenticated":false,"body":null,"method":"DELETE","pat... -> **error:** Error: empty path
- {"authenticated":false,"body":"DELETE","method":"GET","pa... -> **error:** Error: empty path
- {"authenticated":false,"body":null,"method":"authenticate... -> **error:** Error: empty path
- {"authenticated":false,"body":"authenticated","method":"G... -> **error:** Error: empty path
- {"authenticated":false,"body":null,"method":"auth require... -> **error:** Error: empty path
- {"authenticated":false,"body":"auth required","method":"G... -> **error:** Error: empty path
- {"authenticated":false,"body":null,"method":"delete","pat... -> **error:** Error: empty path
- {"authenticated":false,"body":"delete","method":"GET","pa... -> **error:** Error: empty path
- {"authenticated":false,"body":null,"method":"POST","path"... -> **error:** Error: empty path
- {"authenticated":false,"body":"POST","method":"GET","path... -> **error:** Error: empty path
- {"authenticated":false,"body":null,"method":"body","path"... -> **error:** Error: empty path
- {"authenticated":false,"body":"body","method":"GET","path... -> **error:** Error: empty path
- {"authenticated":false,"body":null,"method":"body require... -> **error:** Error: empty path
- {"authenticated":false,"body":"body required","method":"G... -> **error:** Error: empty path
- {"authenticated":false,"body":null,"method":"create","pat... -> **error:** Error: empty path
- {"authenticated":false,"body":"create","method":"GET","pa... -> **error:** Error: empty path
- {"authenticated":false,"body":null,"method":"PUT","path":""} -> **error:** Error: empty path
- {"authenticated":false,"body":"PUT","method":"GET","path"... -> **error:** Error: empty path
- {"authenticated":false,"body":null,"method":"update","pat... -> **error:** Error: empty path
- {"authenticated":false,"body":"update","method":"GET","pa... -> **error:** Error: empty path

### `classifyHttpResponse`

- 100.0, "", null -> "informational"
- 200.0, "", null -> "ok-binary"
- 300.0, "", null -> "redirect-other"
- 201.0, "", null -> "created-empty"
- 204.0, "", null -> "no-content"
- 400.0, "", null -> "client-error"
- 301.0, "", null -> "redirect"
- 500.0, "", null -> "server-error"
- 401.0, "", null -> "auth-error"
- 200, "text/", null -> "ok-text"
- 200, "application/json", null -> "ok-json"
- 264, "", null -> "success-other"
- -2.662488711542621, "test", null -> **error:** Error: invalid status
- 7.147157105694353, "test", null -> **error:** Error: invalid status
- -0.24123522380796386, "test", null -> **error:** Error: invalid status
- -0.03134319277774139, "test", null -> **error:** Error: invalid status
- 0.7738444600243688, "test", null -> **error:** Error: invalid status
- 0, "", null -> **error:** Error: invalid status
- 600.0, "", null -> **error:** Error: invalid status
- 0.0, "invalid status", null -> **error:** Error: invalid status
- 0.0, "", "invalid status" -> **error:** Error: invalid status
- 0.0, "informational", null -> **error:** Error: invalid status
- 0.0, "", "informational" -> **error:** Error: invalid status
- 0.0, "startsWith", null -> **error:** Error: invalid status
- 0.0, "", "startsWith" -> **error:** Error: invalid status
- 0.0, "text/", null -> **error:** Error: invalid status
- 0.0, "", "text/" -> **error:** Error: invalid status
- 0.0, "ok-text", null -> **error:** Error: invalid status
- 0.0, "", "ok-text" -> **error:** Error: invalid status
- 0.0, "application/json", null -> **error:** Error: invalid status
- 0.0, "", "application/json" -> **error:** Error: invalid status
- 0.0, "ok-json", null -> **error:** Error: invalid status
- 0.0, "", "ok-json" -> **error:** Error: invalid status
- 0.0, "ok-binary", null -> **error:** Error: invalid status
- 0.0, "", "ok-binary" -> **error:** Error: invalid status
- 0.0, "length", null -> **error:** Error: invalid status
- 0.0, "", "length" -> **error:** Error: invalid status
- 0.0, "", null -> **error:** Error: invalid status
- 0.0, "created-with-body", null -> **error:** Error: invalid status
- 0.0, "", "created-with-body" -> **error:** Error: invalid status
- 0.0, "created-empty", null -> **error:** Error: invalid status
- 0.0, "", "created-empty" -> **error:** Error: invalid status
- 0.0, "no-content", null -> **error:** Error: invalid status
- 0.0, "", "no-content" -> **error:** Error: invalid status
- 0.0, "success-other", null -> **error:** Error: invalid status
- 0.0, "", "success-other" -> **error:** Error: invalid status
- 302.0, "", null -> "redirect"
- 0.0, "redirect", null -> **error:** Error: invalid status
- 0.0, "", "redirect" -> **error:** Error: invalid status
- 0.0, "redirect-other", null -> **error:** Error: invalid status
- 0.0, "", "redirect-other" -> **error:** Error: invalid status
- 403.0, "", null -> "auth-error"
- 0.0, "auth-error", null -> **error:** Error: invalid status
- 0.0, "", "auth-error" -> **error:** Error: invalid status
- 0.0, "client-error", null -> **error:** Error: invalid status
- 0.0, "", "client-error" -> **error:** Error: invalid status
- 0.0, "server-error", null -> **error:** Error: invalid status
- 0.0, "", "server-error" -> **error:** Error: invalid status
- 456, "", null -> "client-error"
- 580, "", null -> "server-error"
- 580, "invalid status", null -> "server-error"
- 580, "", "invalid status" -> "server-error"
- 164, "", null -> "informational"
- 556, "", null -> "server-error"
- 201, "", null -> "created-empty"
- 580, "informational", null -> "server-error"
- 580, "", "informational" -> "server-error"
- 528, "", null -> "server-error"
- 301, "", null -> "redirect"
- 580, "startsWith", null -> "server-error"
- 580, "", "startsWith" -> "server-error"
- 580, "text/", null -> "server-error"
- 580, "", "text/" -> "server-error"
- 580, "ok-text", null -> "server-error"
- 580, "", "ok-text" -> "server-error"
- 580, "application/json", null -> "server-error"
- 580, "", "application/json" -> "server-error"
- 580, "ok-json", null -> "server-error"
- 580, "", "ok-json" -> "server-error"
- 580, "ok-binary", null -> "server-error"
- 580, "", "ok-binary" -> "server-error"
- 200, "", null -> "ok-binary"
- 580, "length", null -> "server-error"
- 580, "", "length" -> "server-error"
- 580, "created-with-body", null -> "server-error"
- 580, "", "created-with-body" -> "server-error"
- 580, "created-empty", null -> "server-error"
- 580, "", "created-empty" -> "server-error"
- 202, "", null -> "success-other"
- 580, "no-content", null -> "server-error"
- 580, "", "no-content" -> "server-error"

### `processStateMachine`

- ["idle"], 0.0 -> "invalid-transition"
- {"length":0}, 0.0 -> "idle"
- ["start"], 0.0 -> "loading"
- {"length":1}, 0.0 -> **error:** TypeError: events is not iterable
- null, -17.06391449796803 -> **error:** TypeError: Cannot read properties of null (reading 'length')
- null, 7.222132924511205 -> **error:** TypeError: Cannot read properties of null (reading 'length')
- null, 7.336073715030347 -> **error:** TypeError: Cannot read properties of null (reading 'length')
- null, 257.42550625808656 -> **error:** TypeError: Cannot read properties of null (reading 'length')
- null, 0.4476359719428947 -> **error:** TypeError: Cannot read properties of null (reading 'length')
- [], 0.0 -> "idle"
- ["length"], 0.0 -> "invalid-transition"
- ["loading"], 0.0 -> "invalid-transition"
- ["invalid-transition"], 0.0 -> "invalid-transition"
- ["success"], 0.0 -> "invalid-transition"
- ["error"], 0.0 -> "invalid-transition"
- ["reset"], 0.0 -> "invalid-transition"
- ["done"], 0.0 -> "invalid-transition"

### `authorizeRequest`

- {"active":false,"id":"length","roles":[]}, "", "", "" -> "denied: no roles"
- {"active":false,"id":"length","roles":{"length":1}}, "", "", "" -> "denied: inactive user"
- {"active":false,"id":"","roles":[]}, "length", "", "" -> "denied: no roles"
- {"active":false,"id":"","roles":[]}, "", "length", "" -> "denied: no roles"
- {"active":false,"id":"","roles":[]}, "", "", "length" -> "denied: no roles"
- {"active":false,"id":"roles","roles":[]}, "", "", "" -> "denied: no roles"
- {"active":false,"id":"","roles":[]}, "roles", "", "" -> "denied: no roles"
- {"active":false,"id":"","roles":[]}, "", "roles", "" -> "denied: no roles"
- {"active":false,"id":"","roles":[]}, "", "", "roles" -> "denied: no roles"
- {"active":false,"id":"denied: no roles","roles":[]}, "", "", "" -> "denied: no roles"
- {"active":false,"id":"","roles":[]}, "denied: no roles", "", "" -> "denied: no roles"
- {"active":false,"id":"","roles":[]}, "", "denied: no roles", "" -> "denied: no roles"
- {"active":false,"id":"","roles":[]}, "", "", "denied: no roles" -> "denied: no roles"
- {"active":false,"id":"active","roles":[]}, "", "", "" -> "denied: no roles"
- {"active":false,"id":"","roles":[]}, "active", "", "" -> "denied: no roles"
- {"active":false,"id":"","roles":[]}, "", "active", "" -> "denied: no roles"
- {"active":false,"id":"","roles":[]}, "", "", "active" -> "denied: no roles"
- {"active":false,"id":"denied: inactive user","roles":[]}, "", "", "" -> "denied: no roles"
- {"active":false,"id":"","roles":[]}, "denied: inactive user", "", "" -> "denied: no roles"
- {"active":false,"id":"","roles":[]}, "", "denied: inactive user", "" -> "denied: no roles"
- {"active":false,"id":"","roles":[]}, "", "", "denied: inactive user" -> "denied: no roles"
- {"active":false,"id":"denied: invalid resource","roles":[]}, "", "", "" -> "denied: no roles"
- {"active":false,"id":"","roles":[]}, "denied: invalid resource", "", "" -> "denied: no roles"
- {"active":false,"id":"","roles":[]}, "", "denied: invalid resource", "" -> "denied: no roles"
- {"active":false,"id":"","roles":[]}, "", "", "denied: invalid resource" -> "denied: no roles"
- {"active":false,"id":"includes","roles":[]}, "", "", "" -> "denied: no roles"
- {"active":false,"id":"","roles":[]}, "includes", "", "" -> "denied: no roles"
- {"active":false,"id":"","roles":[]}, "", "includes", "" -> "denied: no roles"
- {"active":false,"id":"","roles":[]}, "", "", "includes" -> "denied: no roles"
- {"active":false,"id":"denied: invalid action","roles":[]}, "", "", "" -> "denied: no roles"
- {"active":false,"id":"","roles":[]}, "denied: invalid action", "", "" -> "denied: no roles"
- {"active":false,"id":"","roles":[]}, "", "denied: invalid action", "" -> "denied: no roles"
- {"active":false,"id":"","roles":[]}, "", "", "denied: invalid action" -> "denied: no roles"
- {"active":false,"id":"superadmin","roles":[]}, "", "", "" -> "denied: no roles"
- {"active":false,"id":"","roles":[]}, "superadmin", "", "" -> "denied: no roles"
- {"active":false,"id":"","roles":[]}, "", "superadmin", "" -> "denied: no roles"
- {"active":false,"id":"","roles":[]}, "", "", "superadmin" -> "denied: no roles"
- {"active":false,"id":"granted: superadmin","roles":[]}, "", "", "" -> "denied: no roles"
- {"active":false,"id":"","roles":[]}, "granted: superadmin", "", "" -> "denied: no roles"
- {"active":false,"id":"","roles":[]}, "", "granted: superadmin", "" -> "denied: no roles"
- {"active":false,"id":"","roles":[]}, "", "", "granted: superadmin" -> "denied: no roles"
- {"active":false,"id":"id","roles":[]}, "", "", "" -> "denied: no roles"
- {"active":false,"id":"","roles":[]}, "id", "", "" -> "denied: no roles"
- {"active":false,"id":"","roles":[]}, "", "id", "" -> "denied: no roles"
- {"active":false,"id":"","roles":[]}, "", "", "id" -> "denied: no roles"
- {"active":false,"id":"read","roles":[]}, "", "", "" -> "denied: no roles"
- {"active":false,"id":"","roles":[]}, "read", "", "" -> "denied: no roles"
- {"active":false,"id":"","roles":[]}, "", "read", "" -> "denied: no roles"
- {"active":false,"id":"","roles":[]}, "", "", "read" -> "denied: no roles"
- {"active":false,"id":"granted: owner-read","roles":[]}, "", "", "" -> "denied: no roles"
- {"active":false,"id":"","roles":[]}, "granted: owner-read", "", "" -> "denied: no roles"
- {"active":false,"id":"","roles":[]}, "", "granted: owner-read", "" -> "denied: no roles"
- {"active":false,"id":"","roles":[]}, "", "", "granted: owner-read" -> "denied: no roles"
- {"active":false,"id":"write","roles":[]}, "", "", "" -> "denied: no roles"
- {"active":false,"id":"","roles":[]}, "write", "", "" -> "denied: no roles"
- {"active":false,"id":"","roles":[]}, "", "write", "" -> "denied: no roles"
- {"active":false,"id":"","roles":[]}, "", "", "write" -> "denied: no roles"
- {"active":false,"id":"granted: owner-write","roles":[]}, "", "", "" -> "denied: no roles"
- {"active":false,"id":"","roles":[]}, "granted: owner-write", "", "" -> "denied: no roles"
- {"active":false,"id":"","roles":[]}, "", "granted: owner-write", "" -> "denied: no roles"
- {"active":false,"id":"","roles":[]}, "", "", "granted: owner-write" -> "denied: no roles"
- {"active":false,"id":"delete","roles":[]}, "", "", "" -> "denied: no roles"
- {"active":false,"id":"","roles":[]}, "delete", "", "" -> "denied: no roles"
- {"active":false,"id":"","roles":[]}, "", "delete", "" -> "denied: no roles"
- {"active":false,"id":"","roles":[]}, "", "", "delete" -> "denied: no roles"
- {"active":false,"id":"granted: owner-delete","roles":[]}, "", "", "" -> "denied: no roles"
- {"active":false,"id":"","roles":[]}, "granted: owner-delete", "", "" -> "denied: no roles"
- {"active":false,"id":"","roles":[]}, "", "granted: owner-delete", "" -> "denied: no roles"
- {"active":false,"id":"","roles":[]}, "", "", "granted: owner-delete" -> "denied: no roles"
- {"active":false,"id":"admin","roles":[]}, "", "", "" -> "denied: no roles"
- {"active":false,"id":"","roles":[]}, "admin", "", "" -> "denied: no roles"
- {"active":false,"id":"","roles":[]}, "", "admin", "" -> "denied: no roles"
- {"active":false,"id":"","roles":[]}, "", "", "admin" -> "denied: no roles"
- {"active":false,"id":"granted: admin-read","roles":[]}, "", "", "" -> "denied: no roles"
- {"active":false,"id":"","roles":[]}, "granted: admin-read", "", "" -> "denied: no roles"
- {"active":false,"id":"","roles":[]}, "", "granted: admin-read", "" -> "denied: no roles"
- {"active":false,"id":"","roles":[]}, "", "", "granted: admin-read" -> "denied: no roles"
- {"active":false,"id":"granted: admin-write","roles":[]}, "", "", "" -> "denied: no roles"
- {"active":false,"id":"","roles":[]}, "granted: admin-write", "", "" -> "denied: no roles"
- {"active":false,"id":"","roles":[]}, "", "granted: admin-write", "" -> "denied: no roles"
- {"active":false,"id":"","roles":[]}, "", "", "granted: admin-write" -> "denied: no roles"
- {"active":false,"id":"denied: admin-no-delete","roles":[]}, "", "", "" -> "denied: no roles"
- {"active":false,"id":"","roles":[]}, "denied: admin-no-delete", "", "" -> "denied: no roles"
- {"active":false,"id":"","roles":[]}, "", "denied: admin-no-delete", "" -> "denied: no roles"
- {"active":false,"id":"","roles":[]}, "", "", "denied: admin-no-delete" -> "denied: no roles"
- {"active":false,"id":"viewer","roles":[]}, "", "", "" -> "denied: no roles"
- {"active":false,"id":"","roles":[]}, "viewer", "", "" -> "denied: no roles"
- {"active":false,"id":"","roles":[]}, "", "viewer", "" -> "denied: no roles"
- {"active":false,"id":"","roles":[]}, "", "", "viewer" -> "denied: no roles"
- {"active":false,"id":"granted: viewer","roles":[]}, "", "", "" -> "denied: no roles"
- {"active":false,"id":"","roles":[]}, "granted: viewer", "", "" -> "denied: no roles"
- {"active":false,"id":"","roles":[]}, "", "granted: viewer", "" -> "denied: no roles"
- {"active":false,"id":"","roles":[]}, "", "", "granted: viewer" -> "denied: no roles"
- {"active":false,"id":"denied: viewer-readonly","roles":[]}, "", "", "" -> "denied: no roles"
- {"active":false,"id":"","roles":[]}, "denied: viewer-readonly", "", "" -> "denied: no roles"
- {"active":false,"id":"","roles":[]}, "", "denied: viewer-readonly", "" -> "denied: no roles"
- {"active":false,"id":"","roles":[]}, "", "", "denied: viewer-readonly" -> "denied: no roles"
- {"active":false,"id":"denied: no matching role","roles":[]}, "", "", "" -> "denied: no roles"
- {"active":false,"id":"","roles":[]}, "denied: no matching role", "", "" -> "denied: no roles"
- {"active":false,"id":"","roles":[]}, "", "denied: no matching role", "" -> "denied: no roles"

### `validateJwt`

- "", "", "", "", 0.0 -> "invalid: empty token"
- "length", "", "", "", 0.0 -> "invalid: malformed token"
- "", "length", "", "", 0.0 -> "invalid: empty token"
- "", "", "length", "", 0.0 -> "invalid: empty token"
- "", "", "", "length", 0.0 -> "invalid: empty token"
- "invalid: empty token", "", "", "", 0.0 -> "invalid: malformed token"
- "", "invalid: empty token", "", "", 0.0 -> "invalid: empty token"
- "", "", "invalid: empty token", "", 0.0 -> "invalid: empty token"
- "", "", "", "invalid: empty token", 0.0 -> "invalid: empty token"
- "split", "", "", "", 0.0 -> "invalid: malformed token"
- "", "split", "", "", 0.0 -> "invalid: empty token"
- "", "", "split", "", 0.0 -> "invalid: empty token"
- "", "", "", "split", 0.0 -> "invalid: empty token"
- ".", "", "", "", 0.0 -> "invalid: malformed token"
- "", ".", "", "", 0.0 -> "invalid: empty token"
- "", "", ".", "", 0.0 -> "invalid: empty token"
- "", "", "", ".", 0.0 -> "invalid: empty token"
- "", "", "", "", 3.0 -> "invalid: empty token"
- "invalid: malformed token", "", "", "", 0.0 -> "invalid: malformed token"
- "", "invalid: malformed token", "", "", 0.0 -> "invalid: empty token"
- "", "", "invalid: malformed token", "", 0.0 -> "invalid: empty token"
- "", "", "", "invalid: malformed token", 0.0 -> "invalid: empty token"
- "parse", "", "", "", 0.0 -> "invalid: malformed token"
- "", "parse", "", "", 0.0 -> "invalid: empty token"
- "", "", "parse", "", 0.0 -> "invalid: empty token"
- "", "", "", "parse", 0.0 -> "invalid: empty token"
- "toString", "", "", "", 0.0 -> "invalid: malformed token"
- "", "toString", "", "", 0.0 -> "invalid: empty token"
- "", "", "toString", "", 0.0 -> "invalid: empty token"
- "", "", "", "toString", 0.0 -> "invalid: empty token"
- "from", "", "", "", 0.0 -> "invalid: malformed token"
- "", "from", "", "", 0.0 -> "invalid: empty token"
- "", "", "from", "", 0.0 -> "invalid: empty token"
- "", "", "", "from", 0.0 -> "invalid: empty token"
- "base64", "", "", "", 0.0 -> "invalid: malformed token"
- "", "base64", "", "", 0.0 -> "invalid: empty token"
- "", "", "base64", "", 0.0 -> "invalid: empty token"
- "", "", "", "base64", 0.0 -> "invalid: empty token"
- "invalid: corrupt header", "", "", "", 0.0 -> "invalid: malformed token"
- "", "invalid: corrupt header", "", "", 0.0 -> "invalid: empty token"
- "", "", "invalid: corrupt header", "", 0.0 -> "invalid: empty token"
- "", "", "", "invalid: corrupt header", 0.0 -> "invalid: empty token"
- "alg", "", "", "", 0.0 -> "invalid: malformed token"
- "", "alg", "", "", 0.0 -> "invalid: empty token"
- "", "", "alg", "", 0.0 -> "invalid: empty token"
- "", "", "", "alg", 0.0 -> "invalid: empty token"
- "HS256", "", "", "", 0.0 -> "invalid: malformed token"
- "", "HS256", "", "", 0.0 -> "invalid: empty token"
- "", "", "HS256", "", 0.0 -> "invalid: empty token"
- "", "", "", "HS256", 0.0 -> "invalid: empty token"
- "invalid: unsupported algorithm", "", "", "", 0.0 -> "invalid: malformed token"
- "", "invalid: unsupported algorithm", "", "", 0.0 -> "invalid: empty token"
- "", "", "invalid: unsupported algorithm", "", 0.0 -> "invalid: empty token"
- "", "", "", "invalid: unsupported algorithm", 0.0 -> "invalid: empty token"
- "", "", "", "", 1.0 -> "invalid: empty token"
- "invalid: corrupt payload", "", "", "", 0.0 -> "invalid: malformed token"
- "", "invalid: corrupt payload", "", "", 0.0 -> "invalid: empty token"
- "", "", "invalid: corrupt payload", "", 0.0 -> "invalid: empty token"
- "", "", "", "invalid: corrupt payload", 0.0 -> "invalid: empty token"
- "exp", "", "", "", 0.0 -> "invalid: malformed token"
- "", "exp", "", "", 0.0 -> "invalid: empty token"
- "", "", "exp", "", 0.0 -> "invalid: empty token"
- "", "", "", "exp", 0.0 -> "invalid: empty token"
- "number", "", "", "", 0.0 -> "invalid: malformed token"
- "", "number", "", "", 0.0 -> "invalid: empty token"
- "", "", "number", "", 0.0 -> "invalid: empty token"
- "", "", "", "number", 0.0 -> "invalid: empty token"
- "invalid: token expired", "", "", "", 0.0 -> "invalid: malformed token"
- "", "invalid: token expired", "", "", 0.0 -> "invalid: empty token"
- "", "", "invalid: token expired", "", 0.0 -> "invalid: empty token"
- "", "", "", "invalid: token expired", 0.0 -> "invalid: empty token"
- "iss", "", "", "", 0.0 -> "invalid: malformed token"
- "", "iss", "", "", 0.0 -> "invalid: empty token"
- "", "", "iss", "", 0.0 -> "invalid: empty token"
- "", "", "", "iss", 0.0 -> "invalid: empty token"
- "invalid: wrong issuer", "", "", "", 0.0 -> "invalid: malformed token"
- "", "invalid: wrong issuer", "", "", 0.0 -> "invalid: empty token"
- "", "", "invalid: wrong issuer", "", 0.0 -> "invalid: empty token"
- "", "", "", "invalid: wrong issuer", 0.0 -> "invalid: empty token"
- "isArray", "", "", "", 0.0 -> "invalid: malformed token"
- "", "isArray", "", "", 0.0 -> "invalid: empty token"
- "", "", "isArray", "", 0.0 -> "invalid: empty token"
- "", "", "", "isArray", 0.0 -> "invalid: empty token"
- "aud", "", "", "", 0.0 -> "invalid: malformed token"
- "", "aud", "", "", 0.0 -> "invalid: empty token"
- "", "", "aud", "", 0.0 -> "invalid: empty token"
- "", "", "", "aud", 0.0 -> "invalid: empty token"
- "includes", "", "", "", 0.0 -> "invalid: malformed token"
- "", "includes", "", "", 0.0 -> "invalid: empty token"
- "", "", "includes", "", 0.0 -> "invalid: empty token"
- "", "", "", "includes", 0.0 -> "invalid: empty token"
- "invalid: wrong audience", "", "", "", 0.0 -> "invalid: malformed token"
- "", "invalid: wrong audience", "", "", 0.0 -> "invalid: empty token"
- "", "", "invalid: wrong audience", "", 0.0 -> "invalid: empty token"
- "", "", "", "invalid: wrong audience", 0.0 -> "invalid: empty token"
- "scope", "", "", "", 0.0 -> "invalid: malformed token"
- "", "scope", "", "", 0.0 -> "invalid: empty token"
- "", "", "scope", "", 0.0 -> "invalid: empty token"
- "", "", "", "scope", 0.0 -> "invalid: empty token"

### `checkRateLimit`

- {"lastRefillMs":0,"penaltyUntilMs":1,"tokens":0.0}, 1, 1, 0, "" -> {"allowed":false,"newState":{"lastRefillMs":0,"penaltyUnt...
- null, 257.1608371832941, 1.0, 1.0, "test" -> {"allowed":false,"newState":{"lastRefillMs":1,"penaltyUnt...
- null, 0.6628447319309285, 1.0, 1.0, "test" -> {"allowed":false,"newState":{"lastRefillMs":1,"penaltyUnt...
- null, -2.5634295888110716, 1.0, 1.0, "test" -> **error:** Error: invalid capacity
- null, -0.4361838895307913, 1.0, 1.0, "test" -> **error:** Error: invalid capacity
- null, -2.3954718923159666, 1.0, 1.0, "test" -> **error:** Error: invalid capacity
- null, 1.0, -16.83514872233453, 1.0, "test" -> **error:** Error: invalid refill rate
- null, 1.0, 3.4129102362385457, 1.0, "test" -> {"allowed":false,"newState":{"lastRefillMs":1,"penaltyUnt...
- null, 1.0, 1.8243293190262597, 1.0, "test" -> {"allowed":false,"newState":{"lastRefillMs":1,"penaltyUnt...
- null, 1.0, 7.39250626321713, 1.0, "test" -> {"allowed":false,"newState":{"lastRefillMs":1,"penaltyUnt...
- null, 1.0, 0.6674860166936729, 1.0, "test" -> {"allowed":false,"newState":{"lastRefillMs":1,"penaltyUnt...
- null, 1.0, 1.0, 42.51865748005371, "test" -> {"allowed":false,"newState":{"lastRefillMs":42.5186574800...
- null, 1.0, 1.0, -16.827444478575757, "test" -> **error:** Error: clock skew detected
- null, 1.0, 1.0, 7.285744248836494, "test" -> {"allowed":false,"newState":{"lastRefillMs":7.28574424883...
- null, 1.0, 1.0, 257.41342645849545, "test" -> {"allowed":false,"newState":{"lastRefillMs":257.413426458...
- null, 1.0, 1.0, 3.2585028482148317, "test" -> {"allowed":false,"newState":{"lastRefillMs":3.25850284821...
- {"lastRefillMs":0.0,"penaltyUntilMs":0.0,"tokens":0.0}, 0.0, 0.0, 0.0, "" -> **error:** Error: invalid capacity
- {"lastRefillMs":0.0,"penaltyUntilMs":0.0,"tokens":0.0}, 1, 0.0, 0.0, "" -> **error:** Error: invalid refill rate
- {"lastRefillMs":0.0,"penaltyUntilMs":0.0,"tokens":0.0}, 0.0, 0.0, 0.0, "invalid capacity" -> **error:** Error: invalid capacity
- {"lastRefillMs":0.0,"penaltyUntilMs":0.0,"tokens":0.0}, 0.0, 0.0, 0.0, "invalid refill rate" -> **error:** Error: invalid capacity
- {"lastRefillMs":0.0,"penaltyUntilMs":0.0,"tokens":0.0}, 0.0, 0.0, 0.0, "lastRefillMs" -> **error:** Error: invalid capacity
- {"lastRefillMs":0.0,"penaltyUntilMs":0.0,"tokens":0.0}, 0.0, 0.0, 0.0, "clock skew detected" -> **error:** Error: invalid capacity
- {"lastRefillMs":0.0,"penaltyUntilMs":0.0,"tokens":0.0}, 0.0, 0.0, 0.0, "penaltyUntilMs" -> **error:** Error: invalid capacity
- {"lastRefillMs":0.0,"penaltyUntilMs":0.0,"tokens":0.0}, 0.0, 0.0, 0.0, "denied: penalty active" -> **error:** Error: invalid capacity
- {"lastRefillMs":0.0,"penaltyUntilMs":0.0,"tokens":0.0}, 1000.0, 0.0, 0.0, "" -> **error:** Error: invalid refill rate
- {"lastRefillMs":0.0,"penaltyUntilMs":0.0,"tokens":0.0}, 0.0, 1000.0, 0.0, "" -> **error:** Error: invalid capacity
- {"lastRefillMs":0.0,"penaltyUntilMs":0.0,"tokens":0.0}, 0.0, 0.0, 1000.0, "" -> **error:** Error: invalid capacity
- {"lastRefillMs":0.0,"penaltyUntilMs":0.0,"tokens":0.0}, 0.0, 0.0, 0.0, "min" -> **error:** Error: invalid capacity
- {"lastRefillMs":0.0,"penaltyUntilMs":0.0,"tokens":0.0}, 0.0, 0.0, 0.0, "tokens" -> **error:** Error: invalid capacity
- {"lastRefillMs":0.0,"penaltyUntilMs":0.0,"tokens":0.0}, 0.0, 0.0, 0.0, "denied: unknown priority" -> **error:** Error: invalid capacity
- {"lastRefillMs":0.0,"penaltyUntilMs":0.0,"tokens":0.0}, 0.0, 0.0, 0.0, "denied: insufficient tokens" -> **error:** Error: invalid capacity
- {"lastRefillMs":0.0,"penaltyUntilMs":0.0,"tokens":0.0}, 1.0, 0.0, 0.0, "" -> **error:** Error: invalid refill rate
- {"lastRefillMs":0.0,"penaltyUntilMs":0.0,"tokens":0.0}, 0.0, 1.0, 0.0, "" -> **error:** Error: invalid capacity
- {"lastRefillMs":0.0,"penaltyUntilMs":0.0,"tokens":0.0}, 0.0, 0.0, 1.0, "" -> **error:** Error: invalid capacity
- {"lastRefillMs":0.0,"penaltyUntilMs":0.0,"tokens":0.0}, 2.0, 0.0, 0.0, "" -> **error:** Error: invalid refill rate
- {"lastRefillMs":0.0,"penaltyUntilMs":0.0,"tokens":0.0}, 0.0, 2.0, 0.0, "" -> **error:** Error: invalid capacity
- {"lastRefillMs":0.0,"penaltyUntilMs":0.0,"tokens":0.0}, 0.0, 0.0, 2.0, "" -> **error:** Error: invalid capacity
- {"lastRefillMs":0.0,"penaltyUntilMs":0.0,"tokens":0.0}, 5.0, 0.0, 0.0, "" -> **error:** Error: invalid refill rate
- {"lastRefillMs":0.0,"penaltyUntilMs":0.0,"tokens":0.0}, 0.0, 5.0, 0.0, "" -> **error:** Error: invalid capacity
- {"lastRefillMs":0.0,"penaltyUntilMs":0.0,"tokens":0.0}, 0.0, 0.0, 5.0, "" -> **error:** Error: invalid capacity
- {"lastRefillMs":0.0,"penaltyUntilMs":0.0,"tokens":0.0}, 10.0, 0.0, 0.0, "" -> **error:** Error: invalid refill rate
- {"lastRefillMs":0.0,"penaltyUntilMs":0.0,"tokens":0.0}, 0.0, 10.0, 0.0, "" -> **error:** Error: invalid capacity
- {"lastRefillMs":0.0,"penaltyUntilMs":0.0,"tokens":0.0}, 0.0, 0.0, 10.0, "" -> **error:** Error: invalid capacity
- {"lastRefillMs":0.0,"penaltyUntilMs":0.0,"tokens":0.0}, 0, 0.0, 0.0, "" -> **error:** Error: invalid capacity
- {"lastRefillMs":0.0,"penaltyUntilMs":0.0,"tokens":0.0}, 1, 1, 0.0, "" -> {"allowed":false,"newState":{"lastRefillMs":0,"penaltyUnt...
- {"lastRefillMs":0.0,"penaltyUntilMs":0.0,"tokens":0.0}, 1, 0.0, 0.0, "invalid capacity" -> **error:** Error: invalid refill rate
- {"lastRefillMs":0.0,"penaltyUntilMs":0.0,"tokens":0.0}, 1, 0.0, 0.0, "invalid refill rate" -> **error:** Error: invalid refill rate
- {"lastRefillMs":0.0,"penaltyUntilMs":0.0,"tokens":0.0}, 1, 0.0, 0.0, "lastRefillMs" -> **error:** Error: invalid refill rate
- {"lastRefillMs":0.0,"penaltyUntilMs":0.0,"tokens":0.0}, 1, 0.0, 0.0, "clock skew detected" -> **error:** Error: invalid refill rate
- {"lastRefillMs":0.0,"penaltyUntilMs":0.0,"tokens":0.0}, 1, 0.0, 0.0, "penaltyUntilMs" -> **error:** Error: invalid refill rate
- {"lastRefillMs":0.0,"penaltyUntilMs":0.0,"tokens":0.0}, 1, 0.0, 0.0, "denied: penalty active" -> **error:** Error: invalid refill rate
- {"lastRefillMs":0.0,"penaltyUntilMs":0.0,"tokens":0.0}, 1, 1000.0, 0.0, "" -> {"allowed":false,"newState":{"lastRefillMs":0,"penaltyUnt...
- {"lastRefillMs":0.0,"penaltyUntilMs":0.0,"tokens":0.0}, 1, 0.0, 1000.0, "" -> **error:** Error: invalid refill rate
- {"lastRefillMs":0.0,"penaltyUntilMs":0.0,"tokens":0.0}, 1, 0.0, 0.0, "min" -> **error:** Error: invalid refill rate
- {"lastRefillMs":0.0,"penaltyUntilMs":0.0,"tokens":0.0}, 1, 0.0, 0.0, "tokens" -> **error:** Error: invalid refill rate
- {"lastRefillMs":0.0,"penaltyUntilMs":0.0,"tokens":0.0}, 1, 0.0, 0.0, "denied: unknown priority" -> **error:** Error: invalid refill rate
- {"lastRefillMs":0.0,"penaltyUntilMs":0.0,"tokens":0.0}, 1, 0.0, 0.0, "denied: insufficient tokens" -> **error:** Error: invalid refill rate
- {"lastRefillMs":0.0,"penaltyUntilMs":0.0,"tokens":0.0}, 1, 1.0, 0.0, "" -> {"allowed":false,"newState":{"lastRefillMs":0,"penaltyUnt...
- {"lastRefillMs":0.0,"penaltyUntilMs":0.0,"tokens":0.0}, 1, 0.0, 1.0, "" -> **error:** Error: invalid refill rate
- {"lastRefillMs":0.0,"penaltyUntilMs":0.0,"tokens":0.0}, 1, 2.0, 0.0, "" -> {"allowed":false,"newState":{"lastRefillMs":0,"penaltyUnt...
- {"lastRefillMs":0.0,"penaltyUntilMs":0.0,"tokens":0.0}, 1, 0.0, 2.0, "" -> **error:** Error: invalid refill rate
- {"lastRefillMs":0.0,"penaltyUntilMs":0.0,"tokens":0.0}, 1, 5.0, 0.0, "" -> {"allowed":false,"newState":{"lastRefillMs":0,"penaltyUnt...
- {"lastRefillMs":0.0,"penaltyUntilMs":0.0,"tokens":0.0}, 1, 0.0, 5.0, "" -> **error:** Error: invalid refill rate
- {"lastRefillMs":0.0,"penaltyUntilMs":0.0,"tokens":0.0}, 1, 10.0, 0.0, "" -> {"allowed":false,"newState":{"lastRefillMs":0,"penaltyUnt...
- {"lastRefillMs":0.0,"penaltyUntilMs":0.0,"tokens":0.0}, 1, 0.0, 10.0, "" -> **error:** Error: invalid refill rate
- {"lastRefillMs":0.0,"penaltyUntilMs":0.0,"tokens":0.0}, 0, 1, 0.0, "" -> **error:** Error: invalid capacity
- {"lastRefillMs":0.0,"penaltyUntilMs":0.0,"tokens":0.0}, 1, 0, 0.0, "" -> **error:** Error: invalid refill rate
- {"lastRefillMs":1,"penaltyUntilMs":0.0,"tokens":0.0}, 1, 1, 0, "" -> **error:** Error: clock skew detected
- {"lastRefillMs":0.0,"penaltyUntilMs":0.0,"tokens":0.0}, 0, 0.0, 0.0, "invalid capacity" -> **error:** Error: invalid capacity
- {"lastRefillMs":0.0,"penaltyUntilMs":0.0,"tokens":0.0}, 1, 1, 0.0, "invalid capacity" -> {"allowed":false,"newState":{"lastRefillMs":0,"penaltyUnt...
- {"lastRefillMs":0.0,"penaltyUntilMs":0.0,"tokens":0.0}, 0, 0.0, 0.0, "invalid refill rate" -> **error:** Error: invalid capacity
- {"lastRefillMs":0.0,"penaltyUntilMs":0.0,"tokens":0.0}, 1, 1, 0.0, "invalid refill rate" -> {"allowed":false,"newState":{"lastRefillMs":0,"penaltyUnt...
- {"lastRefillMs":0.0,"penaltyUntilMs":0.0,"tokens":0.0}, 0, 0.0, 0.0, "lastRefillMs" -> **error:** Error: invalid capacity
- {"lastRefillMs":0.0,"penaltyUntilMs":0.0,"tokens":0.0}, 1, 1, 0.0, "lastRefillMs" -> {"allowed":false,"newState":{"lastRefillMs":0,"penaltyUnt...
- {"lastRefillMs":0.0,"penaltyUntilMs":0.0,"tokens":0.0}, 0, 0.0, 0.0, "clock skew detected" -> **error:** Error: invalid capacity
- {"lastRefillMs":0.0,"penaltyUntilMs":0.0,"tokens":0.0}, 1, 1, 0.0, "clock skew detected" -> {"allowed":false,"newState":{"lastRefillMs":0,"penaltyUnt...
- {"lastRefillMs":0.0,"penaltyUntilMs":0.0,"tokens":0.0}, 0, 0.0, 0.0, "penaltyUntilMs" -> **error:** Error: invalid capacity
- {"lastRefillMs":0.0,"penaltyUntilMs":0.0,"tokens":0.0}, 1, 1, 0.0, "penaltyUntilMs" -> {"allowed":false,"newState":{"lastRefillMs":0,"penaltyUnt...
- {"lastRefillMs":0.0,"penaltyUntilMs":0.0,"tokens":0.0}, 0, 0.0, 0.0, "denied: penalty active" -> **error:** Error: invalid capacity
- {"lastRefillMs":0.0,"penaltyUntilMs":0.0,"tokens":0.0}, 1, 1, 0.0, "denied: penalty active" -> {"allowed":false,"newState":{"lastRefillMs":0,"penaltyUnt...
- {"lastRefillMs":0.0,"penaltyUntilMs":0.0,"tokens":0.0}, 0, 1000.0, 0.0, "" -> **error:** Error: invalid capacity
- {"lastRefillMs":0.0,"penaltyUntilMs":0.0,"tokens":0.0}, 0, 0.0, 1000.0, "" -> **error:** Error: invalid capacity
- {"lastRefillMs":0.0,"penaltyUntilMs":0.0,"tokens":0.0}, 1, 1, 1000.0, "" -> {"allowed":false,"newState":{"lastRefillMs":1000,"penalty...
- {"lastRefillMs":0.0,"penaltyUntilMs":0.0,"tokens":0.0}, 0, 0.0, 0.0, "min" -> **error:** Error: invalid capacity
- {"lastRefillMs":0.0,"penaltyUntilMs":0.0,"tokens":0.0}, 1, 1, 0.0, "min" -> {"allowed":false,"newState":{"lastRefillMs":0,"penaltyUnt...
- {"lastRefillMs":0.0,"penaltyUntilMs":0.0,"tokens":0.0}, 0, 0.0, 0.0, "tokens" -> **error:** Error: invalid capacity
- {"lastRefillMs":0.0,"penaltyUntilMs":0.0,"tokens":0.0}, 1, 1, 0.0, "tokens" -> {"allowed":false,"newState":{"lastRefillMs":0,"penaltyUnt...
- {"lastRefillMs":0.0,"penaltyUntilMs":0.0,"tokens":0.0}, 0, 0.0, 0.0, "denied: unknown priority" -> **error:** Error: invalid capacity

### `matchRoute`

- [], "length", "" -> {"message":"empty path","status":"error"}
- [], "", "length" -> {"message":"path must start with /","status":"error"}
- [], "", "/" -> {"message":"empty method","status":"error"}
- [], "error", "" -> {"message":"empty path","status":"error"}
- [], "", "error" -> {"message":"path must start with /","status":"error"}
- [], "empty path", "" -> {"message":"empty path","status":"error"}
- [], "", "empty path" -> {"message":"path must start with /","status":"error"}
- [], "startsWith", "" -> {"message":"empty path","status":"error"}
- [], "", "startsWith" -> {"message":"path must start with /","status":"error"}
- [], "/", "" -> {"message":"empty path","status":"error"}
- [], "path must start with /", "" -> {"message":"empty path","status":"error"}
- [], "", "path must start with /" -> {"message":"path must start with /","status":"error"}
- [], "empty method", "" -> {"message":"empty path","status":"error"}
- [], "", "empty method" -> {"message":"path must start with /","status":"error"}
- [], "not-found", "" -> {"message":"empty path","status":"error"}
- [], "", "not-found" -> {"message":"path must start with /","status":"error"}
- [], "endsWith", "" -> {"message":"empty path","status":"error"}
- [], "", "endsWith" -> {"message":"path must start with /","status":"error"}
- [], "slice", "" -> {"message":"empty path","status":"error"}
- [], "", "slice" -> {"message":"path must start with /","status":"error"}
- [], "filter", "" -> {"message":"empty path","status":"error"}
- [], "", "filter" -> {"message":"path must start with /","status":"error"}
- [], "split", "" -> {"message":"empty path","status":"error"}
- [], "", "split" -> {"message":"path must start with /","status":"error"}
- [], "toUpperCase", "" -> {"message":"empty path","status":"error"}
- [], "", "toUpperCase" -> {"message":"path must start with /","status":"error"}
- [], "pattern", "" -> {"message":"empty path","status":"error"}
- [], "", "pattern" -> {"message":"path must start with /","status":"error"}
- [], "*", "" -> {"message":"empty path","status":"error"}
- [], "", "*" -> {"message":"path must start with /","status":"error"}
- [], ":", "" -> {"message":"empty path","status":"error"}
- [], "", ":" -> {"message":"path must start with /","status":"error"}
- [], "method", "" -> {"message":"empty path","status":"error"}
- [], "", "method" -> {"message":"path must start with /","status":"error"}
- [], "wildcard", "" -> {"message":"empty path","status":"error"}
- [], "", "wildcard" -> {"message":"path must start with /","status":"error"}
- [], "join", "" -> {"message":"empty path","status":"error"}
- [], "", "join" -> {"message":"path must start with /","status":"error"}
- [], "matched", "" -> {"message":"empty path","status":"error"}
- [], "", "matched" -> {"message":"path must start with /","status":"error"}
- [], "handler", "" -> {"message":"empty path","status":"error"}
- [], "", "handler" -> {"message":"path must start with /","status":"error"}
- [], "method-not-allowed", "" -> {"message":"empty path","status":"error"}
- [], "", "method-not-allowed" -> {"message":"path must start with /","status":"error"}
- [], "", "" -> {"message":"empty path","status":"error"}
- [], "", "A" -> {"message":"path must start with /","status":"error"}

### `resolveMiddleware`

- {"allowedOrigins":[],"contentType":"logging","corsOrigin"..., null -> {"middleware":["logging","error-handler"],"status":"ok"}
- {"allowedOrigins":[],"contentType":"logging","corsOrigin"..., null -> {"middleware":[],"reason":"missing auth","status":"reject...
- {"allowedOrigins":[],"contentType":"","corsOrigin":"loggi..., null -> {"middleware":[],"reason":"origin not allowed","status":"...
- {"allowedOrigins":[],"contentType":"application/json","co..., null -> {"middleware":["logging","error-handler","json-parser"],"...
- {"allowedOrigins":[],"contentType":"multipart/form-data",..., null -> {"middleware":["logging","error-handler","multipart-parse...
- {"allowedOrigins":[],"contentType":"application/json","co..., null -> {"middleware":[],"reason":"origin not allowed","status":"...
- {"allowedOrigins":[],"contentType":"multipart/form-data",..., null -> {"middleware":[],"reason":"origin not allowed","status":"...
- {"allowedOrigins":"","contentType":"","corsOrigin":"","re..., null -> {"middleware":["logging","error-handler","cors"],"status"...
- {"allowedOrigins":[],"contentType":"error-handler","corsO..., null -> {"middleware":["logging","error-handler"],"status":"ok"}
- {"allowedOrigins":[],"contentType":"","corsOrigin":"error..., null -> {"middleware":[],"reason":"origin not allowed","status":"...
- {"allowedOrigins":[],"contentType":"requiresAuth","corsOr..., null -> {"middleware":["logging","error-handler"],"status":"ok"}
- {"allowedOrigins":[],"contentType":"","corsOrigin":"requi..., null -> {"middleware":[],"reason":"origin not allowed","status":"...
- {"allowedOrigins":[],"contentType":"rejected","corsOrigin..., null -> {"middleware":["logging","error-handler"],"status":"ok"}
- {"allowedOrigins":[],"contentType":"","corsOrigin":"rejec..., null -> {"middleware":[],"reason":"origin not allowed","status":"...
- {"allowedOrigins":[],"contentType":"missing auth","corsOr..., null -> {"middleware":["logging","error-handler"],"status":"ok"}
- {"allowedOrigins":[],"contentType":"","corsOrigin":"missi..., null -> {"middleware":[],"reason":"origin not allowed","status":"...
- {"allowedOrigins":[],"contentType":"startsWith","corsOrig..., null -> {"middleware":["logging","error-handler"],"status":"ok"}
- {"allowedOrigins":[],"contentType":"","corsOrigin":"start..., null -> {"middleware":[],"reason":"origin not allowed","status":"...
- {"allowedOrigins":[],"contentType":"Bearer ","corsOrigin"..., null -> {"middleware":["logging","error-handler"],"status":"ok"}
- {"allowedOrigins":[],"contentType":"","corsOrigin":"Beare..., null -> {"middleware":[],"reason":"origin not allowed","status":"...
- {"allowedOrigins":[],"contentType":"length","corsOrigin":..., null -> {"middleware":["logging","error-handler"],"status":"ok"}
- {"allowedOrigins":[],"contentType":"","corsOrigin":"lengt..., null -> {"middleware":[],"reason":"origin not allowed","status":"...
- {"allowedOrigins":[],"contentType":"invalid auth format",..., null -> {"middleware":["logging","error-handler"],"status":"ok"}
- {"allowedOrigins":[],"contentType":"","corsOrigin":"inval..., null -> {"middleware":[],"reason":"origin not allowed","status":"...
- {"allowedOrigins":[],"contentType":"push","corsOrigin":nu..., null -> {"middleware":["logging","error-handler"],"status":"ok"}
- {"allowedOrigins":[],"contentType":"","corsOrigin":"push"..., null -> {"middleware":[],"reason":"origin not allowed","status":"...
- {"allowedOrigins":[],"contentType":"auth","corsOrigin":nu..., null -> {"middleware":["logging","error-handler"],"status":"ok"}
- {"allowedOrigins":[],"contentType":"","corsOrigin":"auth"..., null -> {"middleware":[],"reason":"origin not allowed","status":"...
- {"allowedOrigins":[],"contentType":"contentType","corsOri..., null -> {"middleware":["logging","error-handler"],"status":"ok"}
- {"allowedOrigins":[],"contentType":"","corsOrigin":"conte..., null -> {"middleware":[],"reason":"origin not allowed","status":"...
- {"allowedOrigins":[],"contentType":"","corsOrigin":"appli..., null -> {"middleware":[],"reason":"origin not allowed","status":"...
- {"allowedOrigins":[],"contentType":"json-parser","corsOri..., null -> {"middleware":["logging","error-handler"],"status":"ok"}
- {"allowedOrigins":[],"contentType":"","corsOrigin":"json-..., null -> {"middleware":[],"reason":"origin not allowed","status":"...
- {"allowedOrigins":[],"contentType":"","corsOrigin":"multi..., null -> {"middleware":[],"reason":"origin not allowed","status":"...
- {"allowedOrigins":[],"contentType":"multipart-parser","co..., null -> {"middleware":["logging","error-handler"],"status":"ok"}
- {"allowedOrigins":[],"contentType":"","corsOrigin":"multi..., null -> {"middleware":[],"reason":"origin not allowed","status":"...
- {"allowedOrigins":[],"contentType":"corsOrigin","corsOrig..., null -> {"middleware":["logging","error-handler"],"status":"ok"}
- {"allowedOrigins":[],"contentType":"","corsOrigin":"corsO..., null -> {"middleware":[],"reason":"origin not allowed","status":"...
- {"allowedOrigins":[],"contentType":"includes","corsOrigin..., null -> {"middleware":["logging","error-handler"],"status":"ok"}
- {"allowedOrigins":[],"contentType":"","corsOrigin":"inclu..., null -> {"middleware":[],"reason":"origin not allowed","status":"...
- {"allowedOrigins":[],"contentType":"allowedOrigins","cors..., null -> {"middleware":["logging","error-handler"],"status":"ok"}
- {"allowedOrigins":[],"contentType":"","corsOrigin":"allow..., null -> {"middleware":[],"reason":"origin not allowed","status":"...
- {"allowedOrigins":[],"contentType":"cors","corsOrigin":nu..., null -> {"middleware":["logging","error-handler"],"status":"ok"}
- {"allowedOrigins":[],"contentType":"","corsOrigin":"cors"..., null -> {"middleware":[],"reason":"origin not allowed","status":"...
- {"allowedOrigins":[],"contentType":"origin not allowed","..., null -> {"middleware":["logging","error-handler"],"status":"ok"}
- {"allowedOrigins":[],"contentType":"","corsOrigin":"origi..., null -> {"middleware":[],"reason":"origin not allowed","status":"...
- {"allowedOrigins":[],"contentType":"ok","corsOrigin":null..., null -> {"middleware":["logging","error-handler"],"status":"ok"}
- {"allowedOrigins":[],"contentType":"","corsOrigin":"ok","..., null -> {"middleware":[],"reason":"origin not allowed","status":"...
- {"allowedOrigins":[],"contentType":"","corsOrigin":"","re..., null -> {"middleware":[],"reason":"origin not allowed","status":"...
- {"allowedOrigins":[],"contentType":"","corsOrigin":"loggi..., null -> {"middleware":[],"reason":"missing auth","status":"reject...
- {"allowedOrigins":[],"contentType":"error-handler","corsO..., null -> {"middleware":[],"reason":"missing auth","status":"reject...
- {"allowedOrigins":[],"contentType":"","corsOrigin":"error..., null -> {"middleware":[],"reason":"missing auth","status":"reject...
- {"allowedOrigins":[],"contentType":"application/json","co..., null -> {"middleware":[],"reason":"origin not allowed","status":"...
- {"allowedOrigins":[],"contentType":"multipart/form-data",..., null -> {"middleware":[],"reason":"origin not allowed","status":"...
- {"allowedOrigins":[],"contentType":"requiresAuth","corsOr..., null -> {"middleware":[],"reason":"missing auth","status":"reject...
- {"allowedOrigins":[],"contentType":"","corsOrigin":"requi..., null -> {"middleware":[],"reason":"missing auth","status":"reject...
- {"allowedOrigins":[],"contentType":"application/json","co..., null -> {"middleware":[],"reason":"origin not allowed","status":"...
- {"allowedOrigins":[],"contentType":"multipart/form-data",..., null -> {"middleware":[],"reason":"origin not allowed","status":"...

### `compoundAnd`

- 0.0, 0.0 -> "neither"
- 10.0, 0.0 -> "both"
- 0.0, 10.0 -> "neither"
- 0, 9 -> "neither"

### `threeWayAnd`

- 0.0, 0.0, 0.0 -> "not all positive"
- 0, 1, 1 -> "not all positive"

### `intToRoman`

- -17.167829487002948 -> **error:** Error: out of range
- 0.0 -> **error:** Error: out of range
- 4000 -> **error:** Error: out of range

### `romanToInt`

- "length" -> **error:** Error: invalid roman numeral
- "" -> 0
- "toUpperCase" -> **error:** Error: invalid roman numeral
- "invalid roman numeral" -> **error:** Error: invalid roman numeral

### `parseSemver`

- "length" -> **error:** Error: invalid semver
- "" -> **error:** Error: invalid semver
- "v" -> **error:** Error: invalid semver
- "invalid semver" -> **error:** Error: invalid semver
- "startsWith" -> **error:** Error: invalid semver
- "V" -> **error:** Error: invalid semver
- "slice" -> **error:** Error: invalid semver
- "split" -> **error:** Error: invalid semver
- "." -> **error:** Error: invalid semver
- "indexOf" -> **error:** Error: invalid semver
- "-" -> **error:** Error: invalid semver
- "VV" -> **error:** Error: invalid semver

### `satisfiesRange`

- "*", "" -> **error:** Error: invalid semver
- "", ">=" -> **error:** Error: invalid semver
- "", ">" -> **error:** Error: invalid semver
- "", "<=" -> **error:** Error: invalid semver
- "", "<" -> **error:** Error: invalid semver
- "", "^" -> **error:** Error: invalid semver
- "", "~" -> **error:** Error: invalid semver
- "", "*" -> true
- "x", "" -> **error:** Error: invalid semver
- "", "x" -> true
- "", "" -> **error:** Error: invalid semver
- "startsWith", "" -> **error:** Error: invalid semver
- "", "startsWith" -> **error:** Error: invalid semver
- ">=", "" -> **error:** Error: invalid semver
- "slice", "" -> **error:** Error: invalid semver
- "", "slice" -> **error:** Error: invalid semver
- ">", "" -> **error:** Error: invalid semver
- "<=", "" -> **error:** Error: invalid semver
- "<", "" -> **error:** Error: invalid semver
- "^", "" -> **error:** Error: invalid semver
- "~", "" -> **error:** Error: invalid semver
- "major", "" -> **error:** Error: invalid semver
- "", "major" -> **error:** Error: invalid semver
- "minor", "" -> **error:** Error: invalid semver
- "", "minor" -> **error:** Error: invalid semver
- "unknown range operator", "" -> **error:** Error: invalid semver
- "", "unknown range operator" -> **error:** Error: invalid semver
- "*", ">=" -> **error:** Error: invalid semver
- "*", ">A" -> **error:** Error: invalid semver
- "*", "<=" -> **error:** Error: invalid semver
- "*", "<A" -> **error:** Error: invalid semver
- "*", "^A" -> **error:** Error: invalid semver
- "*", "~A" -> **error:** Error: invalid semver
- "x", ">=" -> **error:** Error: invalid semver
- "x", ">A" -> **error:** Error: invalid semver
- "x", "<=" -> **error:** Error: invalid semver
- "x", "<A" -> **error:** Error: invalid semver
- "x", "^A" -> **error:** Error: invalid semver
- "x", "~A" -> **error:** Error: invalid semver
- "", ">A" -> **error:** Error: invalid semver
- "", "<A" -> **error:** Error: invalid semver
- "", "^A" -> **error:** Error: invalid semver
- "", "~A" -> **error:** Error: invalid semver
- "startsWith", ">=" -> **error:** Error: invalid semver
- "startsWith", ">A" -> **error:** Error: invalid semver
- "startsWith", "<=" -> **error:** Error: invalid semver
- "startsWith", "<A" -> **error:** Error: invalid semver
- "startsWith", "^A" -> **error:** Error: invalid semver
- "startsWith", "~A" -> **error:** Error: invalid semver
- ">=", ">=" -> **error:** Error: invalid semver
- ">=", ">A" -> **error:** Error: invalid semver
- ">=", "<=" -> **error:** Error: invalid semver
- ">=", "<A" -> **error:** Error: invalid semver
- ">=", "^A" -> **error:** Error: invalid semver
- ">=", "~A" -> **error:** Error: invalid semver
- "slice", ">=" -> **error:** Error: invalid semver
- "slice", ">A" -> **error:** Error: invalid semver
- "slice", "<=" -> **error:** Error: invalid semver
- "slice", "<A" -> **error:** Error: invalid semver
- "slice", "^A" -> **error:** Error: invalid semver
- "slice", "~A" -> **error:** Error: invalid semver
- ">", ">=" -> **error:** Error: invalid semver
- ">", ">A" -> **error:** Error: invalid semver
- ">", "<=" -> **error:** Error: invalid semver

### `validateEmail`

- "" -> {"reason":"empty","valid":false}

### `parseCron`

- "true" -> **error:** Error: expected 5 fields
- "" -> **error:** Error: empty expression
- "@" -> **error:** Error: unknown special
- "length" -> **error:** Error: expected 5 fields
- "empty expression" -> **error:** Error: expected 5 fields
- "startsWith" -> **error:** Error: expected 5 fields
- "toLowerCase" -> **error:** Error: expected 5 fields
- "unknown special" -> **error:** Error: expected 5 fields
- "split" -> **error:** Error: expected 5 fields
- "trim" -> **error:** Error: expected 5 fields
- "\\s+" -> **error:** Error: expected 5 fields
- "expected 5 fields" -> **error:** Error: expected 5 fields
- "values" -> **error:** Error: expected 5 fields
- "weekday" -> **error:** Error: expected 5 fields
- "map" -> **error:** Error: expected 5 fields
- "A" -> **error:** Error: expected 5 fields

### `classifyConfigs`

- ["length"] -> **error:** Error: ENOENT: no such file or directory, open 'length'
- {"length":1} -> **error:** TypeError: paths is not iterable
- ["no-comments"] -> **error:** Error: ENOENT: no such file or directory, open 'no-comments'
- ["utf-8"] -> **error:** Error: ENOENT: no such file or directory, open 'utf-8'
- ["startsWith"] -> **error:** Error: ENOENT: no such file or directory, open 'startsWith'
- ["#"] -> **error:** Error: ENOENT: no such file or directory, open '#'
- ["all-comments"] -> **error:** Error: ENOENT: no such file or directory, open 'all-comments'
- ["mixed"] -> **error:** Error: ENOENT: no such file or directory, open 'mixed'

### `classifyStatus`

- "trim" -> **error:** Error: ENOENT: no such file or directory, open 'trim'
- "utf-8" -> **error:** Error: ENOENT: no such file or directory, open 'utf-8'
- "length" -> **error:** Error: ENOENT: no such file or directory, open 'length'
- "empty" -> **error:** Error: ENOENT: no such file or directory, open 'empty'
- "short" -> **error:** Error: ENOENT: no such file or directory, open 'short'
- "medium" -> **error:** Error: ENOENT: no such file or directory, open 'medium'
- "long" -> **error:** Error: ENOENT: no such file or directory, open 'long'
- "http" -> **error:** Error: ENOENT: no such file or directory, open 'http'
- "" -> **error:** Error: ENOENT: no such file or directory, open ''
- "/tmp/data/report.csv" -> **error:** Error: ENOENT: no such file or directory, open '/tmp/data/report.csv'
- "@" -> **error:** Error: ENOENT: no such file or directory, open '@'
- " " -> **error:** Error: ENOENT: no such file or directory, open ' '
- "text/" -> **error:** Error: ENOENT: no such file or directory, open 'text/'
- "application/json" -> **error:** Error: ENOENT: no such file or directory, open 'application/json'
- "A" -> **error:** Error: ENOENT: no such file or directory, open 'A'
- "a" -> **error:** Error: ENOENT: no such file or directory, open 'a'
- "ab" -> **error:** Error: ENOENT: no such file or directory, open 'ab'
- "single-char" -> **error:** Error: ENOENT: no such file or directory, open 'single-char'
- "aaaaaaaaaaaaaaaaaaaaaaaaaaaaaaaaaaaaaaaaaaaaaaaaaaaaaaaa... -> **error:** Error: ENAMETOOLONG: name too long, open 'aaaaaaaaaaaaaaaaaaaaaaaaaaaaaaaaaaaaaaaaaaaaaaaaaaaaaaaaaaaaaaaaaaaaaaaaaaaaaaaaaaaaaaaaaaaaaaaaaaaaaaaaaaaaaaaaaaaaaaaaaaaaaaaaaaaaaaaaaaaaaaaaaaaaaaaaaaaaaaaaaaaaaaaaaaaaaaaaaaaaaaaaaaaaaaaaaaaaaaaaaaaaaaaaaaaaaaaaaaaaaaaaaaaaaaaaaaaaaaaaaaaaaaaaaaaaaaaaaaaaaaaaaaaaaaaaaaaaaaaaaaaaaaaaaaaaaaaaaaaa'
- "\t" -> **error:** Error: ENOENT: no such file or directory, open '	'
- "-" -> **error:** Error: ENOENT: no such file or directory, open '-'
- "\n" -> **error:** Error: ENOENT: no such file or directory, open '
'
- "\r\n" -> **error:** Error: ENOENT: no such file or directory, open '
'
- "\u0000" -> **error:** TypeError: The argument 'path' must be a string, Uint8Array, or URL without null bytes. Received '\x00'
- "a\u0000b" -> **error:** TypeError: The argument 'path' must be a string, Uint8Array, or URL without null bytes. Received 'a\x00b'
- "\u001b[31m" -> **error:** Error: ENOENT: no such file or directory, open '[31m'
- "é" -> **error:** Error: ENOENT: no such file or directory, open 'é'
- "日本語" -> **error:** Error: ENOENT: no such file or directory, open '日本語'
- "🎉" -> **error:** Error: ENOENT: no such file or directory, open '🎉'
- "true" -> **error:** Error: ENOENT: no such file or directory, open 'true'
- "false" -> **error:** Error: ENOENT: no such file or directory, open 'false'
- "null" -> **error:** Error: ENOENT: no such file or directory, open 'null'
- "0" -> **error:** Error: ENOENT: no such file or directory, open '0'
- "-1" -> **error:** Error: ENOENT: no such file or directory, open '-1'
- "<script>" -> **error:** Error: ENOENT: no such file or directory, open '<script>'
- "'; DROP TABLE" -> **error:** Error: ENOENT: no such file or directory, open ''; DROP TABLE'

### `loadOrDefault`

- "" -> "missing"

### `negotiateLanguage`

- "length", [] -> {"matchedRange":null,"quality":0,"reason":"no-supported",...
- "length", {"length":1} -> **error:** TypeError: supported.map is not a function
- "", ["length"] -> {"matchedRange":null,"quality":1,"reason":"default","sele...
- "no-supported", [] -> {"matchedRange":null,"quality":0,"reason":"no-supported",...
- "", ["no-supported"] -> {"matchedRange":null,"quality":1,"reason":"default","sele...
- "map", [] -> {"matchedRange":null,"quality":0,"reason":"no-supported",...
- "", ["map"] -> {"matchedRange":null,"quality":1,"reason":"default","sele...
- "toLowerCase", [] -> {"matchedRange":null,"quality":0,"reason":"no-supported",...
- "", ["toLowerCase"] -> {"matchedRange":null,"quality":1,"reason":"default","sele...
- "trim", [] -> {"matchedRange":null,"quality":0,"reason":"no-supported",...
- "", ["trim"] -> {"matchedRange":null,"quality":1,"reason":"default","sele...
- "default", [] -> {"matchedRange":null,"quality":0,"reason":"no-supported",...
- "", ["default"] -> {"matchedRange":null,"quality":1,"reason":"default","sele...
- "filter", [] -> {"matchedRange":null,"quality":0,"reason":"no-supported",...
- "", ["filter"] -> {"matchedRange":null,"quality":1,"reason":"default","sele...
- "split", [] -> {"matchedRange":null,"quality":0,"reason":"no-supported",...
- "", ["split"] -> {"matchedRange":null,"quality":1,"reason":"default","sele...
- ",", [] -> {"matchedRange":null,"quality":0,"reason":"no-supported",...
- "", [","] -> {"matchedRange":null,"quality":1,"reason":"default","sele...
- "q", [] -> {"matchedRange":null,"quality":0,"reason":"no-supported",...
- "", ["q"] -> {"matchedRange":null,"quality":1,"reason":"default","sele...
- "tag", [] -> {"matchedRange":null,"quality":0,"reason":"no-supported",...
- "", ["tag"] -> {"matchedRange":null,"quality":1,"reason":"default","sele...
- "*", [] -> {"matchedRange":null,"quality":0,"reason":"no-supported",...
- "", ["*"] -> {"matchedRange":null,"quality":1,"reason":"default","sele...
- "wildcard", [] -> {"matchedRange":null,"quality":0,"reason":"no-supported",...
- "", ["wildcard"] -> {"matchedRange":null,"quality":1,"reason":"default","sele...
- "exact", [] -> {"matchedRange":null,"quality":0,"reason":"no-supported",...
- "", ["exact"] -> {"matchedRange":null,"quality":1,"reason":"default","sele...
- "slice", [] -> {"matchedRange":null,"quality":0,"reason":"no-supported",...
- "", ["slice"] -> {"matchedRange":null,"quality":1,"reason":"default","sele...
- "primary", [] -> {"matchedRange":null,"quality":0,"reason":"no-supported",...
- "", ["primary"] -> {"matchedRange":null,"quality":1,"reason":"default","sele...
- "prefix", [] -> {"matchedRange":null,"quality":0,"reason":"no-supported",...
- "", ["prefix"] -> {"matchedRange":null,"quality":1,"reason":"default","sele...
- "region", [] -> {"matchedRange":null,"quality":0,"reason":"no-supported",...
- "", ["region"] -> {"matchedRange":null,"quality":1,"reason":"default","sele...
- "fallback", [] -> {"matchedRange":null,"quality":0,"reason":"no-supported",...
- "", ["fallback"] -> {"matchedRange":null,"quality":1,"reason":"default","sele...
- "no-match", [] -> {"matchedRange":null,"quality":0,"reason":"no-supported",...
- "", ["no-match"] -> {"matchedRange":null,"quality":1,"reason":"default","sele...
- "", {"length":0} -> {"matchedRange":null,"quality":0,"reason":"no-supported",...
- "no-supported", {"length":1} -> **error:** TypeError: supported.map is not a function
- "map", {"length":1} -> **error:** TypeError: supported.map is not a function
- "toLowerCase", {"length":1} -> **error:** TypeError: supported.map is not a function
- "trim", {"length":1} -> **error:** TypeError: supported.map is not a function
- "default", {"length":1} -> **error:** TypeError: supported.map is not a function
- "filter", {"length":1} -> **error:** TypeError: supported.map is not a function
- "split", {"length":1} -> **error:** TypeError: supported.map is not a function
- ",", {"length":1} -> **error:** TypeError: supported.map is not a function
- "q", {"length":1} -> **error:** TypeError: supported.map is not a function
- "tag", {"length":1} -> **error:** TypeError: supported.map is not a function
- "*", {"length":1} -> **error:** TypeError: supported.map is not a function
- "wildcard", {"length":1} -> **error:** TypeError: supported.map is not a function
- "exact", {"length":1} -> **error:** TypeError: supported.map is not a function
- "slice", {"length":1} -> **error:** TypeError: supported.map is not a function
- "primary", {"length":1} -> **error:** TypeError: supported.map is not a function
- "prefix", {"length":1} -> **error:** TypeError: supported.map is not a function
- "region", {"length":1} -> **error:** TypeError: supported.map is not a function
- "fallback", {"length":1} -> **error:** TypeError: supported.map is not a function
- "no-match", {"length":1} -> **error:** TypeError: supported.map is not a function
- "", {"length":1} -> **error:** TypeError: supported.map is not a function

### `evaluateRobotsPolicy`

- "length", "", "" -> {"allowed":false,"crawlDelay":null,"matchedDirective":nul...
- "", "length", "" -> {"allowed":false,"crawlDelay":null,"matchedDirective":nul...
- "", "", "length" -> {"allowed":false,"crawlDelay":null,"matchedDirective":nul...
- "missing-user-agent", "", "" -> {"allowed":false,"crawlDelay":null,"matchedDirective":nul...
- "", "missing-user-agent", "" -> {"allowed":false,"crawlDelay":null,"matchedDirective":nul...
- "", "", "missing-user-agent" -> {"allowed":false,"crawlDelay":null,"matchedDirective":nul...
- "charAt", "", "" -> {"allowed":false,"crawlDelay":null,"matchedDirective":nul...
- "", "charAt", "" -> {"allowed":false,"crawlDelay":null,"matchedDirective":nul...
- "", "", "charAt" -> {"allowed":false,"crawlDelay":null,"matchedDirective":nul...
- "/", "", "" -> {"allowed":false,"crawlDelay":null,"matchedDirective":nul...
- "", "/", "" -> {"allowed":false,"crawlDelay":null,"matchedDirective":nul...
- "", "", "/" -> {"allowed":false,"crawlDelay":null,"matchedDirective":nul...
- "invalid-path", "", "" -> {"allowed":false,"crawlDelay":null,"matchedDirective":nul...
- "", "invalid-path", "" -> {"allowed":false,"crawlDelay":null,"matchedDirective":nul...
- "", "", "invalid-path" -> {"allowed":false,"crawlDelay":null,"matchedDirective":nul...
- "filter", "", "" -> {"allowed":false,"crawlDelay":null,"matchedDirective":nul...
- "", "filter", "" -> {"allowed":false,"crawlDelay":null,"matchedDirective":nul...
- "", "", "filter" -> {"allowed":false,"crawlDelay":null,"matchedDirective":nul...
- "indexOf", "", "" -> {"allowed":false,"crawlDelay":null,"matchedDirective":nul...
- "", "indexOf", "" -> {"allowed":false,"crawlDelay":null,"matchedDirective":nul...
- "", "", "indexOf" -> {"allowed":false,"crawlDelay":null,"matchedDirective":nul...
- "agents", "", "" -> {"allowed":false,"crawlDelay":null,"matchedDirective":nul...
- "", "agents", "" -> {"allowed":false,"crawlDelay":null,"matchedDirective":nul...
- "", "", "agents" -> {"allowed":false,"crawlDelay":null,"matchedDirective":nul...
- "*", "", "" -> {"allowed":false,"crawlDelay":null,"matchedDirective":nul...
- "", "*", "" -> {"allowed":false,"crawlDelay":null,"matchedDirective":nul...
- "", "", "*" -> {"allowed":false,"crawlDelay":null,"matchedDirective":nul...
- "no-group", "", "" -> {"allowed":false,"crawlDelay":null,"matchedDirective":nul...
- "", "no-group", "" -> {"allowed":false,"crawlDelay":null,"matchedDirective":nul...
- "", "", "no-group" -> {"allowed":false,"crawlDelay":null,"matchedDirective":nul...
- "crawlDelay", "", "" -> {"allowed":false,"crawlDelay":null,"matchedDirective":nul...
- "", "crawlDelay", "" -> {"allowed":false,"crawlDelay":null,"matchedDirective":nul...
- "", "", "crawlDelay" -> {"allowed":false,"crawlDelay":null,"matchedDirective":nul...
- "rules", "", "" -> {"allowed":false,"crawlDelay":null,"matchedDirective":nul...
- "", "rules", "" -> {"allowed":false,"crawlDelay":null,"matchedDirective":nul...
- "", "", "rules" -> {"allowed":false,"crawlDelay":null,"matchedDirective":nul...
- "pattern", "", "" -> {"allowed":false,"crawlDelay":null,"matchedDirective":nul...
- "", "pattern", "" -> {"allowed":false,"crawlDelay":null,"matchedDirective":nul...
- "", "", "pattern" -> {"allowed":false,"crawlDelay":null,"matchedDirective":nul...
- "directive", "", "" -> {"allowed":false,"crawlDelay":null,"matchedDirective":nul...
- "", "directive", "" -> {"allowed":false,"crawlDelay":null,"matchedDirective":nul...
- "", "", "directive" -> {"allowed":false,"crawlDelay":null,"matchedDirective":nul...
- "allow", "", "" -> {"allowed":false,"crawlDelay":null,"matchedDirective":nul...
- "", "allow", "" -> {"allowed":false,"crawlDelay":null,"matchedDirective":nul...
- "", "", "allow" -> {"allowed":false,"crawlDelay":null,"matchedDirective":nul...
- "disallow", "", "" -> {"allowed":false,"crawlDelay":null,"matchedDirective":nul...
- "", "disallow", "" -> {"allowed":false,"crawlDelay":null,"matchedDirective":nul...
- "", "", "disallow" -> {"allowed":false,"crawlDelay":null,"matchedDirective":nul...
- "no-rule", "", "" -> {"allowed":false,"crawlDelay":null,"matchedDirective":nul...
- "", "no-rule", "" -> {"allowed":false,"crawlDelay":null,"matchedDirective":nul...
- "", "", "no-rule" -> {"allowed":false,"crawlDelay":null,"matchedDirective":nul...
- "http", "", "" -> {"allowed":false,"crawlDelay":null,"matchedDirective":nul...
- "@", "", "" -> {"allowed":false,"crawlDelay":null,"matchedDirective":nul...
- "trim", "", "" -> {"allowed":false,"crawlDelay":null,"matchedDirective":nul...
- "text/", "", "" -> {"allowed":false,"crawlDelay":null,"matchedDirective":nul...
- "empty", "", "" -> {"allowed":false,"crawlDelay":null,"matchedDirective":nul...
- "", "avqpckart", "/tmp/data/report.csv" -> {"allowed":true,"crawlDelay":null,"matchedDirective":null...
- "application/json", "", "" -> {"allowed":false,"crawlDelay":null,"matchedDirective":nul...
- "", "", "" -> {"allowed":false,"crawlDelay":null,"matchedDirective":nul...
- " ", "", "" -> {"allowed":false,"crawlDelay":null,"matchedDirective":nul...
- "a", "", "" -> {"allowed":false,"crawlDelay":null,"matchedDirective":nul...
- "ab", "", "" -> {"allowed":false,"crawlDelay":null,"matchedDirective":nul...
- "A", "", "" -> {"allowed":false,"crawlDelay":null,"matchedDirective":nul...
- "single-char", "", "" -> {"allowed":false,"crawlDelay":null,"matchedDirective":nul...
- "-", "", "" -> {"allowed":false,"crawlDelay":null,"matchedDirective":nul...
- "", "0", "/tmp/data/report.csv" -> {"allowed":true,"crawlDelay":null,"matchedDirective":null...
- "aaaaaaaaaaaaaaaaaaaaaaaaaaaaaaaaaaaaaaaaaaaaaaaaaaaaaaaa..., "", "" -> {"allowed":false,"crawlDelay":null,"matchedDirective":nul...
- "\t", "", "" -> {"allowed":false,"crawlDelay":null,"matchedDirective":nul...
- "\n", "", "" -> {"allowed":false,"crawlDelay":null,"matchedDirective":nul...
- "\r\n", "", "" -> {"allowed":false,"crawlDelay":null,"matchedDirective":nul...
- "\u0000", "", "" -> {"allowed":false,"crawlDelay":null,"matchedDirective":nul...
- "", "test", "/tmp/data/report.csv" -> {"allowed":true,"crawlDelay":null,"matchedDirective":null...
- "a\u0000b", "", "" -> {"allowed":false,"crawlDelay":null,"matchedDirective":nul...
- "\u001b[31m", "", "" -> {"allowed":false,"crawlDelay":null,"matchedDirective":nul...
- "é", "", "" -> {"allowed":false,"crawlDelay":null,"matchedDirective":nul...

### `parseDotenv`

- "" -> {"values":{},"warnings":[]}

### `classifySecret`

- {"__complex_type":"buffer","encoding":"base64","value":"/... -> **error:** Error: error:1C80006B:Provider routines::wrong final block length
- {"__complex_type":"buffer","encoding":"base64","value":"S... -> **error:** Error: error:1C80006B:Provider routines::wrong final block length
- {"__complex_type":"buffer","encoding":"base64","value":"A... -> **error:** Error: error:1C80006B:Provider routines::wrong final block length
- {"__complex_type":"buffer","encoding":"base64","value":"A... -> **error:** Error: error:1C80006B:Provider routines::wrong final block length
- {"__complex_type":"buffer","encoding":"base64","value":""} -> **error:** Error: error:1C80006B:Provider routines::wrong final block length

### `encrypt`

- "" -> {"data":[55,213,164,96,215,161,201,83,42,131,236,209,168,...

### `classifyWithChecksum`

- "" -> "empty"

## Skipped (Unsupported)

- `mergeConfig`: param "base" → ConfigObject (interface with no implementors — no concrete implementation visible in scope); param "override" → ConfigObject (interface with no implementors — no concrete implementation visible in scope)
- `transformRecord`: param "record" → RawRecord (interface with no implementors — no concrete implementation visible in scope)


  Wall time: 32.92s



━━━━━━━━━━━━━━━━━━━━━━━━━━━━━━━━━━━━━━━━━━━━━━━━━━
  Step 56/60 · Explore with Side-Effect Capture
  Opt in to rich side-effect recording (console output, global state changes). Disabled by default for throughput.
━━━━━━━━━━━━━━━━━━━━━━━━━━━━━━━━━━━━━━━━━━━━━━━━━━

$ /home/ketan/.local/share/worktrees/shatter/audit-2026-09-22/target/debug/shatter explore --max-iterations 20 --timeout-explore 15 --capture-side-effects /tmp/shatter-examples.e644oibi/standalone/ts/01-arithmetic.ts:classifyNumber

[info] Spawned 1 frontend session(s) for 1 target(s) (16 parallel worker(s))
# Shatter Explore

[info] Found prior explore summary for /tmp/shatter-examples.e644oibi/standalone/ts/01-arithmetic.ts (1 completed, 0 failed)
[info] [resumed] classifyNumber: 3 branches, 0.9s (prior run)
[info] Resumed 1/1 function(s) from prior artifacts for /tmp/shatter-examples.e644oibi/standalone/ts/01-arithmetic.ts
[info] Resumed 1 function(s) from prior explore artifacts
[info] Wrote explore artifact for classifyNumber -> /tmp/shatter-demo-artifacts.lLIgEc/explore-results/tmp_shatter-examples.e644oibi_standalone_ts_01-arithmetic.ts/00010_classifyNumber.json
## `classifyNumber` *(/tmp/shatter-examples.e644oibi/standalone/ts/01-arithmetic.ts:10-21)*

**4 path(s)** · **100%** coverage (7/7 lines)

| # | Call | Outcome |
|---|---|---|
| 1 | `classifyNumber(0)` | returns `"zero"` |
| 2 | `classifyNumber(-1)` | returns `"negative"` |
| 3 | `classifyNumber(1)` | returns `"positive-odd"` |
| 4 | `classifyNumber(2)` | returns `"positive-even"` |


---

**Summary:** 4 path(s) across 1 function(s) · **100%** coverage (7/7 lines)

  Wall time: 0.82s



━━━━━━━━━━━━━━━━━━━━━━━━━━━━━━━━━━━━━━━━━━━━━━━━━━
  Step 57/60 · Properties Export
  Discover and export behavioral properties and invariants as a YAML spec.
━━━━━━━━━━━━━━━━━━━━━━━━━━━━━━━━━━━━━━━━━━━━━━━━━━

$ /home/ketan/.local/share/worktrees/shatter/audit-2026-09-22/target/debug/shatter properties /tmp/shatter-examples.e644oibi/standalone/ts/01-arithmetic.ts:classifyNumber

[info] Exploring /tmp/shatter-examples.e644oibi/standalone/ts/01-arithmetic.ts:classifyNumber for property export...
[info] Exploring classifyNumber...
- version: 1
  file: /tmp/shatter-examples.e644oibi/standalone/ts/01-arithmetic.ts
  functions:
  - function_name: classifyNumber
    location: /tmp/shatter-examples.e644oibi/standalone/ts/01-arithmetic.ts:10-21
    classes:
    - label: Class 1 — returns "zero"
      branch_path:
      - branch_id: 0
        taken: false
      - branch_id: 1
        taken: true
      preconditions:
      - !AllEqual
        param_index: 0
        value: 0
      postcondition:
        kind: returns
        value: zero
      examples:
      - inputs:
        - 0
        return_value: zero
        thrown_error: null
      sample_count: 33
      precondition_provenance: observed
      postcondition_provenance: observed
      invariants:
      - property: input is non-null
        kind: nullability
        confidence: high
      - property: input == 0
        kind: constant_value
        confidence: high
      - property: input >= 0
        kind: numeric_bound
        confidence: high
      - property: output is non-null
        kind: nullability
        confidence: high
      - property: output is non-empty string
        kind: string_constraint
        confidence: high
    - label: Class 2 — returns "negative"
      branch_path:
      - branch_id: 0
        taken: true
      preconditions:
      - !AllEqual
        param_index: 0
        value: -1
      postcondition:
        kind: returns
        value: negative
      examples:
      - inputs:
        - -1
        return_value: negative
        thrown_error: null
      sample_count: 33
      precondition_provenance: observed
      postcondition_provenance: observed
      invariants:
      - property: input is non-null
        kind: nullability
        confidence: high
      - property: input < 0
        kind: numeric_bound
        confidence: high
      - property: input == -1
        kind: constant_value
        confidence: high
      - property: output is non-null
        kind: nullability
        confidence: high
      - property: output is non-empty string
        kind: string_constraint
        confidence: high
    - label: Class 3 — returns "positive-even"
      branch_path:
      - branch_id: 0
        taken: false
      - branch_id: 1
        taken: false
      - branch_id: 2
        taken: true
      preconditions:
      - !AllEqual
        param_index: 0
        value: 2
      postcondition:
        kind: returns
        value: positive-even
      examples:
      - inputs:
        - 2
        return_value: positive-even
        thrown_error: null
      sample_count: 11
      precondition_provenance: observed
      postcondition_provenance: observed
      invariants:
      - property: input is non-null
        kind: nullability
        confidence: high
      - property: input == 2
        kind: constant_value
        confidence: high
      - property: input > 0
        kind: numeric_bound
        confidence: high
      - property: output is non-null
        kind: nullability
        confidence: high
      - property: output is non-empty string
        kind: string_constraint
        confidence: high
    - label: Class 4 — returns "positive-odd"
      branch_path:
      - branch_id: 0
        taken: false
      - branch_id: 1
        taken: false
      - branch_id: 2
        taken: false
      preconditions:
      - !AllEqual
        param_index: 0
        value: 1
      postcondition:
        kind: returns
        value: positive-odd
      examples:
      - inputs:
        - 1
        return_value: positive-odd
        thrown_error: null
      sample_count: 23
      precondition_provenance: observed
      postcondition_provenance: observed
      invariants:
      - property: input is non-null
        kind: nullability
        confidence: high
      - property: input == 1
        kind: constant_value
        confidence: high
      - property: input > 0
        kind: numeric_bound
        confidence: high
      - property: output is non-null
        kind: nullability
        confidence: high
      - property: output is non-empty string
        kind: string_constraint
        confidence: high
    iterations: 100
    lines_covered: 7
    total_lines: 7
    invariants:
    - property: input is non-null
      kind: nullability
      confidence: high
    - property: output is non-null
      kind: nullability
      confidence: high
    - property: output is non-empty string
      kind: string_constraint
      confidence: high

  Wall time: 3.45s



━━━━━━━━━━━━━━━━━━━━━━━━━━━━━━━━━━━━━━━━━━━━━━━━━━
  Step 58/60 · Nondeterminism Review
  Review nondeterminism candidates from the most recent scan (non-interactive: no stdin)
━━━━━━━━━━━━━━━━━━━━━━━━━━━━━━━━━━━━━━━━━━━━━━━━━━

$ bash -c /home/ketan/.local/share/worktrees/shatter/audit-2026-09-22/target/debug/shatter nondeterminism review --cache-dir '/home/ketan/.cache/shatter-demo/cache' </dev/null; echo '(exit 0 expected: no nondeterminism candidates in standalone arithmetic scan)'

No new nondeterminism candidates to review. All detected fields are already in .shatter/config.yaml.
(exit 0 expected: no nondeterminism candidates in standalone arithmetic scan)

  Wall time: 1.13s



━━━━━━━━━━━━━━━━━━━━━━━━━━━━━━━━━━━━━━━━━━━━━━━━━━
  Step 59/60 · Benchmark Run (Smoke)
  Run the benchmark harness on the smoke tier with 1 repeat, 0 warmups.
━━━━━━━━━━━━━━━━━━━━━━━━━━━━━━━━━━━━━━━━━━━━━━━━━━

$ /home/ketan/.local/share/worktrees/shatter/audit-2026-09-22/target/debug/shatter bench --manifest /tmp/shatter-bench-manifest.6leslB.json --tier smoke --repeats 1 --warmups 0

Benchmark: tier=smoke, targets=3, warmups=0, repeats=1, max_iterations=20
[1/3] /tmp/shatter-examples.e644oibi/standalone/go/01-arithmetic.go:ClassifyNumber
  measure 0: 403ms, 4 paths
[2/3] /tmp/shatter-examples.e644oibi/standalone/rust/01_arithmetic.rs:classify_number
  measure 0: 572ms, 4 paths
[3/3] /tmp/shatter-examples.e644oibi/standalone/ts/01-arithmetic.ts:classifyNumber
  measure 0: 383ms, 4 paths
{
  "schema_version": 1,
  "bundle_id": "843e33e8-f769-4db6-8d53-714aeea0c643",
  "started_at_unix_ms": 1790103221252,
  "finished_at_unix_ms": 1790103222919,
  "manifest_path": "/tmp/shatter-bench-manifest.6leslB.json",
  "tier": "smoke",
  "repeats": 1,
  "warmups": 0,
  "max_iterations": 20,
  "git_commit": "9516036d4fb77c7422ecace495633d142432a9f0",
  "scenarios": [
    {
      "target": "/tmp/shatter-examples.e644oibi/standalone/go/01-arithmetic.go:ClassifyNumber",
      "language": "go",
      "runs": [
        {
          "sequence": 0,
          "is_warmup": false,
          "duration_ms": 402.80350799999997,
          "iterations": 20,
          "unique_paths": 4,
          "exit_ok": true
        }
      ],
      "stats": {
        "measured_count": 1,
        "duration_ms": {
          "min": 402.80350799999997,
          "max": 402.80350799999997,
          "mean": 402.80350799999997,
          "median": 402.80350799999997
        },
        "iterations": {
          "min": 20.0,
          "max": 20.0,
          "mean": 20.0,
          "median": 20.0
        },
        "unique_paths": {
          "min": 4.0,
          "max": 4.0,
          "mean": 4.0,
          "median": 4.0
        }
      }
    },
    {
      "target": "/tmp/shatter-examples.e644oibi/standalone/rust/01_arithmetic.rs:classify_number",
      "language": "rust",
      "runs": [
        {
          "sequence": 0,
          "is_warmup": false,
          "duration_ms": 572.293855,
          "iterations": 20,
          "unique_paths": 4,
          "exit_ok": true
        }
      ],
      "stats": {
        "measured_count": 1,
        "duration_ms": {
          "min": 572.293855,
          "max": 572.293855,
          "mean": 572.293855,
          "median": 572.293855
        },
        "iterations": {
          "min": 20.0,
          "max": 20.0,
          "mean": 20.0,
          "median": 20.0
        },
        "unique_paths": {
          "min": 4.0,
          "max": 4.0,
          "mean": 4.0,
          "median": 4.0
        }
      }
    },
    {
      "target": "/tmp/shatter-examples.e644oibi/standalone/ts/01-arithmetic.ts:classifyNumber",
      "language": "typescript",
      "runs": [
        {
          "sequence": 0,
          "is_warmup": false,
          "duration_ms": 383.149348,
          "iterations": 20,
          "unique_paths": 4,
          "exit_ok": true
        }
      ],
      "stats": {
        "measured_count": 1,
        "duration_ms": {
          "min": 383.149348,
          "max": 383.149348,
          "mean": 383.149348,
          "median": 383.149348
        },
        "iterations": {
          "min": 20.0,
          "max": 20.0,
          "mean": 20.0,
          "median": 20.0
        },
        "unique_paths": {
          "min": 4.0,
          "max": 4.0,
          "mean": 4.0,
          "median": 4.0
        }
      }
    }
  ]
}

--- Benchmark Summary ---
Tier: smoke, Targets: 3, Warmups: 0, Repeats: 1
Total wall time: 1.7s

  /tmp/shatter-examples.e644oibi/standalone/go/01-arithmetic.go:ClassifyNumber median=403ms  paths=4
  /tmp/shatter-examples.e644oibi/standalone/rust/01_arithmetic.rs:classify_number median=572ms  paths=4
  /tmp/shatter-examples.e644oibi/standalone/ts/01-arithmetic.ts:classifyNumber median=383ms  paths=4

  Wall time: 1.99s



━━━━━━━━━━━━━━━━━━━━━━━━━━━━━━━━━━━━━━━━━━━━━━━━━━
  Step 60/60 · Cache Clear
  Clear all on-disk caches (analysis + results). Reports file count and bytes freed.
━━━━━━━━━━━━━━━━━━━━━━━━━━━━━━━━━━━━━━━━━━━━━━━━━━

$ env SHATTER_CACHE_DIR=/tmp/shatter-gauntlet-tmp.hsPGAN/cache-clear SHATTER_SEEDS_DIR=/tmp/shatter-gauntlet-tmp.hsPGAN/cache-clear/seeds /home/ketan/.local/share/worktrees/shatter/audit-2026-09-22/target/debug/shatter --color never cache clear

Analysis cache cleared: 0 files, 0 B freed
Results cache cleared: 8 files, 12.9 KB freed

  Wall time: 0.27s



━━━━━━━━━━━━━━━━━━━━━━━━━━━━━━━━━━━━━━━━━━━━━━━━━━
  Gauntlet wall time: 5m 11.95s
━━━━━━━━━━━━━━━━━━━━━━━━━━━━━━━━━━━━━━━━━━━━━━━━━━

━━━━━━━━━━━━━━━━━━━━━━━━━━━━━━━━━━━━━━━━━━━━━━━━━━
  HTML reports written to: /tmp/shatter-gauntlet.hiIR2x/
    explore-concolic.html
    explore-go.html
    explore.html
    explore-html.html
    explore-rust.html
    scan.html
    scan-html.html
━━━━━━━━━━━━━━━━━━━━━━━━━━━━━━━━━━━━━━━━━━━━━━━━━━
Gauntlet complete. All steps passed.
### gate=gauntlet exit=0 wall=314s end=2026-09-22T13:53:43-05:00 load=8.88 17.19 37.28
